Timestamp,EX1_FAN_IN_RH_ITL_ETL,EX1_FAN_IN_TEMP_ITL_ETL,EX1_FAN_OUT_RH_ITL_ETL,EX1_FAN_OUT_TEMP_ITL_ETL,FA1_FAN_IN_RH_ITL_ETL,FA1_FAN_IN_TEMP_ITL_ETL,FA1_FAN_OUT_RH_ITL_ETL,FA1_FAN_OUT_TEMP_ITL_ETL,class
21-03-2018 10:00:00,52.52,25.69,53.16,26.84,49.04,26.75,52.47,26.1,6
21-03-2018 09:59:00,52.55,25.67,53.07,26.83,48.87,26.72,52.47,26.1,6
21-03-2018 09:58:00,52.58,25.67,52.98,26.81,48.8,26.74,52.47,26.1,6
21-03-2018 09:57:00,52.58,25.69,52.89,26.84,48.73,26.74,52.47,26.12,6
21-03-2018 09:56:00,52.61,25.7,52.83,26.83,48.63,26.76,52.47,26.11,6
21-03-2018 09:55:00,52.64,25.68,52.78,26.87,48.57,26.8,52.47,26.13,6
21-03-2018 09:54:00,52.67,25.69,52.65,26.87,48.57,26.84,52.47,26.14,6
21-03-2018 09:53:00,52.67,25.7,52.72,26.86,48.53,26.88,52.44,26.15,6
21-03-2018 09:52:00,52.67,25.67,52.51,26.87,48.5,26.9,52.44,26.16,6
21-03-2018 09:51:00,52.64,25.67,52.72,26.89,48.41,26.8,52.44,26.16,6
21-03-2018 09:50:00,52.64,25.69,52.74,26.91,48.47,26.82,52.41,26.16,6
21-03-2018 09:49:00,52.64,25.73,52.74,26.9,48.5,26.81,52.41,26.18,6
21-03-2018 09:48:00,52.64,25.73,52.72,26.93,48.4,26.84,52.38,26.2,6
21-03-2018 09:47:00,52.64,25.74,52.72,26.93,48.43,26.87,52.38,26.21,6
21-03-2018 09:46:00,52.64,25.75,52.72,26.98,48.53,26.89,52.36,26.24,6
21-03-2018 09:45:00,52.64,25.74,52.62,26.96,48.43,26.92,52.36,26.22,6
21-03-2018 09:44:00,52.64,25.75,52.48,26.97,48.26,26.91,52.36,26.25,6
21-03-2018 09:43:00,52.64,25.76,52.42,26.99,48.23,26.97,52.36,26.25,6
21-03-2018 09:42:00,52.67,25.8,52.27,27.03,48.13,26.97,52.33,26.26,6
21-03-2018 09:41:00,52.67,25.81,52.15,27.04,47.92,26.97,52.35,26.27,6
21-03-2018 09:40:00,52.7,25.83,52.04,27.09,47.79,27.01,52.35,26.28,6
21-03-2018 09:39:00,52.72,25.82,51.98,27.11,47.7,27.03,52.35,26.3,6
21-03-2018 09:38:00,52.75,25.83,51.85,27.13,47.49,27.02,52.35,26.32,6
21-03-2018 09:37:00,52.72,25.83,51.83,27.16,47.39,27.08,52.32,26.33,6
21-03-2018 09:36:00,52.78,25.89,51.83,27.2,47.39,27.13,52.32,26.36,6
21-03-2018 09:35:00,52.85,25.88,51.8,27.19,47.36,27.12,52.32,26.36,6
21-03-2018 09:34:00,52.85,25.89,51.82,27.25,47.38,27.2,52.35,26.39,6
21-03-2018 09:33:00,52.93,25.89,51.77,27.27,47.41,27.31,52.32,26.42,6
21-03-2018 09:32:00,52.96,25.93,51.74,27.31,47.41,27.31,52.35,26.43,6
21-03-2018 09:31:00,53.05,25.87,51.8,27.27,47.46,27.31,52.35,26.42,6
21-03-2018 09:30:00,53.05,25.87,51.71,27.23,47.43,27.22,52.35,26.41,6
21-03-2018 09:29:00,53.11,25.84,51.62,27.2,47.32,27.13,52.35,26.4,6
21-03-2018 09:28:00,53.2,25.84,51.62,27.22,47.29,27.09,52.38,26.36,6
21-03-2018 09:27:00,53.26,25.81,51.5,27.11,47.22,26.96,52.35,26.34,6
21-03-2018 09:26:00,53.29,25.78,51.42,27.12,47.19,26.97,52.35,26.33,6
21-03-2018 09:25:00,53.29,25.79,51.36,27.11,47.12,26.97,52.35,26.37,6
21-03-2018 09:24:00,53.31,25.82,51.33,27.11,47.05,26.98,52.35,26.39,6
21-03-2018 09:23:00,53.34,25.83,51.36,27.12,47.12,27,52.32,26.4,6
21-03-2018 09:22:00,53.37,25.83,51.3,27.11,47.05,26.96,52.29,26.38,6
21-03-2018 09:21:00,53.4,25.83,51.35,27.15,47.12,27,52.29,26.42,6
21-03-2018 09:20:00,53.46,25.85,51.35,27.21,47.16,27.03,52.26,26.44,6
21-03-2018 09:19:00,53.52,25.83,51.21,27.17,47.12,26.96,52.23,26.44,6
21-03-2018 09:18:00,53.52,25.85,51.24,27.17,47.02,26.98,52.23,26.46,6
21-03-2018 09:17:00,53.52,25.87,51.24,27.21,47.05,27.01,52.2,26.52,6
21-03-2018 09:16:00,53.55,25.87,51.3,27.25,47.26,27.08,52.2,26.52,6
21-03-2018 09:15:00,53.61,25.83,51.41,27.19,47.29,27,52.14,26.42,6
21-03-2018 09:14:00,53.64,25.81,51.53,27.14,47.46,26.95,52.11,26.41,6
21-03-2018 09:13:00,53.64,25.79,51.5,27.15,47.46,26.91,52.08,26.42,6
21-03-2018 09:12:00,53.67,25.83,51.56,27.16,47.49,26.93,52.05,26.43,6
21-03-2018 09:11:00,53.7,25.78,51.56,27.14,47.49,26.94,52,26.46,6
21-03-2018 09:10:00,53.7,25.83,51.71,27.16,47.7,26.89,51.97,26.48,6
21-03-2018 09:09:00,53.72,25.81,51.95,27.18,48.03,26.91,51.97,26.49,6
21-03-2018 09:08:00,53.75,25.78,51.88,27.2,48.09,26.87,51.91,26.47,6
21-03-2018 09:07:00,53.75,25.79,51.91,27.19,48.06,26.85,51.88,26.47,6
21-03-2018 09:06:00,53.78,25.81,51.98,27.21,48.23,26.9,51.85,26.49,6
21-03-2018 09:05:00,53.78,25.76,51.88,27.2,48.63,26.83,51.82,26.45,6
21-03-2018 09:04:00,53.78,25.76,51.88,27.26,48.57,26.85,51.79,26.47,6
21-03-2018 09:03:00,53.81,25.75,51.88,27.27,48.33,26.84,51.79,26.49,6
21-03-2018 09:02:00,53.78,25.79,51.73,27.28,48.14,26.87,51.75,26.49,6
21-03-2018 09:01:00,53.78,25.75,51.67,27.31,47.83,26.87,51.72,26.51,6
21-03-2018 09:00:00,53.78,25.77,51.79,27.31,47.66,26.86,51.7,26.51,6
21-03-2018 08:59:00,53.78,25.78,51.79,27.31,47.73,26.85,51.64,26.51,6
21-03-2018 08:58:00,53.75,25.78,51.97,27.33,48.03,26.82,51.61,26.52,6
21-03-2018 08:57:00,53.75,25.76,52.09,27.29,48.17,26.85,51.58,26.52,6
21-03-2018 08:56:00,53.78,25.77,52.09,27.35,48.26,26.86,51.55,26.56,6
21-03-2018 08:55:00,53.78,25.8,52.14,27.36,48.5,26.87,51.5,26.55,6
21-03-2018 08:54:00,53.78,25.8,52.2,27.38,48.63,26.87,51.46,26.58,6
21-03-2018 08:53:00,53.75,25.8,52.24,27.39,48.97,26.86,51.4,26.56,6
21-03-2018 08:52:00,53.75,25.75,52.14,27.4,49.17,26.89,51.37,26.57,6
21-03-2018 08:51:00,53.78,25.78,52,27.41,49.2,26.89,51.34,26.59,6
21-03-2018 08:50:00,53.78,25.81,52.03,27.38,49.07,26.9,51.29,26.62,6
21-03-2018 08:49:00,53.78,25.81,51.91,27.46,48.97,26.93,51.23,26.63,6
21-03-2018 08:48:00,53.78,25.79,52.03,27.5,48.83,26.95,51.23,26.63,6
21-03-2018 08:47:00,53.78,25.81,51.85,27.48,48.79,26.96,51.17,26.63,6
21-03-2018 08:46:00,53.75,25.8,51.64,27.52,48.73,26.98,51.11,26.65,6
21-03-2018 08:45:00,53.75,25.77,51.58,27.54,48.62,26.98,51.04,26.65,6
21-03-2018 08:44:00,53.75,25.81,51.5,27.56,48.46,26.99,50.97,26.67,6
21-03-2018 08:43:00,53.75,25.81,51.43,27.57,48.28,27.02,50.94,26.69,6
21-03-2018 08:42:00,53.75,25.81,51.4,27.6,48.05,27.04,50.87,26.73,6
21-03-2018 08:41:00,53.75,25.82,51.37,27.64,47.89,27.08,50.8,26.73,6
21-03-2018 08:40:00,53.75,25.81,51.34,27.66,47.89,27.09,50.74,26.75,6
21-03-2018 08:39:00,53.75,25.82,51.29,27.68,47.85,27.11,50.7,26.76,6
21-03-2018 08:38:00,53.73,25.83,51.29,27.7,47.79,27.09,50.6,26.76,6
21-03-2018 08:37:00,53.73,25.85,51.26,27.71,47.72,27.11,50.53,26.79,6
21-03-2018 08:36:00,53.73,25.83,51.23,27.73,47.55,27.12,50.5,26.8,6
21-03-2018 08:35:00,53.73,25.83,51.2,27.77,47.52,27.11,50.43,26.82,6
21-03-2018 08:34:00,53.73,25.86,51.16,27.78,47.48,27.13,50.4,26.85,6
21-03-2018 08:33:00,53.73,25.84,51.13,27.79,47.41,27.13,50.33,26.86,6
21-03-2018 08:32:00,53.73,25.85,51.09,27.82,47.34,27.16,50.23,26.88,6
21-03-2018 08:31:00,53.73,25.85,51.06,27.81,47.28,27.14,50.16,26.89,6
21-03-2018 08:30:00,53.73,25.9,51.03,27.89,47.21,27.19,50.13,26.91,6
21-03-2018 08:29:00,53.73,25.87,50.99,27.88,47.18,27.19,50.06,26.92,6
21-03-2018 08:28:00,53.7,25.87,50.99,27.91,47.11,27.22,49.99,26.95,6
21-03-2018 08:27:00,53.67,25.87,50.96,27.91,47.01,27.2,49.95,26.95,6
21-03-2018 08:26:00,53.67,25.89,50.96,27.94,46.91,27.24,49.89,26.98,6
21-03-2018 08:25:00,53.67,25.92,50.95,27.98,46.88,27.26,49.82,26.99,6
21-03-2018 08:24:00,53.64,25.91,50.95,27.99,46.77,27.26,49.75,27,6
21-03-2018 08:23:00,53.61,25.91,50.98,28,46.76,27.29,49.72,27.05,6
21-03-2018 08:22:00,53.61,25.92,50.98,28.03,46.7,27.31,49.65,27.04,6
21-03-2018 08:21:00,53.55,25.92,51.05,28.04,46.67,27.32,49.55,27.07,6
21-03-2018 08:20:00,53.52,25.9,51.12,28.04,46.67,27.32,49.48,27.09,6
21-03-2018 08:19:00,53.49,25.9,51.15,28.07,46.76,27.36,49.38,27.1,6
21-03-2018 08:18:00,53.46,25.91,51.22,28.1,46.83,27.4,49.4,27.12,6
21-03-2018 08:17:00,53.46,25.93,51.31,28.12,46.83,27.42,49.37,27.13,6
21-03-2018 08:16:00,53.43,25.91,51.34,28.19,46.89,27.42,49.31,27.15,6
21-03-2018 07:30:00,52.69,26.01,47.65,30.17,42.44,30.21,50.16,28.45,1
21-03-2018 07:29:00,52.72,25.74,47.58,29.4,42.3,30.18,50.16,28.3,1
21-03-2018 07:28:00,52.69,25.88,47.38,29.44,42,30.28,49.99,28.22,1
21-03-2018 07:27:00,52.64,25.53,47.21,29.66,41.79,30.29,49.93,28.27,1
21-03-2018 07:26:00,52.82,25.65,47.25,30.1,41.68,30.45,50.04,28.36,1
21-03-2018 07:25:00,52.96,25.61,47.34,30.16,41.75,30.44,50.17,28.32,1
21-03-2018 07:24:00,53.08,25.59,47.31,29.85,41.52,30.35,50.24,27.98,1
21-03-2018 07:23:00,53.17,25.55,47.31,29.66,41.45,30.22,50.27,28.3,1
21-03-2018 07:22:00,53.29,25.66,47.25,29.73,41.38,30.43,50.27,28.27,1
21-03-2018 07:21:00,53.49,25.62,47.41,29.71,41.52,30.35,50.48,27.96,1
21-03-2018 07:20:00,53.91,25.32,47.7,29.77,41.79,30.21,50.85,27.9,1
21-03-2018 07:19:00,54.14,25.22,47.83,29.81,41.85,30.42,51.05,27.73,1
21-03-2018 07:18:00,54.49,24.94,47.96,29.32,41.97,30.12,51.3,27.8,1
21-03-2018 07:17:00,54.87,24.69,48.03,29.96,41.79,30.31,51.47,27.53,1
21-03-2018 07:16:00,55.11,24.81,47.83,29.6,41.35,30.38,51.51,27.71,1
21-03-2018 07:15:00,55.49,24.59,47.97,29.39,41.49,30.26,51.83,27.55,1
21-03-2018 07:14:00,56.26,24.14,48.28,29.55,41.52,30.43,52.28,27.32,1
21-03-2018 07:13:00,57.07,24.15,48.62,29.18,41.68,30.38,52.82,27.19,1
21-03-2018 07:12:00,57.8,23.67,48.82,29.16,41.82,30.44,53.2,26.93,1
21-03-2018 07:11:00,58.53,23.39,49.2,29.37,42.09,30.32,53.74,26.61,1
21-03-2018 07:10:00,59.78,22.98,49.44,28.72,42.09,30.27,54.33,26.19,1
21-03-2018 07:09:00,62,21.79,49.56,28.59,42.03,30.51,54.97,25.63,1
21-03-2018 07:08:00,62.08,21.03,49.45,28.37,42.32,30.45,54.83,25.7,1
21-03-2018 07:07:00,60.54,21.14,49.25,29.29,42.84,30.48,54.18,25.69,1
21-03-2018 07:06:00,58.51,21.41,48.75,28.62,42.9,30.4,53.18,25.82,1
21-03-2018 07:05:00,55.93,21.33,48.01,28.83,42.91,30.02,51.95,25.99,1
21-03-2018 07:04:00,54.18,21.77,47.49,28.53,42.77,30.37,51.17,26.25,1
21-03-2018 07:03:00,53.86,21.71,47.38,29.11,42.67,30.24,50.87,26.58,1
21-03-2018 07:02:00,53.53,22.56,47.31,29.17,42.5,30.3,50.62,26.74,1
21-03-2018 07:01:00,53.42,23.03,47.3,29.55,42.43,30.37,50.4,27.22,1
21-03-2018 07:00:00,-6,23.57,47.3,29.54,42.36,30.31,50.22,27.47,1
21-03-2018 06:59:00,52.91,24.43,47.25,29.92,42.36,30.03,49.91,27.96,1
21-03-2018 06:58:00,52.58,25.17,47.1,29.72,42.03,30.25,49.59,28.31,1
21-03-2018 06:57:00,51.82,25.86,47.13,30.08,42.16,30.38,49.4,28.59,1
21-03-2018 06:56:00,51.69,26.44,47.22,30.15,42.09,30.4,49.4,28.75,1
21-03-2018 06:55:00,51.63,26.26,47.13,29.81,41.96,30.24,49.34,28.73,1
21-03-2018 06:54:00,51.57,26.5,47.09,30.49,41.85,30.2,49.27,28.66,1
21-03-2018 06:53:00,51.43,26.5,46.89,30.53,41.67,30.8,49.1,28.81,1
21-03-2018 06:52:00,51.51,26.29,47.02,29.97,41.81,30.42,49.2,28.74,1
21-03-2018 06:51:00,51.63,26.17,47.05,30.13,41.75,30.35,49.27,28.84,1
21-03-2018 06:50:00,51.6,26.07,47.09,30.2,41.79,30.48,49.27,28.93,1
21-03-2018 06:49:00,51.51,26.57,46.99,30.36,41.52,30.14,49.14,28.85,1
21-03-2018 06:48:00,51.46,26.33,46.83,30.02,41.47,30.43,49,28.86,1
21-03-2018 06:47:00,51.48,26.21,46.89,30.09,41.54,30.35,49.07,28.86,1
21-03-2018 06:46:00,51.51,26.19,47.05,30.17,41.67,30.39,49.14,28.78,1
21-03-2018 06:45:00,51.54,26.32,46.96,29.71,41.43,30.62,49.1,28.79,1
21-03-2018 06:44:00,51.57,26.07,47.06,30.19,41.62,30.3,49.16,28.7,1
21-03-2018 06:43:00,51.6,26.5,47.02,30.02,41.57,30.49,49.06,28.82,1
21-03-2018 06:42:00,51.51,26.29,46.79,29.96,41.16,30.48,48.86,28.67,1
21-03-2018 06:41:00,51.42,26.44,46.93,30.08,41.33,30.55,48.92,29.19,1
21-03-2018 06:40:00,51.48,26.64,47.09,30.26,41.33,30.45,48.95,29,1
21-03-2018 06:39:00,51.51,26.78,47.1,29.96,41.33,30.43,48.92,28.92,1
21-03-2018 06:38:00,51.51,26.67,47.24,30.25,41.33,30.5,48.85,28.91,1
21-03-2018 06:32:00,52.25,26.33,50.9,27.86,41.12,30.52,46.47,30.83,2
21-03-2018 06:31:00,52.49,26.21,51.17,27.5,40.88,30.66,46.31,30.89,2
21-03-2018 06:30:00,52.96,25.83,51.55,27.57,40.81,30.98,46.44,30.79,2
21-03-2018 06:29:00,53.88,25.83,52.29,27.14,41.05,30.69,46.72,30.72,2
21-03-2018 06:28:00,54.64,25.22,52.94,27.07,40.98,30.59,46.83,30.49,2
21-03-2018 06:27:00,55.7,24.67,53.9,26.17,40.95,30.61,46.97,30.23,2
21-03-2018 06:26:00,57.22,24.14,55.1,25.77,41.05,30.77,47.18,30.12,2
21-03-2018 06:25:00,60.51,22.69,57.31,24.34,41.08,30.67,47.25,30.09,2
21-03-2018 06:24:00,63.46,21.49,57.93,24.46,40.67,30.99,47.03,30.25,2
21-03-2018 06:23:00,61.65,21.47,56.58,24.5,40.84,31.01,47.03,30.17,2
21-03-2018 06:22:00,59.91,21.33,55.2,24.6,40.94,30.74,46.83,30.39,2
21-03-2018 06:21:00,57.44,21.12,53.35,24.46,41,30.67,46.6,30.54,2
21-03-2018 06:20:00,55.14,21.88,51.73,24.96,40.91,30.95,46.31,30.42,2
21-03-2018 06:19:00,54.36,22.23,51.23,25.18,40.84,31.02,46.08,30.46,2
21-03-2018 06:18:00,53.56,22.73,50.52,25.91,40.29,30.89,45.6,30.5,2
21-03-2018 06:17:00,52.89,23,49.94,26.04,40.29,30.94,45.56,30.78,2
21-03-2018 06:16:00,52.13,23.64,49.4,26.35,40.59,31.18,45.62,30.67,2
21-03-2018 06:15:00,51.36,24.41,48.85,26.84,40.83,30.93,45.71,30.84,2
21-03-2018 06:14:00,50.49,25.45,48.21,27.46,40.72,31.05,45.64,31.03,2
21-03-2018 06:13:00,49.65,26.35,47.77,28.74,40.58,31.07,45.43,31.23,2
21-03-2018 06:12:00,48.67,27.53,47.41,29.17,40.68,31.11,45.52,31.37,2
21-03-2018 06:11:00,49,28,47.75,28.85,40.64,31.12,45.56,31.28,2
21-03-2018 06:10:00,49.04,27.91,47.81,29.49,40.61,31.07,45.56,31.45,2
21-03-2018 06:09:00,48.9,27.8,47.77,29.05,40.54,31.26,45.45,31.26,2
21-03-2018 06:08:00,48.97,27.67,47.71,29.28,40.51,31.2,45.42,31.32,2
21-03-2018 06:07:00,48.76,27.76,47.57,29.07,40.26,31.37,45.21,31.63,2
21-03-2018 06:06:00,48.7,27.82,47.5,29.25,39.98,31.51,45.07,31.31,2
21-03-2018 06:05:00,48.8,27.79,47.64,29.06,40.19,31.3,45.21,31.52,2
21-03-2018 06:04:00,48.83,27.92,47.67,29.29,40.26,31.21,45.21,31.44,2
21-03-2018 06:03:00,48.87,27.67,47.64,29.18,40.12,31.58,45.11,31.53,2
21-03-2018 06:02:00,48.73,27.72,47.57,29.58,39.88,31.36,44.97,31.64,2
21-03-2018 06:01:00,48.9,27.73,47.6,29.3,39.74,31.53,44.93,31.65,2
21-03-2018 06:00:00,48.9,27.95,47.6,29.28,39.97,31.42,45.03,31.77,2
21-03-2018 05:59:00,48.87,27.69,47.6,29.52,39.81,31.67,44.93,31.6,2
21-03-2018 05:58:00,48.9,27.71,47.64,29.51,39.77,31.44,44.96,31.56,2
21-03-2018 05:57:00,48.9,27.67,47.67,29.33,40.07,31.25,45.04,31.68,2
21-03-2018 05:56:00,48.9,27.63,47.6,28.97,39.7,31.52,44.79,31.65,2
21-03-2018 05:55:00,48.9,27.48,47.64,29.33,39.74,31.6,44.86,31.64,2
21-03-2018 05:54:00,49.11,27.81,47.88,29.38,39.84,31.81,44.96,31.85,2
21-03-2018 05:53:00,49.27,27.77,48.05,29.56,40.07,31.7,45.19,31.73,2
21-03-2018 05:52:00,49.34,27.78,48.05,29.3,40.1,31.56,45.3,31.58,2
21-03-2018 05:51:00,49.37,27.96,48.01,29.3,40.1,31.71,45.16,31.83,2
21-03-2018 05:50:00,49.27,27.39,47.98,29.41,40,31.7,45.06,32.04,2
21-03-2018 05:49:00,49.34,27.44,48.01,29.11,39.93,31.82,45.09,31.83,2
21-03-2018 05:48:00,49.34,27.66,48.02,29.37,39.86,31.77,45.03,31.54,2
21-03-2018 05:47:00,49.27,27.63,47.99,29.4,39.79,31.65,44.96,31.76,2
21-03-2018 05:46:00,49.55,27.29,48.15,29.02,39.76,31.69,44.99,31.73,2
21-03-2018 05:45:00,49.34,27.58,48.02,28.93,39.49,31.8,44.76,31.96,2
21-03-2018 05:44:00,49.58,27.56,48.22,28.98,39.68,32.12,44.92,31.84,2
21-03-2018 05:43:00,49.75,27.39,48.42,28.74,39.91,31.79,45.09,31.98,2
21-03-2018 05:42:00,49.79,27.69,48.4,29.23,39.9,31.76,45.09,31.89,2
21-03-2018 05:41:00,49.82,27.41,48.5,28.91,39.68,31.71,44.96,31.86,2
21-03-2018 05:40:00,49.92,27.3,48.5,28.96,39.71,31.67,44.93,31.83,2
21-03-2018 05:39:00,49.89,27.19,48.44,28.92,39.44,31.99,44.69,31.68,2
21-03-2018 05:38:00,50.1,27.23,48.71,28.49,39.47,31.79,44.79,31.85,2
21-03-2018 05:37:00,50.54,26.72,49.09,28.85,39.78,31.92,45.09,31.71,2
21-03-2018 05:36:00,50.84,27.01,49.3,28.64,39.68,32.01,45.06,31.81,2
21-03-2018 05:35:00,51.02,26.48,49.44,28.74,39.51,31.79,44.99,31.78,2
21-03-2018 05:34:00,51.48,26.57,49.82,28.14,39.44,31.77,44.99,31.67,2
21-03-2018 05:33:00,51.81,26.56,50.16,27.87,39.44,32.05,44.99,31.71,2
21-03-2018 05:32:00,52.55,26.27,50.78,27.69,39.54,31.94,45.13,31.64,2
21-03-2018 05:31:00,53.11,25.47,51.2,27.27,39.4,32.04,45.09,31.63,2
21-03-2018 05:30:00,54.11,25.13,51.74,26.71,39.44,31.78,45.17,31.68,2
21-03-2018 05:24:00,47.98,24.7,44.77,32.41,39.09,32.09,44.25,31.65,5
21-03-2018 05:23:00,47.56,25.22,44.7,32.03,38.95,32.06,44.13,31.91,5
21-03-2018 05:22:00,47.25,26.17,44.74,32.35,38.98,31.85,44,32.04,5
21-03-2018 05:21:00,47.12,26.46,44.6,32.76,38.73,32.27,43.96,32.05,5
21-03-2018 05:20:00,47.27,26.98,44.8,32.68,38.92,32.13,44.13,31.93,5
21-03-2018 05:19:00,47.71,27.36,44.8,32.3,39.09,31.84,44.27,32.16,5
21-03-2018 05:18:00,48.44,28.85,44.8,32.22,38.98,31.78,44.33,32.06,5
21-03-2018 05:17:00,48.33,28.45,44.67,32.44,38.88,31.99,44.22,32.14,5
21-03-2018 05:16:00,48.47,28.57,44.63,32.11,38.73,32.12,44.16,32.17,5
21-03-2018 05:15:00,48.85,28.53,44.74,32.39,38.98,32.1,44.33,32.09,5
21-03-2018 05:14:00,48.99,28.32,44.87,32.16,39.12,31.95,44.43,32.18,5
21-03-2018 05:13:00,49.08,28.53,44.77,32.12,38.94,31.98,44.39,32.3,5
21-03-2018 05:12:00,49.19,28.24,44.7,32.04,38.92,32.21,44.39,32.11,5
21-03-2018 05:11:00,49.15,28.34,44.77,32.02,39.12,31.96,44.29,32.09,5
21-03-2018 05:10:00,49.7,27.99,44.79,32.24,38.87,32.26,44.36,32.21,5
21-03-2018 05:09:00,50.05,27.86,44.86,32.53,38.91,32.35,44.53,32.16,5
21-03-2018 05:08:00,50.31,28,44.79,32.59,39.04,32.26,44.6,32.23,5
21-03-2018 05:07:00,50.69,27.89,44.83,32.56,39.03,32.29,44.67,32.18,5
21-03-2018 05:06:00,50.9,27.72,44.96,32.95,39.17,32.29,44.83,32.12,5
21-03-2018 05:05:00,51.14,27.58,45.03,32.84,39.17,32.14,44.81,32.02,5
21-03-2018 05:04:00,51.44,27.34,44.93,32.6,39.17,32.09,44.78,32.06,5
21-03-2018 05:03:00,51.92,27.02,44.93,32.04,39.1,32.23,44.88,32.12,5
21-03-2018 05:02:00,52.16,26.7,44.86,32.48,39.14,32.16,44.85,32.05,5
21-03-2018 05:01:00,52.55,26.36,44.83,32.76,39.03,32.17,44.92,32.11,5
21-03-2018 05:00:00,53.02,26.09,44.86,32.8,39.17,32.32,44.92,32.19,5
21-03-2018 04:59:00,53.61,25.77,44.79,32.53,39.06,32.11,44.88,31.99,5
21-03-2018 04:58:00,54.14,25.38,44.72,32.51,39.06,32.08,44.88,31.99,5
21-03-2018 04:57:00,54.79,24.73,44.58,32.77,38.72,32.33,44.85,31.99,5
21-03-2018 04:56:00,54.59,23.48,44.59,32.81,38.72,32.3,44.78,31.91,5
21-03-2018 04:55:00,52.59,24.03,44.54,32.56,38.75,32.23,44.44,32.05,5
21-03-2018 04:54:00,50.41,24.25,44.24,32.7,38.52,32.22,44.03,31.98,5
21-03-2018 04:53:00,49.09,24.59,44.2,32.75,38.45,32.48,43.85,32.2,5
21-03-2018 04:52:00,48.78,24.66,44.03,32.96,38.23,32.47,43.75,32.14,5
21-03-2018 04:51:00,48.53,25.27,44.27,32.56,38.49,32.57,43.92,32.22,5
21-03-2018 04:50:00,48.31,25.87,44.31,32.71,38.52,32.55,43.89,32.05,5
21-03-2018 04:49:00,48.13,26.18,44.61,32.79,38.72,32.46,44.05,32.37,5
21-03-2018 04:48:00,48.12,26.43,44.51,33.38,38.64,32.5,43.98,32.54,5
21-03-2018 04:47:00,48.15,27.17,44.74,32.78,38.85,32.35,44.24,32.36,5
21-03-2018 04:46:00,0,28.03,44.91,33.21,39.1,32.48,44.38,32.53,5
21-03-2018 04:45:00,49.06,28.78,44.88,32.64,38.98,32.52,44.45,32.52,5
21-03-2018 04:44:00,49.07,28.62,44.98,32.89,39.08,32.53,44.45,32.54,5
21-03-2018 04:43:00,49.14,28.69,44.71,32.81,38.71,32.46,44.24,32.52,5
21-03-2018 04:42:00,49.37,28.62,45.05,32.71,39.01,32.51,44.54,32.54,5
21-03-2018 04:41:00,49.49,28.66,44.89,32.53,38.98,32.52,44.58,32.39,5
21-03-2018 04:40:00,49.92,28.52,45.13,32.5,39.3,32.39,44.83,32.22,5
21-03-2018 04:39:00,50.4,28.24,45.54,32.54,39.74,32.2,45.13,32.34,5
21-03-2018 04:38:00,50.47,28.04,45.51,32.61,39.74,32.25,45.06,32.09,5
21-03-2018 04:37:00,50.74,28.11,45.59,32.7,39.81,32.34,45.1,32.37,5
21-03-2018 04:36:00,50.79,28.1,45.49,32.77,39.61,32.21,44.96,32.38,5
21-03-2018 04:35:00,50.95,28.06,45.35,32.98,39.5,32.28,44.99,32.35,5
21-03-2018 04:34:00,51.41,27.67,45.28,32.58,39.13,32.28,44.99,32.34,5
21-03-2018 04:33:00,51.71,27.3,45.46,33.01,39.74,32.23,45.23,32.33,5
21-03-2018 04:32:00,51.91,27.44,45.42,32.63,39.61,32.53,45.17,32.34,5
21-03-2018 04:31:00,52.04,27.3,45.28,32.77,39.39,32.55,44.96,32.41,5
21-03-2018 04:30:00,52.33,27.15,45.16,33.17,39.35,32.35,44.99,32.1,5
21-03-2018 04:29:00,52.69,26.87,45.09,32.58,39.18,32.69,44.97,32.09,5
21-03-2018 04:28:00,53.07,26.56,44.95,33.13,39.15,32.5,45.04,32.19,5
21-03-2018 04:27:00,53.34,26.04,44.85,32.67,39.13,32.27,44.92,31.93,5
21-03-2018 04:26:00,54.2,25.83,44.81,33.05,39.13,32.5,45.01,32.11,5
21-03-2018 04:25:00,54.76,25.34,44.9,32.83,39.11,32.54,44.97,32.12,5
21-03-2018 04:24:00,55.41,24.84,44.77,32.85,39.01,32.66,44.95,32.25,5
21-03-2018 04:23:00,55.49,23.49,44.77,32.65,38.91,32.56,44.99,32.04,5
21-03-2018 04:22:00,53.2,23.64,45.07,32.97,39.28,32.25,44.95,31.99,5
21-03-2018 04:21:00,51.06,23.95,45.14,32.62,39.39,32.4,44.8,32.21,5
21-03-2018 04:20:00,49.11,24.13,45.21,32.86,39.34,32.71,44.57,32.16,5
21-03-2018 04:19:00,48.53,24.71,45.28,32.74,39.37,32.5,44.55,32.16,5
21-03-2018 04:18:00,48.24,24.83,45.25,33,39.52,32.61,44.59,32.16,5
21-03-2018 04:17:00,47.93,25.45,45.18,32.46,39.49,32.7,44.52,32.41,5
21-03-2018 04:16:00,47.91,25.92,44.94,32.95,39.15,32.58,44.34,32.29,5
21-03-2018 04:15:00,47.83,26.54,44.7,33.15,38.79,32.5,44.17,32.47,5
21-03-2018 04:14:00,48.21,27.23,44.64,32.94,38.73,32.78,44.14,32.42,5
21-03-2018 04:13:00,49.23,27.98,44.77,33.02,38.97,32.68,44.36,32.77,5
21-03-2018 04:12:00,49.93,28.51,44.59,32.93,38.65,32.59,44.26,32.9,5
21-03-2018 04:11:00,49.97,28.3,44.38,32.87,38.41,33.03,44.13,32.73,5
21-03-2018 04:10:00,49.95,28.07,44.25,32.98,38.26,32.75,44.01,32.96,5
21-03-2018 04:09:00,49.98,27.99,43.98,33.32,37.85,33.08,43.72,32.76,5
21-03-2018 04:08:00,50.39,27.93,43.87,33.35,37.79,33.09,43.79,32.78,5
21-03-2018 04:07:00,50.66,27.87,43.94,32.92,37.88,32.98,43.89,32.75,5
21-03-2018 04:06:00,50.7,27.22,43.77,32.7,37.69,32.97,43.84,32.51,5
21-03-2018 04:05:00,51.12,27.55,43.71,33.43,37.69,33.11,43.84,32.52,5
21-03-2018 04:04:00,51.69,27.16,43.98,33.33,37.75,32.98,44.03,32.49,5
21-03-2018 04:03:00,51.89,26.81,44.22,33.84,37.98,33.09,44.27,32.49,5
21-03-2018 04:02:00,52.55,26.83,44.16,32.59,37.86,33,44.42,32.3,5
21-03-2018 04:01:00,52.72,26.32,44.16,33.04,38.04,32.75,44.32,32.38,5
21-03-2018 04:00:00,53.46,26.02,44.43,32.87,37.98,33.18,44.67,32.13,5
21-03-2018 03:50:00,60.55,21.52,46.31,30.14,38.66,32.88,52.55,26.73,1
21-03-2018 03:49:00,58.81,21.52,45.65,30.42,38.15,32.7,51.52,26.81,1
21-03-2018 03:48:00,56.86,21.72,45.18,30.68,38.08,32.74,50.51,27.03,1
21-03-2018 03:47:00,55.81,21.97,44.87,30.45,37.85,32.49,49.77,27.12,1
21-03-2018 03:46:00,55.08,22.31,44.49,31.23,37.72,32.54,49.08,27.38,1
21-03-2018 03:45:00,54.06,22.88,44.38,30.56,37.72,32.53,48.46,27.78,1
21-03-2018 03:44:00,53.04,23.38,44.38,31.24,38.09,32.91,47.93,28.37,1
21-03-2018 03:43:00,51.85,24.42,44.36,31.49,38.27,32.65,47.33,28.75,1
19-03-2018 07:00:00,50.05,26.66,48.94,28.27,41.42,29.48,45.96,30.19,2
19-03-2018 06:59:00,50.28,26.79,49.11,28.2,41.32,29.63,45.93,30.22,2
19-03-2018 06:58:00,50.49,26.49,49.31,28.2,41.25,29.79,45.93,30.11,2
19-03-2018 06:57:00,50.76,26.42,49.56,27.92,41.11,29.6,45.96,30.12,2
19-03-2018 06:56:00,51.16,26.22,49.94,27.54,41.25,29.7,46.1,30.13,2
19-03-2018 06:55:00,51.58,26.21,50.38,27.42,41.32,29.65,46.21,30.2,2
19-03-2018 06:54:00,52.07,25.79,50.83,26.97,41.25,29.83,46.28,29.82,2
19-03-2018 06:53:00,52.76,25.66,51.43,27.06,41.25,29.72,46.35,29.96,2
19-03-2018 06:52:00,53.76,25.23,52.24,26.38,41.28,29.51,46.49,29.84,2
19-03-2018 06:51:00,54.97,24.36,53.25,25.67,41.14,29.81,46.55,29.83,2
19-03-2018 06:50:00,57.3,23.37,54.84,25.11,41.08,29.76,46.63,29.59,2
19-03-2018 06:49:00,61.4,21.7,56.67,24.9,40.97,29.78,46.73,29.67,2
19-03-2018 06:48:00,61.11,21.72,56.16,24.83,40.88,29.74,46.57,29.69,2
19-03-2018 06:47:00,59.8,21.74,55.14,24.96,40.83,29.77,46.31,29.74,2
19-03-2018 06:46:00,57.76,21.83,53.49,24.83,40.66,29.89,46.02,29.77,2
19-03-2018 06:45:00,55.32,21.88,51.7,25.34,40.66,29.79,45.6,29.81,2
19-03-2018 06:44:00,53.1,22.22,50.14,25.43,40.66,29.83,45.47,30.02,2
19-03-2018 06:43:00,52.31,22.29,49.48,25.59,40.59,29.87,45.26,29.98,2
19-03-2018 06:42:00,51.6,22.86,48.87,25.77,40.48,29.76,45.09,30.06,2
19-03-2018 06:41:00,50.95,23.44,48.37,25.98,40.45,29.96,45.01,30.34,2
19-03-2018 06:40:00,50.23,24.07,47.82,26.79,40.52,29.81,44.94,30.29,2
19-03-2018 06:39:00,49.44,24.83,47.26,27.23,40.41,30.03,44.76,30.44,2
19-03-2018 06:38:00,48.74,25.47,46.89,28.33,40.31,29.71,44.66,30.66,2
19-03-2018 06:37:00,47.89,26.58,46.42,28.53,40.17,30.15,44.55,30.62,2
19-03-2018 06:36:00,47.2,27.37,46.22,28.81,40.07,29.93,44.45,30.59,2
19-03-2018 06:35:00,47.2,27.39,46.22,28.94,39.91,30.12,44.32,30.75,2
19-03-2018 06:34:00,47.13,27.39,46.18,28.86,39.7,30.17,44.18,30.57,2
19-03-2018 06:33:00,47.06,27.12,46.15,28.78,39.6,30.23,44.04,30.83,2
19-03-2018 06:32:00,46.96,27.34,46.05,28.9,39.17,30.04,43.74,30.65,2
19-03-2018 06:31:00,47.04,27.02,46.06,28.82,39.05,30.19,43.8,30.65,2
19-03-2018 06:30:00,47.08,27.38,46.12,28.63,39.05,30.04,43.74,30.68,2
19-03-2018 06:29:00,47.21,27.22,46.22,28.73,39.06,30.14,43.74,30.66,2
19-03-2018 06:28:00,47.28,27.09,46.26,28.37,38.94,30.21,43.67,30.75,2
19-03-2018 06:27:00,47.38,27.14,46.37,28.59,38.82,30.33,43.53,30.72,2
19-03-2018 06:26:00,47.56,26.83,46.54,28.46,38.58,30.35,43.53,30.66,2
19-03-2018 06:25:00,47.77,26.66,46.72,28.36,38.58,30.19,43.53,30.68,2
19-03-2018 06:24:00,48.04,26.76,46.93,28.53,38.58,30.39,43.58,30.57,2
19-03-2018 06:23:00,48.32,26.6,47.18,28.31,38.44,30.37,43.51,30.63,2
19-03-2018 06:22:00,48.76,26.67,47.52,27.81,38.24,30.13,43.44,30.47,2
19-03-2018 06:21:00,49.15,25.83,47.93,27.57,38.02,30.35,43.37,30.58,2
19-03-2018 06:20:00,49.89,25.44,48.53,27.55,37.92,30.33,43.37,30.49,2
19-03-2018 06:19:00,50.85,25.08,49.31,26.28,37.72,30.56,43.35,30.32,2
19-03-2018 06:18:00,52.21,24.46,50.51,25.8,37.62,30.52,43.48,30.32,2
19-03-2018 06:17:00,55.11,22.71,52.2,25.17,37.51,30.56,43.46,30.16,2
19-03-2018 06:16:00,56.31,21.9,52.53,24.87,37.51,30.32,43.46,30.13,2
19-03-2018 06:15:00,56.65,21.87,52.62,24.97,37.41,30.52,43.39,30.11,2
19-03-2018 06:14:00,0,21.6,52.7,24.49,37.3,30.65,43.35,30.39,2
19-03-2018 06:13:00,56.77,21.59,52.35,24.69,37.34,30.59,43.29,30.34,2
19-03-2018 06:12:00,55.2,22.06,51.26,25.34,37.38,30.46,43.05,30.37,2
19-03-2018 06:11:00,54.07,22.5,50.33,25.14,37.27,30.41,42.9,30.45,2
19-03-2018 06:10:00,53.53,22.45,49.91,25.96,37.09,30.71,42.73,30.55,2
19-03-2018 06:09:00,53.01,23.02,49.46,26.18,37.09,30.51,42.69,30.62,2
19-03-2018 06:08:00,52.45,23.57,49.01,26.85,36.82,30.73,42.41,30.8,2
19-03-2018 06:07:00,51.83,24.33,48.46,26.99,36.91,30.51,42.41,30.78,2
19-03-2018 06:06:00,51,24.8,47.82,27.66,36.99,30.78,42.39,31.05,2
19-03-2018 06:05:00,49.74,25.28,46.96,28.02,36.92,30.64,42.26,30.81,2
19-03-2018 06:04:00,48.14,26.56,46.02,28.81,37.06,30.58,42.23,31.16,2
19-03-2018 06:03:00,46.48,27.34,45.12,29.14,37.05,30.58,42.18,31.19,2
19-03-2018 06:02:00,45.97,27.38,44.98,28.94,37.06,30.77,42.14,31.11,2
19-03-2018 06:01:00,46.02,27.55,44.96,29.08,37.06,30.6,42.12,31.14,2
19-03-2018 06:00:00,46.02,27.34,44.99,29.49,37.02,30.51,42.12,31.12,2
19-03-2018 05:59:00,46.02,27.43,45.03,29.17,36.92,30.69,42.02,31.3,2
19-03-2018 05:58:00,46.28,27.7,45.16,28.97,37.02,30.51,42.16,31.04,2
19-03-2018 05:57:00,46.22,27.57,45.22,28.98,37.02,30.57,42.16,30.97,2
19-03-2018 05:56:00,46.26,27.19,45.2,28.77,36.88,30.81,42.02,31.1,2
19-03-2018 05:55:00,46.63,27.53,45.51,28.85,37.05,30.6,42.26,31.16,2
19-03-2018 05:54:00,46.8,27.25,45.75,28.72,37.23,30.75,42.39,31.05,2
19-03-2018 05:53:00,47.11,27.21,45.95,28.39,37.28,30.77,42.46,31.15,2
19-03-2018 05:52:00,47.28,27.04,46.16,28.83,37.35,30.48,42.56,31.06,2
19-03-2018 05:51:00,47.56,26.59,46.35,28.52,37.18,30.7,42.49,31.05,2
19-03-2018 05:50:00,47.87,26.82,46.65,28.26,37.15,30.87,42.6,30.96,2
19-03-2018 05:49:00,48.18,26.63,46.96,28.33,37.18,30.6,42.68,31.1,2
19-03-2018 05:48:00,48.66,26.36,47.38,27.63,37.15,30.89,42.68,30.86,2
19-03-2018 05:47:00,49.37,26.04,48,27.78,37.42,30.67,42.95,30.8,2
19-03-2018 05:46:00,50.09,25.67,48.58,27.13,37.25,30.87,43,30.81,2
19-03-2018 05:45:00,51.17,25.33,49.54,26.71,37.11,30.76,43.03,30.59,2
19-03-2018 05:44:00,52.5,24.57,50.77,26.09,37.33,30.72,43.31,30.63,2
19-03-2018 05:43:00,55.08,23.45,52.79,24.94,37.28,30.84,43.51,30.31,2
19-03-2018 05:42:00,59.57,21.74,54.76,24.67,37.49,30.9,43.78,30.38,2
19-03-2018 05:41:00,59.57,21.65,54.49,24.71,37.4,30.88,43.67,30.45,2
19-03-2018 05:40:00,58.61,21.52,53.61,24.84,37.37,30.95,43.43,30.55,2
19-03-2018 05:39:00,56.77,21.47,52.17,25.11,37.21,30.85,43.23,30.6,2
19-03-2018 05:38:00,54.15,21.71,50.18,25.19,37.33,31.01,43,30.57,2
19-03-2018 05:37:00,52.11,22.21,48.7,25.25,37.44,30.87,42.81,30.9,2
19-03-2018 05:36:00,51.31,22.56,48.06,25.9,37.27,30.9,42.63,31.11,2
19-03-2018 05:35:00,50.72,23.3,47.58,26.32,37.43,31.12,42.7,31.12,2
19-03-2018 05:34:00,49.94,23.76,47.05,26.66,37.31,31.22,42.55,31.29,2
19-03-2018 05:33:00,49.35,24.19,46.69,27.45,37.24,31.05,42.4,31.28,2
19-03-2018 05:32:00,48.72,25.21,46.29,28.01,37.24,31.32,42.4,31.37,2
19-03-2018 05:31:00,47.84,26.08,45.82,28.7,37.34,31.35,42.36,31.51,2
19-03-2018 05:30:00,46.67,27.33,45.15,29.4,36.92,31.55,42.25,31.69,2
19-03-2018 05:29:00,46.07,27.77,45.05,29.52,37.21,31.29,42.32,31.69,2
19-03-2018 05:28:00,46.07,27.52,45.12,29.21,37.22,31.26,42.32,31.46,2
19-03-2018 05:27:00,46.08,27.68,45.12,29.21,37.05,31.14,42.19,31.5,2
19-03-2018 05:26:00,46.19,27.35,45.16,29.18,36.88,31.11,42.09,31.52,2
19-03-2018 05:25:00,46.28,27.69,45.26,29.07,36.92,30.95,42.13,31.39,2
19-03-2018 05:24:00,46.43,27.03,45.34,29.01,36.78,31.09,42.03,31.57,2
19-03-2018 05:23:00,46.5,27.2,45.44,29.26,36.61,31.21,41.97,31.37,2
19-03-2018 05:22:00,46.94,27.26,45.79,29.05,36.47,31.3,42,31.39,2
19-03-2018 05:21:00,47.15,27.31,46.06,28.45,36.92,31.12,42.3,31.23,2
19-03-2018 05:20:00,47.7,26.96,46.44,29.08,36.95,31.23,42.4,31.34,2
19-03-2018 05:19:00,47.94,27.02,46.72,28,36.78,31.31,42.38,31.26,2
19-03-2018 05:18:00,48.32,26.52,47.11,28.04,36.78,31.03,42.42,31.14,2
19-03-2018 05:17:00,49.24,26.3,47.86,27.74,36.95,31.12,42.66,31.18,2
19-03-2018 05:16:00,49.99,25.76,48.52,27.31,37.12,30.82,42.84,30.87,2
19-03-2018 05:15:00,51.06,25.46,49.41,26.45,36.95,30.96,42.81,30.97,2
19-03-2018 05:14:00,52.71,24.19,50.98,26.19,36.78,30.94,42.85,30.81,2
19-03-2018 05:13:00,56.39,22.43,52.73,25.25,36.68,31.21,43.09,30.66,2
19-03-2018 05:12:00,57.16,22.18,53.03,24.73,37.11,31.22,43.32,30.7,2
19-03-2018 05:11:00,57.55,21.8,53.2,24.89,36.97,31.28,43.22,30.63,2
19-03-2018 05:10:00,58.08,21.9,53.34,24.9,36.9,31.34,43.12,30.91,2
19-03-2018 05:09:00,57.32,21.96,52.64,25.23,36.9,31.34,43.03,30.98,2
19-03-2018 05:08:00,55.58,22.06,51.37,25.66,37.06,31.34,42.93,31.07,2
19-03-2018 05:07:00,54.2,22.18,50.35,25.99,36.92,31.56,42.79,31.13,2
19-03-2018 05:06:00,53.42,22.55,49.67,25.9,36.92,31.44,42.65,31.12,2
19-03-2018 05:05:00,52.48,23.16,48.89,26.51,36.79,31.42,42.42,31.25,2
19-03-2018 05:04:00,51.57,23.76,48.17,27.03,36.8,31.43,42.3,31.36,2
19-03-2018 05:03:00,50.59,24.06,47.41,27.18,36.76,31.55,42.16,31.27,2
19-03-2018 05:02:00,49.54,24.75,46.7,27.61,37.02,31.46,42.26,31.5,2
19-03-2018 05:01:00,48.26,25.63,45.9,28.16,36.92,31.28,42.07,31.64,2
19-03-2018 05:00:00,47.09,26.68,45.19,29.08,37.09,31.3,42.18,31.75,2
19-03-2018 04:59:00,45.77,27.92,44.59,29.71,37.12,31.43,42.13,31.77,2
19-03-2018 04:58:00,45.56,28.04,44.62,29.56,36.99,31.21,42,31.79,2
19-03-2018 04:57:00,45.49,28.06,44.49,29.52,36.92,31.35,41.9,31.87,2
19-03-2018 04:56:00,45.46,28.16,44.42,29.65,36.79,31.37,41.86,31.74,2
19-03-2018 04:55:00,45.7,27.85,44.69,29.67,36.82,31.65,41.96,31.92,2
19-03-2018 04:54:00,45.66,28.07,44.64,29.46,36.78,31.66,41.9,31.96,2
19-03-2018 04:53:00,45.63,28.06,44.6,29.36,36.64,31.7,41.79,31.85,2
19-03-2018 04:52:00,45.57,28.02,44.57,29.28,36.53,31.5,41.69,31.76,2
19-03-2018 04:51:00,45.64,27.77,44.54,29.31,36.23,31.73,41.49,31.95,2
19-03-2018 04:50:00,45.57,27.76,44.58,29.24,36.06,31.57,41.43,31.78,2
19-03-2018 04:49:00,45.61,27.49,44.58,29.44,36.04,31.42,41.39,31.61,2
19-03-2018 04:48:00,45.72,27.57,44.65,28.95,35.94,31.35,41.33,31.75,2
19-03-2018 04:47:00,45.93,27.67,44.87,29.24,35.63,31.61,41.26,31.64,2
19-03-2018 04:46:00,46.23,27.36,45.15,28.75,36.06,31.53,41.46,31.65,2
19-03-2018 04:45:00,46.47,27.17,45.39,28.4,36.01,31.49,41.43,31.7,2
19-03-2018 04:44:00,46.96,27.03,45.83,28.36,36.13,31.6,41.68,31.58,2
19-03-2018 04:43:00,47.44,26.82,46.19,28.28,36.11,31.35,41.71,31.46,2
19-03-2018 04:42:00,48.06,26.31,46.6,27.89,35.99,31.64,41.68,31.41,2
19-03-2018 04:41:00,48.61,26.03,47.19,27.45,35.86,31.62,41.83,31.38,2
19-03-2018 04:40:00,49.57,25.5,47.99,26.82,35.84,31.57,41.84,31.2,2
19-03-2018 04:39:00,50.98,25.06,49.09,26.36,35.66,31.24,41.74,31.27,2
19-03-2018 04:38:00,53.48,23.33,51.14,25.11,35.6,31.72,41.9,31.22,2
19-03-2018 04:37:00,56.28,21.86,52.03,24.78,35.57,31.75,42.04,31.3,2
19-03-2018 04:36:00,56.68,21.74,52.11,25.03,35.59,31.45,41.78,31.09,2
19-03-2018 04:35:00,56.42,21.73,51.73,24.96,35.42,31.34,41.67,31.16,2
19-03-2018 04:34:00,55,21.96,50.47,25.15,35.18,31.54,41.36,31.17,2
19-03-2018 04:33:00,52.96,21.97,48.8,25.58,35.01,31.48,41.06,31.3,2
19-03-2018 04:32:00,51.4,22.35,47.65,25.92,35.21,31.62,40.98,31.3,2
19-03-2018 04:31:00,50.82,22.73,47.15,26.14,34.84,31.99,40.66,31.48,2
19-03-2018 04:30:00,50.33,23.33,46.76,26.86,34.59,31.81,40.48,31.58,2
19-03-2018 04:29:00,49.6,23.89,46.3,27.16,34.73,31.98,40.48,31.75,2
19-03-2018 04:28:00,48.95,24.48,45.91,27.38,34.95,31.94,40.64,31.81,2
19-03-2018 04:27:00,48.08,25.34,45.28,28.26,35.05,31.91,40.64,31.89,2
19-03-2018 04:26:00,47.07,26.28,44.66,28.84,35.05,32.07,40.59,32.19,2
19-03-2018 04:25:00,45.61,27.39,43.85,29.31,35.18,32,40.62,32.19,2
19-03-2018 04:24:00,44.58,28.27,43.57,30.04,35.07,32.04,40.62,32.34,2
19-03-2018 04:23:00,44.64,27.73,43.57,29.96,35.21,31.92,40.59,32.24,2
19-03-2018 04:22:00,44.58,27.89,43.53,29.52,35,32.23,40.45,32.38,2
19-03-2018 04:21:00,44.42,27.84,43.34,29.7,34.79,32.17,40.24,32.3,2
19-03-2018 04:20:00,44.29,27.96,43.28,29.78,34.33,32.06,39.94,32.06,2
19-03-2018 04:19:00,44.38,27.69,43.31,29.46,33.99,32.02,39.77,32.4,2
19-03-2018 04:18:00,44.43,27.7,43.35,29.82,33.79,32.15,39.7,32.22,2
19-03-2018 04:17:00,44.6,27.71,43.46,29.04,33.91,31.89,39.7,32.16,2
19-03-2018 04:16:00,44.84,27.66,43.73,29.52,33.92,32.08,39.88,32.11,2
19-03-2018 04:15:00,44.94,27.54,43.88,28.99,33.91,31.91,39.85,32.05,2
19-03-2018 04:14:00,45.23,27.54,44.13,29.13,33.95,32.29,39.93,32.08,2
19-03-2018 04:13:00,45.57,27.14,44.44,28.73,33.95,32.02,40.03,32.07,2
19-03-2018 04:12:00,0,27.17,44.68,28.53,34.01,31.87,40.06,31.96,2
19-03-2018 04:11:00,46.27,26.67,45.04,28.44,33.79,32.16,39.93,31.83,2
19-03-2018 04:10:00,46.93,26.61,45.53,28.38,33.83,32.05,40.14,31.93,2
19-03-2018 04:09:00,47.68,26.36,46.12,27.28,33.76,32.16,40.14,31.64,2
19-03-2018 04:08:00,48.88,25.47,47.23,26.79,33.83,32.11,40.36,31.61,2
19-03-2018 04:07:00,50.58,24.03,48.63,26.05,33.85,31.98,40.5,31.48,2
19-03-2018 04:06:00,54.42,22.45,50.81,25.24,34.05,31.86,40.81,31.26,2
19-03-2018 04:05:00,55.26,22.18,51.11,25.5,34.33,31.74,40.91,31.38,2
19-03-2018 04:04:00,55.52,22,51.23,24.96,33.99,31.88,40.78,31.09,2
19-03-2018 04:03:00,55.87,21.8,51.26,25.01,33.99,31.84,40.64,31.4,2
19-03-2018 04:02:00,55.9,22.08,51.14,25.18,33.93,31.88,40.63,31.44,2
19-03-2018 04:01:00,54.79,22.02,50.16,25.6,33.99,32.16,40.63,31.58,2
19-03-2018 04:00:00,53.07,22.74,48.75,25.92,33.95,31.97,40.36,31.45,2
19-03-2018 03:59:00,51.96,22.71,47.96,26.16,33.95,31.63,40.19,31.42,2
19-03-2018 03:58:00,51.33,23.4,47.44,26.3,33.71,31.77,40.04,31.54,2
19-03-2018 03:57:00,50.64,24,46.84,27.08,33.38,31.88,39.77,31.79,2
19-03-2018 03:56:00,49.79,24.54,46.28,27.39,33.54,31.66,39.79,31.69,2
19-03-2018 03:55:00,48.71,25.47,45.54,28.44,33.59,31.97,39.75,31.83,2
19-03-2018 03:54:00,47.2,26.15,44.63,29.34,33.54,31.87,39.65,31.99,2
19-03-2018 03:53:00,45.41,27.55,43.52,29.58,33.79,31.91,39.71,32.07,2
19-03-2018 03:52:00,43.91,28.01,42.84,29.92,33.65,31.82,39.47,32.08,2
19-03-2018 03:51:00,43.84,27.96,42.84,30.02,33.6,32.03,39.44,32.16,2
19-03-2018 03:50:00,43.88,27.85,42.84,29.11,33.41,31.96,39.33,32.28,2
19-03-2018 03:49:00,43.84,28.16,42.87,29.39,33.28,32.21,39.27,32.09,2
19-03-2018 03:48:00,44.39,27.94,43.29,29.47,33.18,32.25,39.49,32.36,2
19-03-2018 03:47:00,44.49,27.89,43.35,29.08,33.75,32.07,39.78,32.21,2
19-03-2018 03:46:00,44.43,27.46,43.32,29.24,33.69,31.99,39.59,32.07,2
19-03-2018 03:45:00,44.7,27.4,43.53,29.25,33.79,31.98,39.68,32.12,2
19-03-2018 03:44:00,44.87,27.41,43.64,28.85,33.57,32,39.65,32.15,2
19-03-2018 03:43:00,45.12,27.47,43.96,28.97,33.69,32.17,39.86,31.91,2
19-03-2018 03:42:00,45.26,27.29,44.13,28.84,33.97,32.06,39.89,31.85,2
19-03-2018 03:41:00,45.67,27.24,44.47,28.95,33.48,32.12,39.82,32.14,2
19-03-2018 03:40:00,46.22,27.21,44.92,28.47,34.05,31.99,40.2,31.89,2
19-03-2018 03:39:00,46.53,26.7,45.11,27.98,33.85,31.79,40.03,31.97,2
19-03-2018 03:38:00,47.05,26.67,45.65,27.89,33.93,31.83,40.21,31.87,2
19-03-2018 03:37:00,47.6,26.31,46.14,28.19,33.65,31.85,40.11,31.7,2
19-03-2018 03:36:00,48.46,25.5,46.84,27.5,33.25,32.06,39.91,31.57,2
19-03-2018 03:35:00,50.06,24.99,48.07,26.5,33.38,32.21,40.21,31.83,2
19-03-2018 03:34:00,52.16,24.18,49.86,25.42,33.12,32.32,40.16,31.58,2
19-03-2018 03:33:00,57.55,22.04,52.79,25.28,33.1,32.65,40.53,31.61,2
19-03-2018 03:32:00,58,21.56,52.85,24.94,33.28,32.41,40.6,31.54,2
19-03-2018 03:31:00,57.76,21.74,52.62,25.1,33.41,32.53,40.65,31.69,2
19-03-2018 03:30:00,57.29,21.39,52.11,24.87,33.42,32.4,40.65,31.73,2
19-03-2018 03:29:00,55.9,21.54,51,25.37,33.22,32.36,40.31,31.58,2
19-03-2018 03:28:00,53.89,21.95,49.43,25.38,33.32,32.49,40.17,31.69,2
19-03-2018 03:27:00,53.04,22.33,48.91,25.49,33.54,32.55,40.33,31.88,2
19-03-2018 03:26:00,52.75,22.8,48.69,26.14,33.64,32.53,40.33,31.77,2
19-03-2018 03:25:00,52.45,23.48,48.54,27.09,34.05,32.33,40.61,31.78,2
19-03-2018 03:24:00,52.09,24.15,48.28,26.78,34.15,32.2,40.59,31.77,2
19-03-2018 03:23:00,51.65,24.57,47.92,27.64,34.07,32.04,40.33,32.15,2
19-03-2018 03:22:00,50.76,25.45,47.38,28.41,33.89,32.19,40.39,32.18,2
19-03-2018 03:21:00,48.93,26.53,46.25,28.86,34.41,32.29,40.66,32.04,2
19-03-2018 03:20:00,46.28,27.48,44.91,29.39,34.63,32.14,40.56,32.15,2
19-03-2018 03:19:00,46.31,27.62,45.08,29.46,34.76,32.19,40.66,32.23,2
19-03-2018 03:18:00,46.29,27.75,45.03,29.53,34.45,32.3,40.48,32.36,2
19-03-2018 03:17:00,46.6,27.18,45.17,29.25,34.17,32.24,40.39,32.09,2
19-03-2018 03:16:00,46.94,27.35,45.58,28.95,34.08,32.43,40.46,32.25,2
19-03-2018 03:15:00,47.48,27.09,46.03,28.86,34.49,32.48,40.91,32.33,2
19-03-2018 03:14:00,47.63,26.95,46.14,28.25,34.39,32.04,40.71,31.83,2
19-03-2018 03:13:00,48.05,26.64,46.55,28.29,34.35,32.16,40.78,31.97,2
19-03-2018 03:12:00,48.63,26.59,46.96,28.09,34.71,32.03,41.13,31.57,2
19-03-2018 03:11:00,48.8,26.09,47.31,28.16,34.56,31.9,41,31.77,2
19-03-2018 03:10:00,50.05,25.91,48.28,27.16,34.78,32.22,41.39,31.69,2
19-03-2018 03:09:00,50.91,25.76,49.09,27.1,34.96,32.01,41.55,31.29,2
19-03-2018 03:08:00,52.17,24.92,50.29,26.71,35.11,32.14,41.9,31.28,2
19-03-2018 03:07:00,53.74,24.31,51.81,25.5,34.91,32.13,42.24,31,2
19-03-2018 03:06:00,57.71,22.61,54.79,24.53,35.45,31.8,42.69,30.82,2
19-03-2018 03:05:00,62.93,21.79,57.25,24.5,35.56,31.61,43.16,30.7,2
19-03-2018 03:04:00,62.93,21.61,57.02,24.54,35.37,31.24,42.97,30.44,2
19-03-2018 03:03:00,61.86,21.19,56.13,24.61,35.39,31.28,42.84,30.48,2
19-03-2018 03:02:00,60.78,21.5,55.02,24.5,35.12,31.36,42.42,30.7,2
19-03-2018 03:01:00,59.12,21.41,53.88,24.89,35.56,31.57,42.55,30.85,2
19-03-2018 03:00:00,57.1,21.61,52.44,24.91,35.55,31.3,42.32,30.76,2
19-03-2018 02:59:00,55.37,21.8,51.32,25.49,35.56,31.6,42.27,30.77,2
19-03-2018 02:58:00,54.44,21.73,50.67,25.14,35.4,31.62,42.13,30.84,2
19-03-2018 02:57:00,53.74,22.6,50.05,25.58,35.6,31.43,42.1,31.01,2
19-03-2018 02:56:00,53.15,23.14,49.56,26.02,35.35,31.55,41.81,31.19,2
19-03-2018 02:55:00,52.53,23.77,49.15,26.7,35.82,31.84,42.19,31.14,2
19-03-2018 02:54:00,51.73,24.5,48.57,27.54,35.92,31.29,42.08,31.05,2
19-03-2018 02:53:00,50.72,25.67,47.9,27.62,35.87,31.47,42.16,31.42,2
19-03-2018 02:52:00,48.5,26.77,46.73,28.51,36.27,31.48,42.32,31.32,2
19-03-2018 02:51:00,47.22,27.06,46.03,28.75,36.18,31.53,42.25,31.33,2
19-03-2018 02:50:00,47.18,27.28,45.99,28.59,36.19,31.47,42.04,31.23,2
19-03-2018 02:49:00,47.31,27.38,46.09,28.14,36.26,31.14,42.14,31.3,2
19-03-2018 02:48:00,47.49,27.11,46.28,28.4,36.11,31.39,42.19,31.23,2
19-03-2018 02:47:00,47.56,27.32,46.31,28.33,36.07,31.01,42.12,31.06,2
19-03-2018 02:46:00,47.67,26.9,46.48,28.24,36.11,31.28,42.23,30.93,2
19-03-2018 02:45:00,48.01,26.88,46.65,27.8,36.05,31.48,42.19,31.09,2
19-03-2018 02:44:00,48.12,26.92,46.86,28.03,36.05,31.22,42.06,31.2,2
19-03-2018 02:43:00,48.58,26.74,47.13,28.03,36.02,31.15,42.04,31.42,2
19-03-2018 02:42:00,49.33,26.08,47.81,27.73,36.13,31.71,42.38,31.45,2
19-03-2018 02:41:00,49.81,26.08,48.36,27.27,36.2,31.88,42.72,31.3,2
19-03-2018 02:40:00,50.35,25.97,48.71,27.81,36.06,31.5,42.56,31.05,2
19-03-2018 02:39:00,50.97,25.45,49.16,27.15,35.59,31.81,42.32,31.21,2
19-03-2018 02:38:00,52.17,25.07,50.34,27.09,36.05,32.02,42.66,31.35,2
19-03-2018 02:37:00,53.36,24.7,51.48,26.06,35.91,31.83,42.93,31.13,2
19-03-2018 02:36:00,55.75,23.84,53.34,25.32,36.27,31.69,43.36,30.76,2
19-03-2018 02:35:00,62.15,21.93,56.78,24.76,36.27,31.5,43.71,30.71,2
19-03-2018 02:34:00,62.15,21.51,56.34,24.61,36.03,31.74,43.4,30.9,2
19-03-2018 02:33:00,60.75,21.31,55.02,24.31,35.79,31.53,42.91,30.76,2
19-03-2018 02:32:00,58.98,21.4,53.7,24.52,35.74,31.83,42.63,30.78,2
19-03-2018 02:31:00,56.95,21.77,52.2,24.83,35.88,32.09,42.77,30.83,2
19-03-2018 02:30:00,54.42,21.95,50.52,25.05,36.5,31.78,42.87,31.11,2
19-03-2018 02:29:00,53.07,21.92,49.53,25.2,36.37,31.56,42.73,30.91,2
19-03-2018 02:28:00,52.28,22.13,48.85,25.85,36.27,31.65,42.53,31.11,2
19-03-2018 02:27:00,51.63,23.06,48.29,26.18,36.52,31.81,42.45,31.33,2
19-03-2018 02:26:00,50.92,23.87,47.63,27.03,36.21,31.96,42.09,31.54,2
19-03-2018 02:25:00,50.08,24.58,47.09,27.34,35.47,32.44,41.67,31.92,2
19-03-2018 02:24:00,48.98,25.45,46.41,27.91,35.84,32.17,41.95,31.54,2
19-03-2018 02:23:00,47.41,26.63,45.45,28.93,35.82,31.88,41.88,31.72,2
19-03-2018 02:22:00,46.02,27.7,44.72,29.25,35.89,31.67,41.78,31.67,2
19-03-2018 02:21:00,45.71,27.37,44.58,29.36,35.99,31.72,41.68,31.71,2
19-03-2018 02:20:00,45.54,27.59,44.41,29.47,36.44,31.38,41.72,31.48,2
19-03-2018 02:19:00,45.5,27.28,44.27,29.21,36.01,31.54,41.45,31.49,2
19-03-2018 02:18:00,45.5,28.02,44.29,29.25,36.11,31.48,41.43,31.76,2
19-03-2018 02:17:00,45.36,28.2,44.16,29.34,35.64,31.75,41.18,31.99,2
19-03-2018 02:16:00,45.43,28.08,44.23,29.6,35.71,31.81,41.32,31.85,2
19-03-2018 02:15:00,45.32,27.76,44.12,29.79,35.37,31.7,40.88,32.01,2
19-03-2018 02:14:00,45.46,28.11,44.29,29.44,34.93,32.11,40.65,32.27,2
19-03-2018 02:13:00,46.11,27.98,44.83,29.63,35.34,32.76,41.49,32.46,2
19-03-2018 02:12:00,46.24,27.7,44.87,29.48,35.93,31.92,41.62,32.02,2
19-03-2018 02:11:00,46.07,27.77,44.83,29.36,36.02,31.97,41.55,32,2
19-03-2018 02:10:00,46.19,27.71,44.88,29.15,36.08,31.88,41.69,31.87,2
19-03-2018 02:09:00,46.22,27.38,44.91,29.16,36.06,31.89,41.67,31.81,2
19-03-2018 02:08:00,46.31,27.54,44.98,29.42,36.24,31.44,41.7,31.82,2
19-03-2018 02:07:00,46.32,27.33,44.96,29.53,35.79,31.46,41.45,31.87,2
19-03-2018 02:06:00,46.39,27.37,45.03,29.16,36.2,31.71,41.65,31.98,2
19-03-2018 02:05:00,46.32,27.47,45,29.01,35.53,31.56,41.22,32.07,2
19-03-2018 02:04:00,46.8,26.96,45.37,28.7,35.91,31.82,41.72,32.05,2
19-03-2018 02:03:00,47.02,27.11,45.61,28.57,35.84,31.86,41.62,31.88,2
19-03-2018 02:02:00,47.15,27.06,45.66,28.33,35.88,31.58,41.55,31.85,2
19-03-2018 02:01:00,47.2,26.58,45.64,28.37,35.44,31.9,41.29,32.05,2
19-03-2018 02:00:00,47.64,26.48,46.05,27.94,35.14,32.21,41.25,32.06,2
19-03-2018 01:59:00,48.33,26.39,46.64,28.39,35.08,32.58,41.49,31.88,2
19-03-2018 01:58:00,48.75,26.05,46.96,27.58,35.21,32.08,41.53,31.82,2
19-03-2018 01:57:00,49.54,25.67,47.61,27.47,35.25,31.89,41.68,31.62,2
19-03-2018 01:56:00,50.82,25.02,48.67,26.45,35.34,31.96,41.9,31.44,2
19-03-2018 01:55:00,52.27,24.27,49.89,25.69,35.47,31.93,42.11,31.17,2
19-03-2018 01:54:00,55.05,21.89,51.56,24.73,35.73,31.51,42.29,31,2
19-03-2018 01:53:00,55.32,20.96,50.88,24.51,35.64,31.86,42.21,31.27,2
19-03-2018 01:52:00,55,21.28,50.63,24.83,35.89,32.07,42.62,31.32,2
19-03-2018 01:51:00,54.68,21.28,50.21,24.52,36.11,31.63,42.7,31.15,2
19-03-2018 01:50:00,54.27,21.52,49.5,25.53,35.97,31.46,42.46,30.94,2
19-03-2018 01:45:00,51.46,23.63,41.78,30.82,35.02,31.55,46.03,27.97,1
19-03-2018 01:44:00,50.92,23.9,41.55,31.37,34.61,32.32,45.64,28.41,1
19-03-2018 01:43:00,50.4,25.02,42.11,31.29,35.57,32.15,45.83,28.69,1
19-03-2018 01:42:00,49.41,25.79,41.76,31.92,35,32.73,45.37,29.21,1
19-03-2018 01:41:00,48.48,26.36,41.68,31.54,34.85,32.94,45.12,29.69,1
19-03-2018 01:40:00,48.49,26.39,41.94,31.08,35.29,32.04,45.32,29.34,1
19-03-2018 01:39:00,48.56,26.32,41.74,31.65,35.11,31.96,45.1,29.16,1
19-03-2018 01:38:00,48.7,26.39,41.78,31.91,35.15,31.99,45.2,29.21,1
19-03-2018 01:37:00,49,25.99,41.76,31.45,34.85,32.43,45.37,29.5,1
19-03-2018 01:36:00,49.23,26.21,41.97,31.53,35.11,32.4,45.64,29.08,1
19-03-2018 01:35:00,49.51,26,41.9,31.58,34.97,32.54,45.68,29.2,1
19-03-2018 01:34:00,49.75,26.28,42.04,31.3,34.93,32.72,45.95,29.23,1
19-03-2018 01:33:00,49.95,25.78,42.19,30.71,35.15,32.33,46.1,29.03,1
19-03-2018 01:32:00,50.26,25.61,42.23,30.97,35,32.16,46.21,28.75,1
19-03-2018 01:31:00,50.71,25.43,42.29,30.42,34.92,32.3,46.41,28.55,1
19-03-2018 01:30:00,51.17,25.29,42.58,31.28,35.29,32.57,46.92,28.56,1
19-03-2018 01:29:00,51.68,24.95,42.83,31.12,35.28,32.42,47.28,28.26,1
19-03-2018 01:28:00,52.12,24.78,43.19,30.7,35.7,32.62,47.79,28.16,1
19-03-2018 01:27:00,52.53,24.51,43.42,30.51,35.82,32.03,48.11,27.69,1
19-03-2018 01:26:00,53.18,24.37,43.92,30.53,36.47,31.63,48.76,27.53,1
19-03-2018 01:25:00,53.88,23.94,44.16,29.54,36.88,31.52,49.18,27.17,1
19-03-2018 01:24:00,54.82,23.45,44.11,29.88,36.46,31.07,49.56,26.91,1
19-03-2018 01:23:00,56.25,22.32,44.25,29.81,36.41,31.36,50.18,26.4,1
19-03-2018 01:22:00,57.29,20.98,43.58,29.76,35.56,31.68,49.89,26.04,1
19-03-2018 01:21:00,57.26,21.09,43.9,29.58,36.07,31.85,50.08,26.12,1
19-03-2018 01:20:00,57.35,21.25,43.66,29.5,35.86,31.89,49.95,26.25,1
19-03-2018 01:19:00,57.35,21.25,43.39,29.98,35.45,31.88,49.71,26.19,1
19-03-2018 01:18:00,57.29,21.27,43.31,30.07,35.39,31.77,49.6,26.38,1
19-03-2018 01:17:00,57.29,21.64,43.26,29.9,34.95,32.66,49.63,26.57,1
19-03-2018 01:16:00,57.2,21.32,43.31,30.23,35.28,31.97,49.56,26.41,1
19-03-2018 01:15:00,57.18,21.46,43.24,30.06,35.21,31.73,49.4,26.67,1
19-03-2018 01:14:00,57.06,21.67,42.96,30.45,34.64,32.35,49.32,26.74,1
19-03-2018 01:13:00,57.06,21.57,43.03,30.39,34.71,32.31,49.22,26.7,1
19-03-2018 01:12:00,57.03,21.73,43.1,30.47,34.78,31.93,49.25,26.8,1
19-03-2018 01:11:00,56.86,22.23,42.93,30.58,34.74,31.79,49.02,26.92,1
19-03-2018 01:10:00,56.66,22.31,42.77,30.81,34.27,32.58,48.9,27.17,1
19-03-2018 01:09:00,56.31,22.31,42.81,30.95,34.17,32.58,48.73,27.15,1
19-03-2018 01:08:00,55.96,22.74,42.5,30.42,33.99,32.2,48.32,27.28,1
19-03-2018 01:07:00,55.7,22.75,42.56,30.81,34.17,32.15,48.21,27.63,1
19-03-2018 01:06:00,55.32,23.06,42.62,30.59,34.41,31.63,48.11,27.77,1
19-03-2018 01:05:00,55.08,23.28,42.52,31.26,33.76,32.47,47.99,27.81,1
19-03-2018 01:04:00,55.03,23.66,42.76,31.21,34.19,32.46,48.09,28.06,1
19-03-2018 01:03:00,55.14,24.37,43.19,31.2,34.82,31.69,48.39,28.17,1
19-03-2018 01:02:00,55.58,24.55,43.23,30.88,34.59,31.75,48.54,28.08,1
19-03-2018 01:01:00,56.87,25.02,43.86,31.76,34.79,32.01,49.42,28.48,1
19-03-2018 01:00:00,57.46,24.96,44.23,31.08,34.95,32.13,49.82,28.15,1
19-03-2018 12:59:00,57.81,24.87,44.23,31.51,34.73,32.13,49.99,28.41,1
19-03-2018 12:58:00,58.1,24.75,44.42,30.53,34.86,31.73,50.14,28.09,1
19-03-2018 12:57:00,58.48,24.35,44.72,30.58,35.44,31.6,50.5,28.26,1
19-03-2018 12:56:00,58.87,24.59,44.68,30.6,35.23,31.7,50.64,28.21,1
19-03-2018 12:55:00,59.28,24.55,44.45,30.9,34.67,31.72,50.61,27.89,1
19-03-2018 12:54:00,59.83,24.43,44.96,30.82,35.13,31.94,51.11,28.18,1
19-03-2018 12:53:00,60.03,24.3,44.8,30.83,34.84,31.68,51.05,27.85,1
19-03-2018 12:52:00,60.77,24.14,45.03,30.73,34.76,31.7,51.47,27.96,1
19-03-2018 12:51:00,61.29,24.42,45.37,30.48,35.24,31.84,51.85,27.69,1
19-03-2018 12:50:00,61.79,24.31,45.35,30.63,34.98,31.85,51.91,27.65,1
19-03-2018 12:49:00,62.7,23.7,45.38,30.53,34.53,31.68,52.15,27.64,1
19-03-2018 12:48:00,63.34,23.52,45.55,30.74,34.69,31.2,52.43,27.54,1
19-03-2018 12:47:00,64.21,23.25,45.45,30.68,33.97,31.66,52.66,27.53,1
19-03-2018 12:46:00,65.35,23.05,46.06,30.07,34.46,31.78,53.34,27.45,1
19-03-2018 12:45:00,66.42,23.69,46.12,30.51,34.03,32.08,53.64,27.5,1
19-03-2018 12:44:00,67.43,23.5,47.04,30.61,34.86,31.61,54.5,27.28,1
19-03-2018 12:43:00,68.2,23.11,47.09,30.09,34.76,31.77,54.65,27.13,1
19-03-2018 12:42:00,68.69,22.99,47.28,30.58,34.79,31.93,54.97,27.15,1
19-03-2018 12:41:00,69.16,23.06,48.06,30.46,35.87,31.4,55.47,27.25,1
19-03-2018 12:40:00,69.07,23.29,47.89,29.82,35.63,31.49,55.33,27.11,1
19-03-2018 12:39:00,69.04,23.74,47.42,30.53,35.09,31.21,55.03,27.11,1
19-03-2018 12:38:00,69.18,23.09,47.42,30.27,35.01,31.59,55.09,27.28,1
19-03-2018 12:37:00,68.96,22.82,47.09,30.38,34.57,31.59,54.82,27.08,1
19-03-2018 12:36:00,68.8,23.21,47.04,30.67,34.56,31.81,54.82,27.01,1
19-03-2018 12:35:00,68.63,23.4,47.14,30.56,34.82,31.58,54.85,27.32,1
