"Timestamp","EX1_FAN_IN_TEMP_ITL","EX1_FAN_OUT_TEMP_ITL","FA1_FAN_IN_TEMP_ITL","FA1_FAN_OUT_TEMP_ITL"
"21-03-2018 03:31:00","28.20","33.52","32.94","32.84"
"21-03-2018 03:30:00","28.09","33.40","33.30","32.98"
"21-03-2018 03:29:00","28.43","33.37","33.29","32.92"
"21-03-2018 03:28:00","27.95","33.49","32.91","32.68"
"21-03-2018 03:27:00","27.85","32.80","32.79","32.41"
"21-03-2018 03:26:00","27.42","33.26","32.69","32.47"
"21-03-2018 03:25:00","27.05","33.00","32.70","32.64"
"21-03-2018 03:24:00","27.31","32.93","32.88","32.40"
"21-03-2018 03:23:00","27.00","32.83","32.81","32.37"
"21-03-2018 03:22:00","26.59","32.94","32.50","32.33"
"21-03-2018 03:21:00","26.34","32.78","32.75","32.28"
"21-03-2018 03:20:00","26.11","33.01","32.51","32.21"
"21-03-2018 03:19:00","25.68","32.96","32.45","32.17"
"21-03-2018 03:18:00","24.90","32.96","32.55","32.04"
"21-03-2018 03:17:00","23.41","32.86","32.83","32.06"
"21-03-2018 03:16:00","23.83","32.75","32.61","32.56"
"21-03-2018 03:15:00","24.49","33.01","32.72","32.25"
"21-03-2018 03:14:00","24.39","32.87","32.88","32.44"
"21-03-2018 03:13:00","24.93","33.32","32.79","32.69"
"21-03-2018 03:12:00","25.28","33.30","32.95","32.68"
"21-03-2018 03:11:00","25.62","33.41","33.07","32.63"
"21-03-2018 03:10:00","26.40","33.30","33.23","32.88"
"21-03-2018 03:09:00","26.92","33.57","33.08","32.82"
"21-03-2018 03:08:00","27.25","32.96","33.11","32.78"
"21-03-2018 03:07:00","28.37","33.33","33.17","32.86"
"21-03-2018 03:06:00","28.86","33.51","33.21","32.93"
"21-03-2018 03:05:00","28.44","32.59","33.19","32.92"
"21-03-2018 03:04:00","29.39","33.72","33.30","32.84"
"21-03-2018 03:03:00","28.47","33.38","33.01","32.94"
"21-03-2018 03:02:00","28.58","33.53","33.07","32.89"
"21-03-2018 03:01:00","28.56","32.98","32.59","32.70"
"21-03-2018 03:00:00","28.36","33.19","33.01","32.72"
"21-03-2018 02:59:00","28.35","32.78","32.92","32.55"
"21-03-2018 02:58:00","28.02","33.26","32.83","32.57"
"21-03-2018 02:57:00","28.07","32.68","32.73","32.44"
"21-03-2018 02:56:00","28.20","33.36","32.47","32.62"
"21-03-2018 02:55:00","27.78","32.87","32.58","32.64"
"21-03-2018 02:54:00","27.43","32.77","32.66","32.44"
"21-03-2018 02:53:00","27.21","33.47","32.67","32.46"
"21-03-2018 02:52:00","27.11","33.01","32.72","32.53"
"21-03-2018 02:51:00","27.10","33.25","32.78","32.45"
"21-03-2018 02:50:00","26.41","33.01","32.77","32.44"
"21-03-2018 02:49:00","26.16","33.23","32.74","32.42"
"21-03-2018 02:48:00","25.55","33.28","32.90","32.36"
"21-03-2018 02:47:00","24.83","33.15","33.02","32.63"
"21-03-2018 02:46:00","23.93","33.31","32.96","32.44"
"21-03-2018 02:45:00","23.93","33.19","32.89","32.61"
"21-03-2018 02:44:00","24.21","33.17","32.83","32.51"
"21-03-2018 02:43:00","24.59","33.23","33.16","32.58"
"21-03-2018 02:42:00","25.13","33.61","32.79","32.48"
"21-03-2018 02:41:00","25.35","32.89","32.67","32.54"
"21-03-2018 02:40:00","25.92","33.35","32.61","32.77"
"21-03-2018 02:39:00","26.20","33.64","33.23","32.95"
"21-03-2018 02:38:00","26.63","33.54","33.26","32.94"
"21-03-2018 02:37:00","27.16","33.51","32.87","32.99"
"21-03-2018 02:36:00","28.20","33.24","33.28","33.09"
"21-03-2018 02:35:00","29.15","33.59","33.02","33.07"
"21-03-2018 02:34:00","29.10","33.22","33.38","33.33"
"21-03-2018 02:33:00","29.28","33.36","33.14","33.31"
"21-03-2018 02:32:00","29.29","33.60","33.03","33.27"
"21-03-2018 02:31:00","28.94","33.49","33.19","33.26"
"21-03-2018 02:30:00","28.81","33.68","33.71","33.31"
"21-03-2018 02:29:00","29.15","33.48","33.58","33.30"
"21-03-2018 02:28:00","28.60","34.12","33.90","33.46"
"21-03-2018 02:27:00","28.73","34.08","33.73","33.32"
"21-03-2018 02:26:00","28.46","33.64","33.40","33.36"
"21-03-2018 02:25:00","28.14","33.84","33.81","33.30"
"21-03-2018 02:24:00","27.84","33.82","33.78","33.41"
"21-03-2018 02:23:00","27.61","34.12","33.60","33.31"
"21-03-2018 02:22:00","27.60","33.84","33.73","33.23"
"21-03-2018 02:21:00","27.28","33.85","34.12","33.27"
"21-03-2018 02:20:00","27.27","33.61","33.79","32.93"
"21-03-2018 02:19:00","26.93","33.66","33.66","32.93"
"21-03-2018 02:18:00","26.69","34.01","33.58","32.90"
"21-03-2018 02:17:00","26.31","33.58","33.66","33.01"
"21-03-2018 02:16:00","25.79","33.40","33.68","32.88"
"21-03-2018 02:15:00","25.51","33.93","33.63","32.89"
"21-03-2018 02:14:00","24.57","33.69","33.36","32.70"
"21-03-2018 02:13:00","23.23","33.93","33.55","32.61"
"21-03-2018 02:12:00","23.06","33.46","33.43","32.47"
"21-03-2018 02:11:00","23.51","33.52","33.62","32.85"
"21-03-2018 02:10:00","23.59","33.70","33.38","32.59"
"21-03-2018 02:09:00","23.66","33.84","33.28","32.66"
"21-03-2018 02:08:00","23.78","33.93","33.84","33.14"
"21-03-2018 02:07:00","24.40","34.42","33.88","33.05"
"21-03-2018 02:06:00","24.75","34.27","33.78","32.98"
"21-03-2018 02:05:00","24.70","33.68","33.61","32.63"
"21-03-2018 02:04:00","25.58","33.63","33.63","32.55"
"21-03-2018 02:03:00","26.33","33.14","33.17","32.08"
"21-03-2018 02:02:00","26.24","32.37","33.47","30.62"
"21-03-2018 02:01:00","26.32","32.44","33.29","29.78"
"21-03-2018 02:00:00","26.60","32.27","33.53","29.72"
"21-03-2018 01:59:00","26.64","32.52","33.70","29.74"
"21-03-2018 01:58:00","26.94","31.96","33.96","29.81"
"21-03-2018 01:57:00","26.91","32.08","33.88","29.88"
"21-03-2018 01:56:00","26.45","32.48","33.73","29.83"
"21-03-2018 01:55:00","26.52","32.08","33.90","30.01"
"21-03-2018 01:54:00","26.49","32.53","33.77","29.63"
"21-03-2018 01:53:00","26.53","31.63","33.31","29.78"
"21-03-2018 01:52:00","26.41","32.74","33.51","29.73"
"21-03-2018 01:51:00","25.99","32.20","34.24","29.84"
"21-03-2018 01:50:00","26.30","32.31","33.74","29.40"
"21-03-2018 01:49:00","26.37","31.61","33.43","29.24"
"21-03-2018 01:48:00","26.38","32.06","33.30","29.40"
"21-03-2018 01:47:00","26.41","31.77","33.42","29.27"
"21-03-2018 01:46:00","25.85","31.77","33.41","29.64"
"21-03-2018 01:45:00","26.09","31.89","33.58","29.34"
"21-03-2018 01:44:00","25.86","32.10","33.75","29.14"
"21-03-2018 01:43:00","25.56","31.88","33.29","29.32"
"21-03-2018 01:42:00","25.64","31.77","32.86","29.08"
"21-03-2018 01:41:00","25.78","31.07","32.90","28.89"
"21-03-2018 01:40:00","25.58","31.92","33.29","28.85"
"21-03-2018 01:39:00","25.50","32.02","33.27","28.81"
"21-03-2018 01:38:00","24.89","31.64","33.00","28.73"
"21-03-2018 01:37:00","24.87","31.82","33.38","28.49"
"21-03-2018 01:36:00","24.65","31.14","33.22","28.29"
"21-03-2018 01:35:00","24.98","31.25","33.39","28.09"
"21-03-2018 01:34:00","24.46","30.99","33.41","27.94"
"21-03-2018 01:33:00","24.02","31.32","33.04","27.84"
"21-03-2018 01:32:00","23.52","30.73","32.75","27.46"
"21-03-2018 01:31:00","23.19","30.63","33.26","27.16"
"21-03-2018 01:30:00","21.46","30.78","32.87","26.43"
"21-03-2018 01:29:00","21.50","30.77","33.08","26.43"
"21-03-2018 01:28:00","21.26","30.61","33.04","26.54"
"21-03-2018 01:27:00","21.37","30.90","33.45","26.44"
"21-03-2018 01:26:00","21.41","30.57","33.17","26.57"
"21-03-2018 01:25:00","21.79","30.71","33.18","26.65"
"21-03-2018 01:24:00","21.60","30.48","32.99","26.88"
"21-03-2018 01:23:00","22.53","30.34","33.03","26.88"
"21-03-2018 01:22:00","22.73","29.97","33.16","26.65"
"21-03-2018 01:21:00","23.52","28.43","33.37","26.00"
"21-03-2018 01:20:00","23.90","26.58","33.02","25.79"
"21-03-2018 01:19:00","23.71","26.92","33.22","25.76"
"21-03-2018 01:18:00","24.08","26.71","33.13","25.70"
"21-03-2018 01:17:00","24.05","26.99","32.74","25.78"
"21-03-2018 01:16:00","23.81","26.41","33.06","25.75"
"21-03-2018 01:15:00","24.06","26.80","33.43","25.61"
"21-03-2018 01:14:00","23.84","26.89","32.94","25.57"
"21-03-2018 01:13:00","23.85","26.48","33.04","25.67"
"21-03-2018 01:12:00","23.86","26.94","33.21","25.69"
"21-03-2018 01:11:00","23.86","26.51","33.03","25.70"
"21-03-2018 01:10:00","23.94","26.71","32.98","25.62"
"21-03-2018 01:09:00","23.65","26.62","33.12","25.67"
"21-03-2018 01:08:00","23.73","26.38","33.05","25.67"
"21-03-2018 01:07:00","23.38","26.83","33.29","25.68"
"21-03-2018 01:06:00","23.67","26.54","33.03","25.57"
"21-03-2018 01:05:00","23.33","26.31","32.87","25.70"
"21-03-2018 01:04:00","23.51","26.49","32.91","25.62"
"21-03-2018 01:03:00","23.80","26.12","33.05","25.73"
"21-03-2018 01:02:00","23.41","26.36","33.07","25.73"
"21-03-2018 01:01:00","23.39","26.29","33.08","25.61"
"21-03-2018 01:00:00","23.16","26.13","33.14","25.75"
"21-03-2018 12:59:00","23.05","25.91","33.09","25.39"
"21-03-2018 12:58:00","22.50","26.12","32.95","25.72"
"21-03-2018 12:57:00","22.57","25.44","32.84","25.58"
"21-03-2018 12:56:00","22.37","26.09","32.83","25.78"
"21-03-2018 12:55:00","21.93","25.83","32.39","25.45"
"21-03-2018 12:54:00","22.08","26.24","32.78","25.48"
"21-03-2018 12:53:00","21.58","26.13","32.59","25.45"
"21-03-2018 12:52:00","22.09","26.43","32.38","25.51"
"21-03-2018 12:51:00","22.05","26.10","32.45","25.57"
"21-03-2018 12:50:00","22.04","26.07","32.34","25.50"
"21-03-2018 12:49:00","22.42","26.23","32.01","25.59"
"21-03-2018 12:48:00","22.48","26.22","31.95","25.52"
"21-03-2018 12:47:00","22.89","26.71","31.92","25.64"
"21-03-2018 12:46:00","23.04","26.78","32.12","25.57"
"21-03-2018 12:45:00","23.47","26.77","32.04","25.64"
"21-03-2018 12:44:00","23.77","26.44","32.23","25.67"
"21-03-2018 12:43:00","23.89","26.62","31.96","25.72"
"21-03-2018 12:42:00","23.90","26.53","32.10","25.55"
"21-03-2018 12:41:00","23.83","26.49","32.16","25.53"
"21-03-2018 12:40:00","23.78","26.38","32.20","25.56"
"21-03-2018 12:39:00","23.75","26.26","32.21","25.57"
"21-03-2018 12:38:00","23.81","26.73","32.25","25.73"
"21-03-2018 12:37:00","23.61","26.56","32.12","25.61"
"21-03-2018 12:36:00","23.74","26.45","32.08","25.55"
"21-03-2018 12:35:00","23.53","26.84","32.73","25.61"
"21-03-2018 12:34:00","23.59","26.65","32.73","25.63"
"21-03-2018 12:33:00","23.86","26.02","32.59","25.64"
"21-03-2018 12:32:00","23.56","26.72","32.71","25.57"
"21-03-2018 12:31:00","23.30","26.18","32.63","25.76"
"21-03-2018 12:30:00","23.46","26.41","32.50","25.46"
"21-03-2018 12:29:00","23.41","26.46","32.54","25.68"
"21-03-2018 12:28:00","23.79","26.23","32.92","25.64"
"21-03-2018 12:27:00","23.05","26.01","32.79","25.62"
"21-03-2018 12:26:00","23.26","25.90","33.41","25.46"
"21-03-2018 12:25:00","22.97","25.70","33.09","25.64"
"21-03-2018 12:24:00","22.81","26.00","33.11","25.57"
"21-03-2018 12:23:00","22.48","25.50","33.33","25.70"
"21-03-2018 12:22:00","22.41","25.29","33.46","25.70"
"21-03-2018 12:21:00","22.19","25.33","33.29","25.70"
"21-03-2018 12:20:00","21.74","26.05","32.64","25.45"
"21-03-2018 12:19:00","22.04","26.13","32.41","25.66"
"21-03-2018 12:18:00","21.62","26.32","32.94","25.59"
"21-03-2018 12:17:00","21.64","26.15","32.84","25.61"
"21-03-2018 12:16:00","21.63","26.03","33.02","25.60"
"21-03-2018 12:15:00","21.76","26.29","32.67","25.46"
"21-03-2018 12:14:00","21.98","26.51","32.93","25.60"
"21-03-2018 12:13:00","22.59","26.40","32.68","25.62"
"21-03-2018 12:12:00","22.83","26.40","32.83","25.54"
"21-03-2018 12:11:00","23.06","27.18","32.29","25.76"
"21-03-2018 12:10:00","23.58","26.65","32.00","25.64"
"21-03-2018 12:09:00","23.68","26.71","32.09","25.72"
"21-03-2018 12:08:00","23.96","26.39","32.30","25.68"
"21-03-2018 12:07:00","23.92","26.53","32.24","25.69"
"21-03-2018 12:06:00","23.20","26.38","32.24","25.60"
"21-03-2018 12:05:00","23.60","26.48","32.55","25.76"
"21-03-2018 12:04:00","23.68","26.56","32.60","25.66"
"21-03-2018 12:03:00","23.68","26.34","32.35","25.62"
"21-03-2018 12:02:00","23.60","26.26","32.52","25.50"
"21-03-2018 12:01:00","23.65","26.29","32.38","25.52"
"21-03-2018 12:00:00","23.70","25.95","32.31","25.60"
"21-03-2018 11:59:00","23.06","26.12","32.16","25.53"
"21-03-2018 11:58:00","22.88","26.09","32.30","25.70"
"21-03-2018 11:57:00","23.05","25.46","32.26","25.53"
"21-03-2018 11:56:00","22.88","25.60","32.33","25.65"
"21-03-2018 11:55:00","22.53","25.55","32.05","25.67"
"21-03-2018 11:54:00","22.19","25.74","32.04","25.65"
"21-03-2018 11:53:00","22.03","25.66","32.00","25.39"
"21-03-2018 11:52:00","21.96","26.15","31.88","25.44"
"21-03-2018 11:51:00","21.78","26.18","31.62","25.64"
"21-03-2018 11:50:00","22.08","26.26","31.58","25.62"
"21-03-2018 11:49:00","21.68","26.03","31.92","25.61"
"21-03-2018 11:48:00","21.92","26.14","31.95","25.62"
"21-03-2018 11:47:00","22.17","26.10","31.72","25.65"
"21-03-2018 11:46:00","22.55","26.52","32.17","25.62"
"21-03-2018 11:45:00","22.80","26.42","32.20","25.52"
"21-03-2018 11:44:00","23.05","26.25","31.91","25.54"
"21-03-2018 11:43:00","23.12","26.58","31.73","25.63"
"21-03-2018 11:42:00","23.38","26.34","31.71","25.75"
"21-03-2018 11:41:00","23.36","26.08","31.63","25.72"
"21-03-2018 11:40:00","23.62","26.43","31.20","25.69"
"21-03-2018 11:39:00","23.76","26.25","31.16","25.61"
"21-03-2018 11:38:00","23.61","26.24","31.50","25.49"
"21-03-2018 11:37:00","23.53","26.23","31.31","25.48"
"21-03-2018 11:36:00","23.34","26.11","31.25","25.72"
"21-03-2018 11:35:00","23.06","26.18","31.26","25.67"
"21-03-2018 11:34:00","23.05","25.92","31.57","25.62"
"21-03-2018 11:33:00","23.08","25.87","31.37","25.80"
"21-03-2018 11:32:00","23.04","25.47","32.21","25.66"
"21-03-2018 11:31:00","22.66","25.86","31.89","25.53"
"21-03-2018 11:30:00","22.16","25.54","31.81","25.81"
"21-03-2018 11:29:00","22.40","25.16","31.69","25.66"
"21-03-2018 11:28:00","22.10","25.91","31.67","25.65"
"21-03-2018 11:27:00","22.03","25.67","31.69","25.81"
"21-03-2018 11:26:00","21.86","26.11","32.04","25.99"
"21-03-2018 11:25:00","22.07","25.89","31.89","25.63"
"21-03-2018 11:24:00","21.78","25.88","31.58","25.90"
"21-03-2018 11:23:00","21.67","25.92","31.25","26.01"
"21-03-2018 11:22:00","22.13","25.60","31.29","25.91"
"21-03-2018 11:21:00","21.96","25.75","31.36","26.12"
"21-03-2018 11:20:00","22.32","26.11","31.40","25.99"
"21-03-2018 11:19:00","21.97","25.73","31.54","25.93"
"21-03-2018 11:18:00","21.84","26.53","31.59","25.80"
"21-03-2018 11:17:00","21.70","26.75","31.44","25.95"
"21-03-2018 11:16:00","21.43","28.62","31.36","25.93"
"21-03-2018 11:15:00","21.39","29.66","31.81","26.08"
"21-03-2018 11:14:00","21.76","29.46","31.41","26.03"
"21-03-2018 11:13:00","21.56","29.28","31.20","26.23"
"21-03-2018 11:12:00","21.96","29.29","30.92","26.26"
"21-03-2018 11:11:00","21.84","29.66","31.11","26.20"
"21-03-2018 11:10:00","21.93","29.34","30.98","26.10"
"21-03-2018 11:09:00","21.80","29.24","30.88","26.21"
"21-03-2018 11:08:00","21.76","29.34","31.02","25.96"
"21-03-2018 11:07:00","21.68","29.26","31.45","26.27"
"21-03-2018 11:06:00","21.71","29.23","31.08","25.86"
"21-03-2018 11:05:00","21.46","29.37","31.26","26.12"
"21-03-2018 11:04:00","21.61","29.04","30.89","26.04"
"21-03-2018 11:03:00","21.84","29.26","31.29","26.18"
"21-03-2018 11:02:00","21.66","29.22","31.18","25.90"
"21-03-2018 11:01:00","21.68","29.71","31.12","26.11"
"21-03-2018 11:00:00","21.71","28.97","30.85","26.07"
"21-03-2018 10:59:00","22.21","28.94","30.67","26.11"
"21-03-2018 10:58:00","22.01","28.79","30.46","26.05"
"21-03-2018 10:57:00","21.31","28.91","30.40","25.85"
"21-03-2018 10:56:00","21.48","28.77","30.39","25.80"
"21-03-2018 10:55:00","21.60","29.17","30.67","25.93"
"21-03-2018 10:54:00","21.39","28.84","30.57","25.90"
"21-03-2018 10:53:00","21.61","28.74","30.30","25.81"
"21-03-2018 10:52:00","21.55","29.00","30.43","25.77"
"21-03-2018 10:51:00","22.03","28.90","30.27","25.99"
"21-03-2018 10:50:00","21.93","29.44","31.14","26.13"
"21-03-2018 10:49:00","21.94","28.87","30.96","26.12"
"21-03-2018 10:48:00","22.11","29.34","30.95","26.18"
"21-03-2018 10:47:00","21.82","28.97","31.02","26.26"
"21-03-2018 10:46:00","21.88","29.14","30.88","26.14"
"21-03-2018 10:45:00","21.70","28.78","30.53","26.03"
"21-03-2018 10:44:00","21.98","29.32","30.58","26.00"
"21-03-2018 10:43:00","22.12","28.79","30.61","26.10"
"21-03-2018 10:42:00","22.09","28.79","30.24","26.07"
"21-03-2018 10:41:00","22.24","28.70","30.15","25.86"
"21-03-2018 10:40:00","22.38","28.61","30.30","26.32"
"21-03-2018 10:39:00","22.57","29.08","30.02","26.06"
"21-03-2018 10:38:00","22.58","28.61","30.20","26.31"
"21-03-2018 10:37:00","22.69","28.57","30.15","26.39"
"21-03-2018 10:36:00","23.45","29.13","30.05","26.45"
"21-03-2018 10:35:00","23.35","28.59","30.35","26.69"
"21-03-2018 10:34:00","23.71","28.82","29.95","26.78"
"21-03-2018 10:33:00","24.28","28.28","29.71","26.85"
"21-03-2018 10:32:00","24.57","28.48","29.82","27.03"
"21-03-2018 10:31:00","25.21","28.17","29.87","26.75"
"21-03-2018 10:30:00","25.71","28.64","29.52","26.27"
"21-03-2018 10:29:00","25.43","29.01","28.57","25.73"
"21-03-2018 10:28:00","25.47","27.12","27.13","25.59"
"21-03-2018 10:27:00","25.39","27.23","27.47","25.79"
"21-03-2018 10:26:00","25.34","27.38","27.47","25.56"
"21-03-2018 10:25:00","25.39","27.09","27.13","25.67"
"21-03-2018 10:24:00","25.20","27.20","27.47","25.75"
"21-03-2018 10:23:00","25.54","27.33","27.58","25.62"
"21-03-2018 10:22:00","25.35","27.39","27.30","25.62"
"21-03-2018 10:21:00","25.55","26.81","27.25","25.51"
"21-03-2018 10:20:00","25.56","26.95","27.54","25.66"
"21-03-2018 10:19:00","25.00","27.04","27.13","25.64"
"21-03-2018 10:18:00","25.42","26.86","27.52","25.68"
"21-03-2018 10:17:00","25.39","27.26","27.30","25.71"
"21-03-2018 10:16:00","25.53","26.79","27.34","25.72"
"21-03-2018 10:15:00","25.32","27.09","27.31","25.64"
"21-03-2018 10:14:00","25.26","26.85","27.27","25.57"
"21-03-2018 10:13:00","25.43","26.99","27.15","25.57"
"21-03-2018 10:12:00","25.49","26.98","27.16","25.67"
"21-03-2018 10:11:00","25.36","27.08","27.38","25.49"
"21-03-2018 10:10:00","25.40","27.35","27.23","25.53"
"21-03-2018 10:09:00","25.52","27.24","27.40","25.58"
"21-03-2018 10:08:00","25.73","27.32","27.40","25.69"
"21-03-2018 10:07:00","25.51","26.98","27.08","25.67"
"21-03-2018 10:06:00","25.49","26.82","27.25","25.50"
"21-03-2018 10:05:00","25.16","27.03","27.14","25.63"
"21-03-2018 10:04:00","25.50","26.89","27.11","25.58"
"21-03-2018 10:03:00","25.29","27.12","27.19","25.62"
"21-03-2018 10:02:00","25.37","26.82","27.27","25.65"
"21-03-2018 10:01:00","25.32","26.88","27.23","25.61"
"21-03-2018 10:00:00","25.41","26.56","27.22","25.58"
"21-03-2018 09:59:00","25.47","26.89","27.22","25.64"
"21-03-2018 09:58:00","25.49","27.12","27.26","25.65"
"21-03-2018 09:57:00","25.45","26.85","27.01","25.60"
"21-03-2018 09:56:00","25.48","26.83","26.99","25.59"
"21-03-2018 09:55:00","25.44","26.81","26.97","25.59"
"21-03-2018 09:54:00","25.45","26.77","26.93","25.60"
"21-03-2018 09:53:00","25.46","26.74","26.93","25.61"
"21-03-2018 09:52:00","25.47","26.74","26.94","25.62"
"21-03-2018 09:51:00","25.45","26.73","26.93","25.61"
"21-03-2018 09:50:00","25.43","26.60","26.87","25.60"
"21-03-2018 09:49:00","25.45","26.57","26.79","25.60"
"21-03-2018 09:48:00","25.46","26.58","26.77","25.61"
"21-03-2018 09:47:00","25.44","26.57","26.76","25.59"
"21-03-2018 09:46:00","25.45","26.54","26.75","25.61"
"21-03-2018 09:45:00","25.44","26.56","26.73","25.62"
"21-03-2018 09:44:00","25.46","26.54","26.69","25.61"
"21-03-2018 09:43:00","25.44","26.48","26.64","25.59"
"21-03-2018 09:42:00","25.44","26.44","26.61","25.59"
"21-03-2018 09:41:00","25.42","26.40","26.56","25.60"
"21-03-2018 09:40:00","25.42","26.37","26.55","25.60"
"21-03-2018 09:39:00","25.45","26.38","26.55","25.63"
"21-03-2018 09:38:00","25.44","26.35","26.52","25.61"
"21-03-2018 09:37:00","25.42","26.36","26.53","25.61"
"21-03-2018 09:36:00","25.44","26.34","26.49","25.61"
"21-03-2018 09:35:00","25.44","26.28","26.47","25.59"
"21-03-2018 09:34:00","25.42","26.25","26.43","25.59"
"21-03-2018 09:33:00","25.40","26.24","26.41","25.58"
"21-03-2018 09:32:00","25.41","26.25","26.39","25.58"
"21-03-2018 09:31:00","25.42","26.24","26.39","25.59"
"21-03-2018 09:30:00","25.44","26.25","26.38","25.61"
"21-03-2018 09:29:00","25.44","26.26","26.38","25.61"
"21-03-2018 09:28:00","25.43","26.24","26.39","25.60"
"21-03-2018 09:27:00","25.43","26.22","26.36","25.59"
"21-03-2018 09:26:00","25.43","26.20","26.33","25.59"
"21-03-2018 09:25:00","25.43","26.20","26.31","25.59"
"21-03-2018 09:24:00","25.42","26.18","26.29","25.61"
"21-03-2018 09:23:00","25.41","26.19","26.27","25.57"
"21-03-2018 09:22:00","25.44","26.18","26.30","25.58"
"21-03-2018 09:21:00","25.43","26.22","26.29","25.61"
"21-03-2018 09:20:00","25.42","26.19","26.32","25.59"
"21-03-2018 09:19:00","25.42","26.21","26.32","25.61"
"21-03-2018 09:18:00","25.44","26.20","26.34","25.59"
"21-03-2018 09:17:00","25.43","26.19","26.32","25.60"
"21-03-2018 09:16:00","25.41","26.20","26.31","25.60"
"21-03-2018 09:15:00","25.42","26.17","26.27","25.59"
"21-03-2018 09:14:00","25.43","26.12","26.23","25.59"
"21-03-2018 09:13:00","25.41","26.17","26.24","25.58"
"21-03-2018 09:12:00","25.43","26.16","26.25","25.61"
"21-03-2018 09:11:00","25.43","26.15","26.26","25.62"
"21-03-2018 09:10:00","25.41","26.07","26.16","25.59"
"21-03-2018 09:09:00","25.43","26.05","26.14","25.58"
"21-03-2018 09:08:00","25.40","26.02","26.12","25.59"
"21-03-2018 09:07:00","25.40","26.03","26.09","25.59"
"21-03-2018 09:06:00","25.43","26.00","26.07","25.59"
"21-03-2018 09:05:00","25.40","26.00","26.05","25.58"
"21-03-2018 09:04:00","25.42","25.97","26.03","25.57"
"21-03-2018 09:03:00","25.40","25.94","25.98","25.58"
"21-03-2018 09:02:00","25.39","25.89","25.92","25.57"
"21-03-2018 09:01:00","25.38","25.88","25.89","25.55"
"21-03-2018 09:00:00","25.39","25.87","25.87","25.55"
"21-03-2018 08:59:00","25.40","25.86","25.85","25.56"
"21-03-2018 08:58:00","25.39","25.87","25.85","25.57"
"21-03-2018 08:57:00","25.40","25.88","25.86","25.59"
"21-03-2018 08:56:00","25.41","25.84","25.84","25.58"
"21-03-2018 08:55:00","25.37","25.84","25.83","25.58"
"21-03-2018 08:54:00","25.39","25.82","25.81","25.57"
"21-03-2018 08:53:00","25.38","25.81","25.79","25.55"
"21-03-2018 08:52:00","25.37","25.80","25.76","25.56"
"21-03-2018 08:51:00","25.36","25.79","25.76","25.57"
"21-03-2018 08:50:00","25.38","25.81","25.78","25.56"
"21-03-2018 08:49:00","25.41","25.81","25.80","25.58"
"21-03-2018 08:48:00","25.39","25.82","25.81","25.58"
"21-03-2018 08:47:00","25.39","25.80","25.81","25.58"
"21-03-2018 08:46:00","25.37","25.80","25.81","25.56"
"21-03-2018 08:45:00","25.37","25.80","25.79","25.56"
"21-03-2018 08:44:00","25.35","25.80","25.77","25.54"
"21-03-2018 08:43:00","25.36","25.77","25.74","25.56"
"21-03-2018 08:42:00","25.36","25.78","25.74","25.55"
"21-03-2018 08:41:00","25.38","25.80","25.78","25.56"
"21-03-2018 08:40:00","25.40","25.80","25.79","25.56"
"21-03-2018 08:39:00","25.39","25.81","25.79","25.55"
"21-03-2018 08:38:00","25.37","25.79","25.81","25.55"
"21-03-2018 08:37:00","25.36","25.80","25.80","25.54"
"21-03-2018 08:36:00","25.37","25.79","25.79","25.55"
"21-03-2018 08:35:00","25.36","25.78","25.79","25.54"
"21-03-2018 08:34:00","25.37","25.79","25.79","25.53"
"21-03-2018 08:33:00","25.37","25.79","25.80","25.56"
"21-03-2018 08:32:00","25.37","25.80","25.79","25.56"
"21-03-2018 08:31:00","25.37","25.80","25.78","25.56"
"21-03-2018 08:30:00","25.38","25.79","25.78","25.57"
"21-03-2018 08:29:00","25.37","25.77","25.76","25.56"
"21-03-2018 08:28:00","25.36","25.77","25.76","25.56"
"21-03-2018 08:27:00","25.37","25.78","25.74","25.55"
"21-03-2018 08:26:00","25.37","25.76","25.72","25.56"
"21-03-2018 08:25:00","25.36","25.76","25.75","25.56"
"21-03-2018 08:24:00","25.36","25.78","25.74","25.56"
"21-03-2018 08:23:00","25.39","25.77","25.76","25.56"
"21-03-2018 08:22:00","25.37","25.78","25.76","25.56"
"21-03-2018 08:21:00","25.37","25.77","25.74","25.56"
"21-03-2018 08:20:00","25.35","25.73","25.70","25.55"
"21-03-2018 08:19:00","25.36","25.74","25.70","25.54"
"21-03-2018 08:18:00","25.34","25.74","25.69","25.54"
"21-03-2018 08:17:00","25.36","25.75","25.69","25.55"
"21-03-2018 08:16:00","25.39","25.77","25.73","25.57"
"21-03-2018 08:15:00","25.38","25.77","25.73","25.56"
"21-03-2018 08:14:00","25.38","25.76","25.74","25.57"
"21-03-2018 08:13:00","25.37","25.75","25.72","25.55"
"21-03-2018 08:12:00","25.37","25.74","25.72","25.56"
"21-03-2018 08:11:00","25.37","25.75","25.73","25.57"
"21-03-2018 08:10:00","25.37","25.75","25.72","25.56"
"21-03-2018 08:09:00","25.39","25.76","25.73","25.57"
"21-03-2018 08:08:00","25.40","25.77","25.75","25.56"
"21-03-2018 08:07:00","25.40","25.78","25.76","25.56"
"21-03-2018 08:06:00","25.38","25.77","25.75","25.57"
"21-03-2018 08:05:00","25.38","25.75","25.73","25.56"
"21-03-2018 08:04:00","25.39","25.75","25.70","25.57"
"21-03-2018 08:03:00","25.36","25.76","25.70","25.59"
"21-03-2018 08:02:00","25.37","25.74","25.70","25.56"
"21-03-2018 08:01:00","25.39","25.74","25.70","25.57"
"21-03-2018 08:00:00","25.40","25.75","25.69","25.58"
"21-03-2018 07:59:00","25.41","25.76","25.70","25.56"
"21-03-2018 07:58:00","25.39","25.74","25.69","25.56"
"21-03-2018 07:57:00","25.37","25.72","25.68","25.57"
"21-03-2018 07:56:00","25.34","25.71","25.64","25.56"
"21-03-2018 07:55:00","25.37","25.70","25.64","25.56"
"21-03-2018 07:54:00","25.37","25.70","25.65","25.57"
"21-03-2018 07:53:00","25.40","25.71","25.63","25.58"
"21-03-2018 07:52:00","25.39","25.70","25.65","25.58"
"21-03-2018 07:51:00","25.39","25.70","25.63","25.57"
"21-03-2018 07:50:00","25.37","25.70","25.64","25.57"
"21-03-2018 07:49:00","25.38","25.68","25.60","25.56"
"21-03-2018 07:48:00","25.36","25.66","25.60","25.56"
"21-03-2018 07:47:00","25.36","25.66","25.56","25.56"
"21-03-2018 07:46:00","25.36","25.65","25.58","25.57"
"21-03-2018 07:45:00","25.36","25.65","25.56","25.56"
"21-03-2018 07:44:00","25.37","25.67","25.58","25.57"
"21-03-2018 07:43:00","25.38","25.66","25.58","25.57"
"21-03-2018 07:42:00","25.38","25.67","25.56","25.58"
"21-03-2018 07:41:00","25.37","25.66","25.54","25.57"
"21-03-2018 07:40:00","25.36","25.64","25.53","25.57"
"21-03-2018 07:39:00","25.35","25.62","25.49","25.56"
"21-03-2018 07:38:00","25.36","25.62","25.48","25.55"
"21-03-2018 07:37:00","25.37","25.63","25.47","25.55"
"21-03-2018 07:36:00","25.37","25.65","25.48","25.56"
"21-03-2018 07:35:00","25.38","25.65","25.51","25.57"
"21-03-2018 07:34:00","25.37","25.65","25.51","25.58"
"21-03-2018 07:33:00","25.37","25.63","25.50","25.56"
"21-03-2018 07:32:00","25.36","25.62","25.47","25.57"
"21-03-2018 07:31:00","25.36","25.63","25.48","25.56"
"21-03-2018 07:30:00","25.39","25.63","25.47","25.57"
"21-03-2018 07:29:00","25.39","25.65","25.50","25.58"
"21-03-2018 07:28:00","25.40","25.66","25.50","25.57"
"21-03-2018 07:27:00","25.39","25.67","25.51","25.57"
"21-03-2018 07:26:00","25.38","25.64","25.50","25.56"
"21-03-2018 07:25:00","25.36","25.63","25.50","25.57"
"21-03-2018 07:24:00","25.36","25.64","25.47","25.56"
"21-03-2018 07:23:00","25.36","25.61","25.45","25.54"
"21-03-2018 07:22:00","25.36","25.60","25.46","25.56"
"21-03-2018 07:21:00","25.39","25.60","25.44","25.56"
"21-03-2018 07:20:00","25.36","25.59","25.44","25.56"
"21-03-2018 07:19:00","25.37","25.61","25.43","25.57"
"21-03-2018 07:18:00","25.37","25.60","25.43","25.56"
"21-03-2018 07:17:00","25.36","25.60","25.42","25.56"
"21-03-2018 07:16:00","25.36","25.59","25.40","25.56"
"21-03-2018 07:15:00","25.35","25.58","25.40","25.56"
"21-03-2018 07:14:00","25.36","25.57","25.36","25.57"
"21-03-2018 07:13:00","25.36","25.57","25.39","25.56"
"21-03-2018 07:12:00","25.36","25.59","25.38","25.57"
"21-03-2018 07:11:00","25.36","25.58","25.40","25.57"
"21-03-2018 07:10:00","25.39","25.60","25.43","25.57"
"21-03-2018 07:09:00","25.36","25.60","25.43","25.55"
"21-03-2018 07:08:00","25.36","25.60","25.43","25.55"
"21-03-2018 07:07:00","25.35","25.57","25.40","25.55"
"21-03-2018 07:06:00","25.35","25.57","25.40","25.55"
"21-03-2018 07:05:00","25.35","25.58","25.39","25.54"
"21-03-2018 07:04:00","25.35","25.57","25.39","25.54"
"21-03-2018 07:03:00","25.35","25.57","25.40","25.55"
"21-03-2018 07:02:00","25.37","25.60","25.41","25.56"
"21-03-2018 07:01:00","25.37","25.61","25.42","25.55"
"21-03-2018 07:00:00","25.36","25.60","25.42","25.55"
"21-03-2018 06:59:00","25.33","25.60","25.41","25.56"
"21-03-2018 06:58:00","25.34","25.59","25.40","25.56"
"21-03-2018 06:57:00","25.36","25.57","25.37","25.56"
"21-03-2018 06:56:00","25.36","25.58","25.36","25.56"
"21-03-2018 06:55:00","25.35","25.59","25.36","25.57"
"21-03-2018 06:54:00","25.34","25.59","25.36","25.55"
"21-03-2018 06:53:00","25.35","25.62","25.39","25.54"
"21-03-2018 06:52:00","25.37","25.62","25.40","25.56"
"21-03-2018 06:51:00","25.35","25.61","25.41","25.54"
"21-03-2018 06:50:00","25.33","25.62","25.41","25.54"
"21-03-2018 06:49:00","25.34","25.58","25.39","25.55"
"21-03-2018 06:48:00","25.34","25.57","25.38","25.55"
"21-03-2018 06:47:00","25.37","25.58","25.39","25.55"
"21-03-2018 06:46:00","25.35","25.59","25.39","25.57"
"21-03-2018 06:45:00","25.37","25.62","25.42","25.57"
"21-03-2018 06:44:00","25.38","25.62","25.44","25.58"
"21-03-2018 06:43:00","25.36","25.63","25.43","25.55"
"21-03-2018 06:42:00","25.36","25.62","25.41","25.54"
"21-03-2018 06:41:00","25.36","25.64","25.41","25.56"
"21-03-2018 06:40:00","25.37","25.64","25.41","25.56"
"21-03-2018 06:39:00","25.38","25.64","25.42","25.57"
"21-03-2018 06:38:00","25.39","25.64","25.43","25.60"
"21-03-2018 06:37:00","25.40","25.65","25.44","25.59"
"21-03-2018 06:36:00","25.41","25.65","25.44","25.60"
"21-03-2018 06:35:00","25.39","25.64","25.43","25.61"
"21-03-2018 06:34:00","25.40","25.64","25.44","25.58"
"21-03-2018 06:33:00","25.38","25.64","25.42","25.57"
"21-03-2018 06:32:00","25.37","25.62","25.40","25.55"
"21-03-2018 06:31:00","25.37","25.62","25.42","25.56"
"21-03-2018 06:30:00","25.39","25.64","25.43","25.57"
"21-03-2018 06:29:00","25.39","25.65","25.44","25.56"
"21-03-2018 06:28:00","25.38","25.66","25.47","25.58"
"21-03-2018 06:27:00","25.36","25.64","25.46","25.57"
"21-03-2018 06:26:00","25.37","25.63","25.42","25.56"
"21-03-2018 06:25:00","25.37","25.63","25.41","25.56"
"21-03-2018 06:24:00","25.35","25.62","25.41","25.57"
"21-03-2018 06:23:00","25.37","25.65","25.41","25.57"
"21-03-2018 06:22:00","25.39","25.64","25.44","25.57"
"21-03-2018 06:21:00","25.38","25.65","25.47","25.57"
"21-03-2018 06:20:00","25.38","25.66","25.48","25.59"
"21-03-2018 06:19:00","25.37","25.66","25.46","25.57"
"21-03-2018 06:18:00","25.38","25.63","25.44","25.57"
"21-03-2018 06:17:00","25.37","25.63","25.44","25.58"
"21-03-2018 06:16:00","25.36","25.64","25.43","25.57"
"21-03-2018 06:15:00","25.39","25.65","25.45","25.57"
"21-03-2018 06:14:00","25.36","25.65","25.47","25.57"
"21-03-2018 06:13:00","25.37","25.66","25.48","25.56"
"21-03-2018 06:12:00","25.39","25.67","25.49","25.57"
"21-03-2018 06:11:00","25.37","25.66","25.51","25.58"
"21-03-2018 06:10:00","25.36","25.65","25.50","25.57"
"21-03-2018 06:09:00","25.38","25.66","25.49","25.57"
"21-03-2018 06:08:00","25.37","25.65","25.49","25.58"
"21-03-2018 06:07:00","25.38","25.65","25.50","25.58"
"21-03-2018 06:06:00","25.37","25.67","25.51","25.57"
"21-03-2018 06:05:00","25.39","25.65","25.51","25.56"
"21-03-2018 06:04:00","25.40","25.65","25.49","25.58"
"21-03-2018 06:03:00","25.39","25.66","25.48","25.58"
"21-03-2018 06:02:00","25.37","25.65","25.47","25.58"
"21-03-2018 06:01:00","25.39","25.63","25.45","25.58"
"21-03-2018 06:00:00","25.39","25.64","25.46","25.58"
"21-03-2018 05:59:00","25.40","25.62","25.44","25.58"
"21-03-2018 05:58:00","25.41","25.65","25.43","25.58"
"21-03-2018 05:57:00","25.37","25.63","25.47","25.59"
"21-03-2018 05:56:00","25.39","25.62","25.44","25.59"
"21-03-2018 05:55:00","25.38","25.63","25.44","25.57"
"21-03-2018 05:54:00","25.37","25.62","25.41","25.57"
"21-03-2018 05:53:00","25.38","25.61","25.40","25.58"
"21-03-2018 05:52:00","25.39","25.61","25.39","25.59"
"21-03-2018 05:51:00","25.38","25.63","25.40","25.60"
"21-03-2018 05:50:00","25.39","25.63","25.43","25.59"
"21-03-2018 05:49:00","25.39","25.64","25.46","25.60"
"21-03-2018 05:48:00","25.39","25.65","25.47","25.60"
"21-03-2018 05:47:00","25.39","25.62","25.46","25.59"
"21-03-2018 05:46:00","25.39","25.63","25.43","25.58"
"21-03-2018 05:45:00","25.36","25.61","25.42","25.58"
"21-03-2018 05:44:00","25.36","25.60","25.43","25.58"
"21-03-2018 05:43:00","25.39","25.63","25.42","25.58"
"21-03-2018 05:42:00","25.40","25.65","25.43","25.58"
"21-03-2018 05:41:00","25.38","25.63","25.44","25.61"
"21-03-2018 05:40:00","25.37","25.63","25.45","25.59"
"21-03-2018 05:39:00","25.37","25.62","25.43","25.58"
"21-03-2018 05:38:00","25.37","25.64","25.42","25.60"
"21-03-2018 05:37:00","25.38","25.61","25.44","25.60"
"21-03-2018 05:36:00","25.39","25.61","25.43","25.60"
"21-03-2018 05:35:00","25.37","25.62","25.43","25.59"
"21-03-2018 05:34:00","25.39","25.65","25.48","25.60"
"21-03-2018 05:33:00","25.39","25.66","25.48","25.59"
"21-03-2018 05:32:00","25.40","25.64","25.49","25.61"
"21-03-2018 05:31:00","25.37","25.66","25.49","25.60"
"21-03-2018 05:30:00","25.38","25.64","25.46","25.60"
"21-03-2018 05:29:00","25.39","25.63","25.48","25.61"
"21-03-2018 05:28:00","25.41","25.65","25.50","25.61"
"21-03-2018 05:27:00","25.41","25.67","25.52","25.62"
"21-03-2018 05:26:00","25.41","25.66","25.53","25.64"
"21-03-2018 05:25:00","25.42","25.66","25.52","25.63"
"21-03-2018 05:24:00","25.40","25.65","25.51","25.62"
"21-03-2018 05:23:00","25.40","25.65","25.50","25.61"
"21-03-2018 05:22:00","25.40","25.68","25.49","25.61"
"21-03-2018 05:21:00","25.42","25.66","25.50","25.64"
"21-03-2018 05:20:00","25.41","25.68","25.52","25.62"
"21-03-2018 05:19:00","25.44","25.68","25.53","25.64"
"21-03-2018 05:18:00","25.41","25.68","25.55","25.64"
"21-03-2018 05:17:00","25.42","25.66","25.54","25.63"
"21-03-2018 05:16:00","25.41","25.65","25.52","25.64"
"21-03-2018 05:15:00","25.39","25.64","25.51","25.64"
"21-03-2018 05:14:00","25.42","25.64","25.50","25.64"
"21-03-2018 05:13:00","25.43","25.65","25.50","25.65"
"21-03-2018 05:12:00","25.43","25.66","25.52","25.65"
"21-03-2018 05:11:00","25.45","25.67","25.53","25.65"
"21-03-2018 05:10:00","25.43","25.66","25.53","25.64"
"21-03-2018 05:09:00","25.44","25.65","25.52","25.64"
"21-03-2018 05:08:00","25.42","25.65","25.50","25.63"
"21-03-2018 05:07:00","25.43","25.65","25.50","25.64"
"21-03-2018 05:06:00","25.42","25.64","25.47","25.64"
"21-03-2018 05:05:00","25.42","25.65","25.48","25.66"
"21-03-2018 05:04:00","25.44","25.65","25.49","25.63"
"21-03-2018 05:03:00","25.43","25.66","25.50","25.63"
"21-03-2018 05:02:00","25.44","25.65","25.50","25.65"
"21-03-2018 05:01:00","25.42","25.64","25.49","25.64"
"21-03-2018 05:00:00","25.44","25.63","25.47","25.63"
"21-03-2018 04:59:00","25.41","25.64","25.46","25.63"
"21-03-2018 04:58:00","25.43","25.62","25.45","25.62"
"21-03-2018 04:57:00","25.44","25.64","25.45","25.63"
"21-03-2018 04:56:00","25.43","25.65","25.47","25.64"
"21-03-2018 04:55:00","25.43","25.67","25.48","25.64"
"21-03-2018 04:54:00","25.44","25.66","25.48","25.64"
"21-03-2018 04:53:00","25.42","25.65","25.47","25.64"
"21-03-2018 04:52:00","25.41","25.64","25.44","25.63"
"21-03-2018 04:51:00","25.43","25.65","25.43","25.63"
"21-03-2018 04:50:00","25.41","25.64","25.41","25.63"
"21-03-2018 04:49:00","25.43","25.68","25.41","25.65"
"21-03-2018 04:48:00","25.43","25.67","25.43","25.63"
"21-03-2018 04:47:00","25.44","25.67","25.45","25.64"
"21-03-2018 04:46:00","25.44","25.68","25.47","25.62"
"21-03-2018 04:45:00","25.43","25.68","25.50","25.65"
"21-03-2018 04:44:00","25.40","25.66","25.48","25.63"
"21-03-2018 04:43:00","25.41","25.67","25.47","25.62"
"21-03-2018 04:42:00","25.42","25.66","25.48","25.64"
"21-03-2018 04:41:00","25.43","25.68","25.49","25.62"
"21-03-2018 04:40:00","25.42","25.69","25.49","25.64"
"21-03-2018 04:39:00","25.43","25.70","25.49","25.63"
"21-03-2018 04:38:00","25.43","25.70","25.50","25.62"
"21-03-2018 04:37:00","25.43","25.68","25.49","25.65"
"21-03-2018 04:36:00","25.42","25.68","25.47","25.62"
"21-03-2018 04:35:00","25.42","25.67","25.46","25.64"
"21-03-2018 04:34:00","25.43","25.67","25.46","25.63"
"21-03-2018 04:33:00","25.42","25.70","25.49","25.64"
"21-03-2018 04:32:00","25.43","25.70","25.51","25.65"
"21-03-2018 04:31:00","25.43","25.72","25.53","25.63"
"21-03-2018 04:30:00","25.44","25.70","25.53","25.63"
"21-03-2018 04:29:00","25.41","25.70","25.51","25.63"
"21-03-2018 04:28:00","25.45","25.71","25.52","25.62"
"21-03-2018 04:27:00","25.41","25.71","25.51","25.63"
"21-03-2018 04:26:00","25.43","25.75","25.52","25.62"
"21-03-2018 04:25:00","25.43","25.74","25.56","25.64"
"21-03-2018 04:24:00","25.41","25.73","25.57","25.65"
"21-03-2018 04:23:00","25.43","25.73","25.58","25.64"
"21-03-2018 04:22:00","25.43","25.73","25.56","25.62"
"21-03-2018 04:21:00","25.43","25.73","25.56","25.64"
"21-03-2018 04:20:00","25.42","25.71","25.55","25.64"
"21-03-2018 04:19:00","25.41","25.74","25.54","25.63"
"21-03-2018 04:18:00","25.46","25.74","25.57","25.64"
"21-03-2018 04:17:00","25.45","25.75","25.57","25.64"
"21-03-2018 04:16:00","25.44","25.74","25.61","25.64"
"21-03-2018 04:15:00","25.43","25.74","25.59","25.64"
"21-03-2018 04:14:00","25.46","25.73","25.60","25.64"
"21-03-2018 04:13:00","25.43","25.72","25.59","25.63"
"21-03-2018 04:12:00","25.42","25.72","25.58","25.62"
"21-03-2018 04:11:00","25.42","25.72","25.59","25.63"
"21-03-2018 04:10:00","25.46","25.75","25.59","25.64"
"21-03-2018 04:09:00","25.40","25.74","25.59","25.64"
"21-03-2018 04:08:00","25.44","25.74","25.62","25.63"
"21-03-2018 04:07:00","25.41","25.73","25.60","25.62"
"21-03-2018 04:06:00","25.40","25.73","25.59","25.61"
"21-03-2018 04:05:00","25.41","25.69","25.58","25.60"
"21-03-2018 04:04:00","25.39","25.70","25.57","25.60"
"21-03-2018 04:03:00","25.41","25.70","25.57","25.64"
"21-03-2018 04:02:00","25.40","25.70","25.57","25.62"
"21-03-2018 04:01:00","25.42","25.72","25.58","25.62"
"21-03-2018 04:00:00","25.42","25.73","25.59","25.63"
"21-03-2018 03:59:00","25.43","25.72","25.59","25.62"
"21-03-2018 03:58:00","25.40","25.70","25.58","25.61"
"21-03-2018 03:57:00","25.40","25.70","25.56","25.61"
"21-03-2018 03:56:00","25.40","25.68","25.55","25.61"
"21-03-2018 03:55:00","25.40","25.70","25.53","25.61"
"21-03-2018 03:54:00","25.40","25.69","25.54","25.63"
"21-03-2018 03:53:00","25.42","25.71","25.56","25.62"
"21-03-2018 03:52:00","25.41","25.71","25.55","25.62"
"21-03-2018 03:51:00","25.41","25.71","25.54","25.62"
"21-03-2018 03:50:00","25.40","25.70","25.57","25.62"
"21-03-2018 03:49:00","25.39","25.68","25.53","25.61"
"21-03-2018 03:48:00","25.39","25.69","25.53","25.61"
"21-03-2018 03:47:00","25.41","25.68","25.51","25.62"
"21-03-2018 03:46:00","25.41","25.70","25.52","25.65"
"21-03-2018 03:45:00","25.41","25.72","25.56","25.65"
"21-03-2018 03:44:00","25.41","25.71","25.57","25.65"
"21-03-2018 03:43:00","25.41","25.70","25.54","25.64"
"21-03-2018 03:42:00","25.41","25.71","25.54","25.63"
"21-03-2018 03:41:00","25.42","25.72","25.54","25.64"
"21-03-2018 03:40:00","25.41","25.72","25.52","25.63"
"21-03-2018 03:39:00","25.45","25.74","25.55","25.64"
"21-03-2018 03:38:00","25.43","25.75","25.55","25.66"
"21-03-2018 03:37:00","25.44","25.76","25.58","25.67"
"21-03-2018 03:36:00","25.43","25.74","25.61","25.65"
"21-03-2018 03:35:00","25.43","25.73","25.59","25.66"
"21-03-2018 03:34:00","25.43","25.74","25.59","25.65"
"21-03-2018 03:33:00","25.46","25.74","25.59","25.66"
"21-03-2018 03:32:00","25.47","25.74","25.60","25.67"
"21-03-2018 03:31:00","25.46","25.77","25.61","25.67"
"21-03-2018 03:30:00","25.45","25.76","25.62","25.67"
"21-03-2018 03:29:00","25.44","25.75","25.59","25.64"
"21-03-2018 03:28:00","25.43","25.72","25.59","25.64"
"21-03-2018 03:27:00","25.44","25.74","25.58","25.65"
"21-03-2018 03:26:00","25.43","25.74","25.59","25.66"
"21-03-2018 03:25:00","25.45","25.75","25.58","25.66"
"21-03-2018 03:24:00","25.45","25.77","25.59","25.66"
"21-03-2018 03:23:00","25.44","25.78","25.61","25.64"
"21-03-2018 03:22:00","25.43","25.76","25.62","25.66"
"21-03-2018 03:21:00","25.42","25.76","25.61","25.64"
"21-03-2018 03:20:00","25.40","25.74","25.59","25.63"
"21-03-2018 03:19:00","25.41","25.74","25.58","25.62"
"21-03-2018 03:18:00","25.43","25.74","25.57","25.64"
"21-03-2018 03:17:00","25.44","25.76","25.59","25.64"
"21-03-2018 03:16:00","25.44","25.77","25.61","25.65"
"21-03-2018 03:15:00","25.45","25.78","25.62","25.67"
"21-03-2018 03:14:00","25.44","25.78","25.64","25.66"
"21-03-2018 03:13:00","25.42","25.75","25.63","25.66"
"21-03-2018 03:12:00","25.44","25.77","25.62","25.65"
"21-03-2018 03:11:00","25.43","25.75","25.62","25.64"
"21-03-2018 03:10:00","25.42","25.76","25.62","25.66"
"21-03-2018 03:09:00","25.45","25.77","25.64","25.65"
"21-03-2018 03:08:00","25.45","25.80","25.65","25.66"
"21-03-2018 03:07:00","25.45","25.78","25.65","25.67"
"21-03-2018 03:06:00","25.43","25.79","25.66","25.66"
"21-03-2018 03:05:00","25.43","25.78","25.63","25.66"
"21-03-2018 03:04:00","25.43","25.77","25.62","25.65"
"21-03-2018 03:03:00","25.44","25.79","25.63","25.66"
"21-03-2018 03:02:00","25.45","25.80","25.64","25.66"
"21-03-2018 03:01:00","25.45","25.78","25.66","25.66"
"21-03-2018 03:00:00","25.45","25.81","25.66","25.67"
"21-03-2018 02:59:00","25.45","25.80","25.67","25.67"
"21-03-2018 02:58:00","25.45","25.80","25.67","25.67"
"21-03-2018 02:57:00","25.45","25.79","25.65","25.66"
"21-03-2018 02:56:00","25.45","25.79","25.66","25.66"
"21-03-2018 02:55:00","25.47","25.80","25.65","25.69"
"21-03-2018 02:54:00","25.47","25.80","25.65","25.68"
"21-03-2018 02:53:00","25.47","25.80","25.66","25.67"
"21-03-2018 02:52:00","25.46","25.82","25.65","25.66"
"21-03-2018 02:51:00","25.45","25.80","25.62","25.67"
"21-03-2018 02:50:00","25.47","25.78","25.63","25.68"
"21-03-2018 02:49:00","25.45","25.80","25.61","25.69"
"21-03-2018 02:48:00","25.47","25.81","25.62","25.69"
"21-03-2018 02:47:00","25.48","25.80","25.65","25.68"
"21-03-2018 02:46:00","25.48","25.81","25.66","25.68"
"21-03-2018 02:45:00","25.45","25.82","25.65","25.68"
"21-03-2018 02:44:00","25.45","25.81","25.65","25.69"
"21-03-2018 02:43:00","25.45","25.79","25.64","25.68"
"21-03-2018 02:42:00","25.45","25.78","25.64","25.68"
"21-03-2018 02:41:00","25.43","25.78","25.62","25.67"
"21-03-2018 02:40:00","25.46","25.80","25.62","25.68"
"21-03-2018 02:39:00","25.49","25.81","25.64","25.69"
"21-03-2018 02:38:00","25.47","25.81","25.66","25.67"
"21-03-2018 02:37:00","25.47","25.81","25.65","25.68"
"21-03-2018 02:36:00","25.44","25.81","25.65","25.67"
"21-03-2018 02:35:00","25.44","25.81","25.63","25.67"
"21-03-2018 02:34:00","25.44","25.81","25.61","25.67"
"21-03-2018 02:33:00","25.46","25.81","25.61","25.68"
"21-03-2018 02:32:00","25.47","25.82","25.60","25.69"
"21-03-2018 02:31:00","25.47","25.81","25.63","25.68"
"21-03-2018 02:30:00","25.45","25.81","25.65","25.69"
"21-03-2018 02:29:00","25.45","25.80","25.64","25.68"
"21-03-2018 02:28:00","25.44","25.81","25.62","25.66"
"21-03-2018 02:27:00","25.44","25.80","25.61","25.68"
"21-03-2018 02:26:00","25.45","25.80","25.61","25.67"
"21-03-2018 02:25:00","25.48","25.82","25.64","25.67"
"21-03-2018 02:24:00","25.46","25.83","25.63","25.67"
"21-03-2018 02:23:00","25.47","25.83","25.67","25.69"
"21-03-2018 02:22:00","25.47","25.83","25.67","25.68"
"21-03-2018 02:21:00","25.43","25.83","25.67","25.69"
"21-03-2018 02:20:00","25.44","25.84","25.68","25.68"
"21-03-2018 02:19:00","25.45","25.81","25.66","25.69"
"21-03-2018 02:18:00","25.46","25.82","25.66","25.71"
"21-03-2018 02:17:00","25.47","25.84","25.66","25.70"
"21-03-2018 02:16:00","25.48","25.81","25.68","25.70"
"21-03-2018 02:15:00","25.45","25.85","25.68","25.69"
"21-03-2018 02:14:00","25.45","25.85","25.67","25.69"
"21-03-2018 02:13:00","25.46","25.82","25.64","25.69"
"21-03-2018 02:12:00","25.44","25.83","25.65","25.68"
"21-03-2018 02:11:00","25.47","25.84","25.65","25.70"
"21-03-2018 02:10:00","25.48","25.85","25.66","25.70"
"21-03-2018 02:09:00","25.47","25.86","25.67","25.69"
"21-03-2018 02:08:00","25.47","25.85","25.69","25.69"
"21-03-2018 02:07:00","25.48","25.85","25.67","25.70"
"21-03-2018 02:06:00","25.45","25.84","25.66","25.70"
"21-03-2018 02:05:00","25.45","25.85","25.66","25.70"
"21-03-2018 02:04:00","25.47","25.87","25.68","25.70"
"21-03-2018 02:03:00","25.49","25.90","25.70","25.72"
"21-03-2018 02:02:00","25.47","25.88","25.73","25.72"
"21-03-2018 02:01:00","25.47","25.89","25.75","25.72"
"21-03-2018 02:00:00","25.48","25.88","25.73","25.72"
"21-03-2018 01:59:00","25.47","25.86","25.72","25.70"
"21-03-2018 01:58:00","25.48","25.88","25.72","25.70"
"21-03-2018 01:57:00","25.49","25.89","25.71","25.71"
"21-03-2018 01:56:00","25.49","25.87","25.73","25.72"
"21-03-2018 01:55:00","25.45","25.90","25.74","25.71"
"21-03-2018 01:54:00","25.50","25.90","25.76","25.70"
"21-03-2018 01:53:00","25.49","25.89","25.76","25.70"
"21-03-2018 01:52:00","25.48","25.89","25.75","25.71"
"21-03-2018 01:51:00","25.49","25.88","25.75","25.71"
"21-03-2018 01:50:00","25.50","25.88","25.75","25.72"
"21-03-2018 01:49:00","25.51","25.90","25.78","25.73"
"21-03-2018 01:48:00","25.49","25.91","25.79","25.73"
"21-03-2018 01:47:00","25.49","25.92","25.81","25.73"
"21-03-2018 01:46:00","25.48","25.91","25.80","25.71"
"21-03-2018 01:45:00","25.47","25.91","25.83","25.71"
"21-03-2018 01:44:00","25.48","25.89","25.80","25.71"
"21-03-2018 01:43:00","25.50","25.91","25.80","25.72"
"21-03-2018 01:42:00","25.51","25.92","25.81","25.72"
"21-03-2018 01:41:00","25.50","25.94","25.81","25.72"
"21-03-2018 01:40:00","25.48","25.94","25.83","25.72"
"21-03-2018 01:39:00","25.49","25.94","25.82","25.71"
"21-03-2018 01:38:00","25.48","25.92","25.82","25.73"
"21-03-2018 01:37:00","25.49","25.93","25.81","25.72"
"21-03-2018 01:36:00","25.49","25.94","25.82","25.72"
"21-03-2018 01:35:00","25.52","25.93","25.82","25.74"
"21-03-2018 01:34:00","25.51","25.97","25.84","25.75"
"21-03-2018 01:33:00","25.52","25.94","25.82","25.73"
"21-03-2018 01:32:00","25.49","25.94","25.81","25.72"
"21-03-2018 01:31:00","25.50","25.93","25.81","25.74"
"21-03-2018 01:30:00","25.51","25.94","25.81","25.74"
"21-03-2018 01:29:00","25.50","25.93","25.81","25.74"
"21-03-2018 01:28:00","25.52","25.95","25.81","25.75"
"21-03-2018 01:27:00","25.52","25.95","25.81","25.77"
"21-03-2018 01:26:00","25.50","25.94","25.82","25.76"
"21-03-2018 01:25:00","25.50","25.94","25.82","25.77"
"21-03-2018 01:24:00","25.50","25.95","25.80","25.75"
"21-03-2018 01:23:00","25.53","25.93","25.79","25.77"
"21-03-2018 01:22:00","25.52","25.94","25.80","25.77"
"21-03-2018 01:21:00","25.55","25.97","25.80","25.77"
"21-03-2018 01:20:00","25.54","25.95","25.78","25.76"
"21-03-2018 01:19:00","25.53","25.94","25.79","25.77"
"21-03-2018 01:18:00","25.52","25.95","25.75","25.77"
"21-03-2018 01:17:00","25.54","25.92","25.77","25.78"
"21-03-2018 01:16:00","25.54","25.96","25.77","25.77"
"21-03-2018 01:15:00","25.55","25.95","25.77","25.80"
"21-03-2018 01:14:00","25.55","25.95","25.79","25.77"
"21-03-2018 01:13:00","25.52","25.97","25.80","25.77"
"21-03-2018 01:12:00","25.51","25.95","25.79","25.77"
"21-03-2018 01:11:00","25.52","25.96","25.79","25.76"
"21-03-2018 01:10:00","25.53","25.95","25.79","25.76"
"21-03-2018 01:09:00","25.53","25.95","25.78","25.79"
"21-03-2018 01:08:00","25.54","25.96","25.78","25.79"
"21-03-2018 01:07:00","25.54","25.96","25.80","25.79"
"21-03-2018 01:06:00","25.56","25.95","25.81","25.79"
"21-03-2018 01:05:00","25.53","25.95","25.79","25.79"
"21-03-2018 01:04:00","25.53","25.96","25.78","25.78"
"21-03-2018 01:03:00","25.52","25.96","25.77","25.78"
"21-03-2018 01:02:00","25.51","25.92","25.76","25.78"
"21-03-2018 01:01:00","25.53","25.94","25.79","25.78"
"21-03-2018 01:00:00","25.55","25.96","25.80","25.78"
"21-03-2018 12:59:00","25.54","25.98","25.83","25.80"
"21-03-2018 12:58:00","25.55","25.97","25.84","25.79"
"21-03-2018 12:57:00","25.54","25.95","25.83","25.79"
"21-03-2018 12:56:00","25.55","25.99","25.83","25.78"
"21-03-2018 12:55:00","25.55","25.99","25.83","25.80"
"21-03-2018 12:54:00","25.54","25.99","25.83","25.78"
"21-03-2018 12:53:00","25.55","26.00","25.83","25.80"
"21-03-2018 12:52:00","25.56","26.03","25.84","25.78"
"21-03-2018 12:51:00","25.54","26.01","25.85","25.79"
"21-03-2018 12:50:00","25.54","26.01","25.84","25.81"
"21-03-2018 12:49:00","25.52","25.99","25.81","25.78"
"21-03-2018 12:48:00","25.55","25.99","25.82","25.78"
"21-03-2018 12:47:00","25.54","26.00","25.81","25.80"
"21-03-2018 12:46:00","25.52","26.01","25.83","25.80"
"21-03-2018 12:45:00","25.53","26.01","25.83","25.81"
"21-03-2018 12:44:00","25.53","26.01","25.85","25.78"
"21-03-2018 12:43:00","25.53","26.03","25.87","25.78"
"21-03-2018 12:42:00","25.52","26.02","25.88","25.78"
"21-03-2018 12:41:00","25.52","26.02","25.88","25.79"
"21-03-2018 12:40:00","25.53","26.01","25.88","25.79"
"21-03-2018 12:39:00","25.53","26.02","25.89","25.78"
"21-03-2018 12:38:00","25.55","26.03","25.89","25.79"
"21-03-2018 12:37:00","25.54","26.03","25.90","25.79"
"21-03-2018 12:36:00","25.52","26.06","25.89","25.79"
"21-03-2018 12:35:00","25.53","26.07","25.89","25.79"
"21-03-2018 12:34:00","25.52","26.08","25.87","25.78"
"21-03-2018 12:33:00","25.53","26.05","25.87","25.77"
"21-03-2018 12:32:00","25.54","26.08","25.89","25.78"
"21-03-2018 12:31:00","25.54","26.07","25.90","25.80"
"21-03-2018 12:30:00","25.53","26.10","25.88","25.80"
"21-03-2018 12:29:00","25.54","26.10","25.91","25.83"
"21-03-2018 12:28:00","25.54","26.09","25.92","25.84"
"21-03-2018 12:27:00","25.54","26.09","25.89","25.81"
"21-03-2018 12:26:00","25.53","26.10","25.90","25.81"
"21-03-2018 12:25:00","25.56","26.11","25.93","25.82"
"21-03-2018 12:24:00","25.55","26.11","25.95","25.80"
"21-03-2018 12:23:00","25.55","26.13","25.96","25.80"
"21-03-2018 12:22:00","25.55","26.12","25.98","25.80"
"21-03-2018 12:21:00","25.54","26.12","25.97","25.81"
"21-03-2018 12:20:00","25.54","26.14","26.00","25.80"
"21-03-2018 12:19:00","25.53","26.15","26.01","25.81"
"21-03-2018 12:18:00","25.58","26.16","26.00","25.81"
"21-03-2018 12:17:00","25.54","26.14","26.02","25.82"
"21-03-2018 12:16:00","25.55","26.14","26.00","25.82"
"21-03-2018 12:15:00","25.54","26.16","25.97","25.81"
"21-03-2018 12:14:00","25.55","26.16","25.98","25.83"
"21-03-2018 12:13:00","25.59","26.17","26.02","25.85"
"21-03-2018 12:12:00","25.57","26.16","26.02","25.85"
"21-03-2018 12:11:00","25.59","26.16","26.03","25.82"
"21-03-2018 12:10:00","25.57","26.18","26.08","25.84"
"21-03-2018 12:09:00","25.58","26.18","26.04","25.82"
"21-03-2018 12:08:00","25.56","26.18","26.06","25.83"
"21-03-2018 12:07:00","25.58","26.18","26.05","25.84"
"21-03-2018 12:06:00","25.59","26.19","26.08","25.86"
"21-03-2018 12:05:00","25.60","26.20","26.08","25.85"
"21-03-2018 12:04:00","25.59","26.20","26.07","25.84"
"21-03-2018 12:03:00","25.56","26.22","26.06","25.83"
"21-03-2018 12:02:00","25.57","26.21","26.04","25.85"
"21-03-2018 12:01:00","25.58","26.20","26.06","25.87"
"21-03-2018 12:00:00","25.62","26.22","26.08","25.89"
"20-03-2018 11:59:00","25.62","26.26","26.09","25.89"
"20-03-2018 11:58:00","25.60","26.23","26.09","25.89"
"20-03-2018 11:57:00","25.60","26.21","26.08","25.89"
"20-03-2018 11:56:00","25.59","26.24","26.08","25.87"
"20-03-2018 11:55:00","25.62","26.24","26.09","25.89"
"20-03-2018 11:54:00","25.61","26.25","26.10","25.89"
"20-03-2018 11:53:00","25.62","26.29","26.12","25.90"
"20-03-2018 11:52:00","25.62","26.27","26.13","25.91"
"20-03-2018 11:51:00","25.62","26.32","26.15","25.90"
"20-03-2018 11:50:00","25.62","26.35","26.19","25.92"
"20-03-2018 11:49:00","25.61","26.32","26.12","25.86"
"20-03-2018 11:48:00","25.59","26.35","26.15","25.87"
"20-03-2018 11:47:00","25.61","26.36","26.11","25.84"
"20-03-2018 11:46:00","25.65","26.36","26.19","25.92"
"20-03-2018 11:45:00","25.62","26.33","26.14","25.89"
"20-03-2018 11:44:00","25.59","26.34","26.16","25.87"
"20-03-2018 11:43:00","25.59","26.33","26.14","25.88"
"20-03-2018 11:42:00","25.59","26.35","26.16","25.86"
"20-03-2018 11:41:00","25.60","26.36","26.16","25.87"
"20-03-2018 11:40:00","25.60","26.35","26.17","25.89"
"20-03-2018 11:39:00","25.62","26.34","26.23","25.92"
"20-03-2018 11:38:00","25.65","26.35","26.27","25.92"
"20-03-2018 11:37:00","25.66","26.34","26.24","25.97"
"20-03-2018 11:36:00","25.67","26.36","26.17","25.99"
"20-03-2018 11:35:00","25.69","26.35","26.21","25.96"
"20-03-2018 11:34:00","25.67","26.35","26.17","25.96"
"20-03-2018 11:33:00","25.68","26.38","26.24","25.98"
"20-03-2018 11:32:00","25.70","26.38","26.26","25.98"
"20-03-2018 11:31:00","25.68","26.34","26.25","25.98"
"20-03-2018 11:30:00","25.68","26.35","26.27","25.97"
"20-03-2018 11:29:00","25.65","26.37","26.19","25.94"
"20-03-2018 11:28:00","25.65","26.35","26.16","25.94"
"20-03-2018 11:27:00","25.65","26.38","26.16","25.96"
"20-03-2018 11:26:00","25.64","26.40","26.17","25.96"
"20-03-2018 11:25:00","25.64","26.40","26.21","25.96"
"20-03-2018 11:24:00","25.60","26.41","26.16","25.90"
"20-03-2018 11:23:00","25.61","26.37","26.16","25.90"
"20-03-2018 11:22:00","25.59","26.41","26.16","25.92"
"20-03-2018 11:21:00","25.61","26.44","26.17","25.91"
"20-03-2018 11:20:00","25.63","26.43","26.21","25.94"
"20-03-2018 11:19:00","25.65","26.42","26.27","25.96"
"20-03-2018 11:18:00","25.65","26.45","26.28","25.96"
"20-03-2018 11:17:00","25.64","26.43","26.26","25.95"
"20-03-2018 11:16:00","25.66","26.49","26.24","25.96"
"20-03-2018 11:15:00","25.65","26.47","26.25","25.98"
"20-03-2018 11:14:00","25.67","26.50","26.26","25.97"
"20-03-2018 11:13:00","25.70","26.52","26.31","26.02"
"20-03-2018 11:12:00","25.72","26.52","26.35","26.06"
"20-03-2018 11:11:00","25.67","26.48","26.33","26.00"
"20-03-2018 11:10:00","25.65","26.49","26.32","26.01"
"20-03-2018 11:09:00","25.68","26.51","26.29","25.98"
"20-03-2018 11:08:00","25.69","26.50","26.32","26.01"
"20-03-2018 11:07:00","25.68","26.52","26.32","26.00"
"20-03-2018 11:06:00","25.66","26.51","26.34","25.98"
"20-03-2018 11:05:00","25.66","26.53","26.37","25.99"
"20-03-2018 11:04:00","25.66","26.54","26.33","25.99"
"20-03-2018 11:03:00","25.63","26.53","26.30","25.96"
"20-03-2018 11:02:00","25.63","26.55","26.28","25.95"
"20-03-2018 11:01:00","25.61","26.58","26.29","25.94"
"20-03-2018 11:00:00","25.62","26.61","26.33","25.93"
"20-03-2018 10:59:00","25.63","26.59","26.31","25.96"
"20-03-2018 10:58:00","25.66","26.57","26.34","26.00"
"20-03-2018 10:57:00","25.71","26.52","26.29","26.02"
"20-03-2018 10:56:00","25.70","26.53","26.31","26.03"
"20-03-2018 10:55:00","25.73","26.53","26.34","26.07"
"20-03-2018 10:54:00","25.71","26.47","26.33","26.05"
"20-03-2018 10:53:00","25.68","26.51","26.34","26.05"
"20-03-2018 10:52:00","25.69","26.51","26.32","26.04"
"20-03-2018 10:51:00","25.69","26.54","26.33","26.03"
"20-03-2018 10:50:00","25.70","26.56","26.34","26.05"
"20-03-2018 10:49:00","25.71","26.51","26.35","26.08"
"20-03-2018 10:48:00","25.73","26.54","26.36","26.08"
"20-03-2018 10:47:00","25.71","26.52","26.33","26.06"
"20-03-2018 10:46:00","25.70","26.53","26.36","26.08"
"20-03-2018 10:45:00","25.67","26.54","26.34","26.05"
"20-03-2018 10:44:00","25.66","26.57","26.35","26.03"
"20-03-2018 10:43:00","25.68","26.56","26.35","26.05"
"20-03-2018 10:42:00","25.69","26.57","26.35","26.05"
"20-03-2018 10:41:00","25.69","26.58","26.35","26.03"
"20-03-2018 10:40:00","25.70","26.62","26.38","26.06"
"20-03-2018 10:39:00","25.73","26.56","26.35","26.10"
"20-03-2018 10:38:00","25.72","26.55","26.37","26.08"
"20-03-2018 10:37:00","25.73","26.56","26.39","26.10"
"20-03-2018 10:36:00","25.73","26.57","26.39","26.09"
"20-03-2018 10:35:00","25.72","26.58","26.40","26.10"
"20-03-2018 10:34:00","25.75","26.59","26.42","26.11"
"20-03-2018 10:33:00","25.72","26.60","26.42","26.09"
"20-03-2018 10:32:00","25.73","26.58","26.44","26.11"
"20-03-2018 10:31:00","25.75","26.60","26.41","26.13"
"20-03-2018 10:30:00","25.76","26.60","26.42","26.13"
"20-03-2018 10:29:00","25.75","26.62","26.43","26.13"
"20-03-2018 10:28:00","25.76","26.62","26.44","26.12"
"20-03-2018 10:27:00","25.75","26.63","26.42","26.13"
"20-03-2018 10:26:00","25.75","26.63","26.44","26.14"
"20-03-2018 10:25:00","25.75","26.66","26.46","26.14"
"20-03-2018 10:24:00","25.75","26.67","26.47","26.17"
"20-03-2018 10:23:00","25.76","26.72","26.47","26.16"
"20-03-2018 10:22:00","25.74","26.73","26.50","26.14"
"20-03-2018 10:21:00","25.76","26.75","26.50","26.17"
"20-03-2018 10:20:00","25.76","26.76","26.52","26.16"
"20-03-2018 10:19:00","25.76","26.66","26.51","26.17"
"20-03-2018 10:18:00","25.78","26.70","26.52","26.17"
"20-03-2018 10:17:00","25.77","26.68","26.51","26.19"
"20-03-2018 10:16:00","25.80","26.73","26.52","26.19"
"20-03-2018 10:15:00","25.80","26.76","26.52","26.20"
"20-03-2018 10:14:00","25.79","26.76","26.55","26.20"
"20-03-2018 10:13:00","25.80","26.73","26.55","26.20"
"20-03-2018 10:12:00","25.77","26.74","26.57","26.19"
"20-03-2018 10:11:00","25.78","26.77","26.56","26.21"
"20-03-2018 10:10:00","25.81","26.78","26.60","26.22"
"20-03-2018 10:09:00","25.83","26.80","26.62","26.22"
"20-03-2018 10:08:00","25.79","26.82","26.63","26.24"
"20-03-2018 10:07:00","25.79","26.80","26.64","26.23"
"20-03-2018 10:06:00","25.78","26.84","26.64","26.23"
"20-03-2018 10:05:00","25.78","26.82","26.67","26.24"
"20-03-2018 10:04:00","25.84","26.83","26.70","26.24"
"20-03-2018 10:03:00","25.84","26.84","26.71","26.27"
"20-03-2018 10:02:00","25.83","26.85","26.73","26.27"
"20-03-2018 10:01:00","25.83","26.87","26.74","26.25"
"20-03-2018 10:00:00","25.81","26.89","26.74","26.28"
"20-03-2018 09:59:00","25.82","26.88","26.74","26.27"
"20-03-2018 09:58:00","25.86","26.93","26.73","26.28"
"20-03-2018 09:57:00","25.86","26.94","26.75","26.29"
"20-03-2018 09:56:00","25.89","27.02","26.81","26.30"
"20-03-2018 09:55:00","25.88","27.09","26.79","26.30"
"20-03-2018 09:54:00","25.93","27.11","26.80","26.38"
"20-03-2018 09:53:00","25.94","27.02","26.82","26.42"
"20-03-2018 09:52:00","25.91","26.98","26.82","26.35"
"20-03-2018 09:51:00","25.91","26.99","26.82","26.38"
"20-03-2018 09:50:00","25.94","26.98","26.86","26.41"
"20-03-2018 09:49:00","25.90","26.98","26.85","26.36"
"20-03-2018 09:48:00","25.93","27.02","26.89","26.37"
"20-03-2018 09:47:00","25.95","26.99","26.85","26.39"
"20-03-2018 09:46:00","25.94","27.03","26.88","26.40"
"20-03-2018 09:45:00","25.90","27.07","26.91","26.39"
"20-03-2018 09:44:00","25.93","27.05","26.94","26.40"
"20-03-2018 09:43:00","25.93","27.06","26.98","26.39"
"20-03-2018 09:42:00","25.92","27.07","26.97","26.40"
"20-03-2018 09:41:00","25.93","27.08","26.98","26.41"
"20-03-2018 09:40:00","25.92","27.10","27.01","26.40"
"20-03-2018 09:39:00","25.96","27.11","27.03","26.42"
"20-03-2018 09:38:00","25.94","27.12","27.05","26.42"
"20-03-2018 09:37:00","25.94","27.16","27.05","26.42"
"20-03-2018 09:36:00","25.93","27.11","27.05","26.44"
"20-03-2018 09:35:00","25.97","27.14","27.07","26.44"
"20-03-2018 09:34:00","25.96","27.16","27.09","26.45"
"20-03-2018 09:33:00","25.99","27.22","27.11","26.46"
"20-03-2018 09:32:00","25.96","27.20","27.14","26.46"
"20-03-2018 09:31:00","26.00","27.25","27.16","26.47"
"20-03-2018 09:30:00","26.03","27.28","27.21","26.47"
"20-03-2018 09:29:00","25.99","27.27","27.21","26.47"
"20-03-2018 09:28:00","26.02","27.28","27.22","26.50"
"20-03-2018 09:27:00","25.99","27.34","27.25","26.50"
"20-03-2018 09:26:00","26.00","27.31","27.27","26.49"
"20-03-2018 09:25:00","26.00","27.36","27.30","26.50"
"20-03-2018 09:24:00","26.03","27.38","27.33","26.52"
"20-03-2018 09:23:00","26.02","27.42","27.33","26.54"
"20-03-2018 09:22:00","26.05","27.32","27.34","26.56"
"20-03-2018 09:21:00","26.07","27.38","27.34","26.56"
"20-03-2018 09:20:00","26.08","27.44","27.36","26.57"
"20-03-2018 09:19:00","26.10","27.49","27.39","26.58"
"20-03-2018 09:18:00","26.07","27.55","27.40","26.58"
"20-03-2018 09:17:00","26.10","27.55","27.42","26.62"
"20-03-2018 09:16:00","26.17","27.34","27.43","26.68"
"20-03-2018 09:15:00","26.16","27.39","27.45","26.69"
"20-03-2018 09:14:00","26.17","27.41","27.49","26.68"
"20-03-2018 09:13:00","26.17","27.44","27.51","26.69"
"20-03-2018 09:12:00","26.24","27.41","27.55","26.72"
"20-03-2018 09:11:00","26.23","27.41","27.58","26.75"
"20-03-2018 09:10:00","26.23","27.44","27.60","26.76"
"20-03-2018 09:09:00","26.27","27.51","27.65","26.79"
"20-03-2018 09:08:00","26.28","27.49","27.68","26.81"
"20-03-2018 09:07:00","26.26","27.54","27.72","26.81"
"20-03-2018 09:06:00","26.28","27.55","27.74","26.84"
"20-03-2018 09:05:00","26.27","27.55","27.76","26.85"
"20-03-2018 09:04:00","26.30","27.57","27.78","26.86"
"20-03-2018 09:03:00","26.32","27.59","27.80","26.88"
"20-03-2018 09:02:00","26.30","27.67","27.85","26.89"
"20-03-2018 09:01:00","26.30","27.69","27.87","26.92"
"20-03-2018 09:00:00","26.34","27.75","27.89","26.93"
"20-03-2018 08:59:00","26.39","27.68","27.91","26.99"
"20-03-2018 08:58:00","26.45","27.68","27.86","27.05"
"20-03-2018 08:57:00","26.47","27.72","27.90","27.08"
"20-03-2018 08:56:00","26.50","27.76","27.94","27.12"
"20-03-2018 08:55:00","26.51","27.75","28.01","27.16"
"20-03-2018 08:54:00","26.38","27.76","28.06","27.03"
"20-03-2018 08:53:00","26.39","27.79","28.11","27.04"
"20-03-2018 08:52:00","26.43","27.77","28.10","27.08"
"20-03-2018 08:51:00","26.43","27.82","28.18","27.12"
"20-03-2018 08:50:00","26.46","27.90","28.24","27.16"
"20-03-2018 08:49:00","26.51","27.76","28.18","27.23"
"20-03-2018 08:48:00","26.57","27.70","28.17","27.29"
"20-03-2018 08:47:00","26.58","27.71","28.19","27.32"
"20-03-2018 08:46:00","26.60","27.78","28.19","27.37"
"20-03-2018 08:45:00","26.62","27.81","28.22","27.39"
"20-03-2018 08:44:00","26.64","27.85","28.23","27.43"
"20-03-2018 08:43:00","26.68","27.77","28.28","27.49"
"20-03-2018 08:42:00","26.75","27.80","28.31","27.52"
"20-03-2018 08:41:00","26.78","27.81","28.35","27.58"
"20-03-2018 08:40:00","26.81","27.87","28.36","27.65"
"20-03-2018 08:39:00","26.84","27.91","28.41","27.68"
"20-03-2018 08:38:00","26.89","27.96","28.45","27.78"
"20-03-2018 08:37:00","27.00","27.87","28.34","27.87"
"20-03-2018 08:36:00","27.05","27.92","28.31","27.98"
"20-03-2018 08:35:00","27.08","27.85","28.30","28.05"
"20-03-2018 08:34:00","27.12","27.89","28.27","28.16"
"20-03-2018 08:33:00","27.22","27.89","28.25","28.30"
"20-03-2018 08:32:00","27.32","27.93","28.20","28.47"
"20-03-2018 08:31:00","27.46","28.01","28.10","28.72"
"20-03-2018 08:30:00","27.51","28.15","28.05","28.93"
"20-03-2018 08:29:00","27.76","27.71","28.02","28.85"
"20-03-2018 08:28:00","27.76","28.11","27.97","29.18"
"20-03-2018 08:27:00","28.01","28.26","28.23","29.21"
"20-03-2018 08:26:00","27.84","28.63","28.34","29.26"
"20-03-2018 08:25:00","27.85","28.71","28.12","29.53"
"20-03-2018 08:24:00","28.29","28.61","28.40","29.69"
"20-03-2018 08:23:00","28.55","28.67","28.47","29.81"
"20-03-2018 08:22:00","29.05","28.45","28.73","30.03"
"20-03-2018 08:21:00","29.28","29.34","29.24","30.21"
"20-03-2018 08:20:00","29.12","29.50","28.98","30.21"
"20-03-2018 08:19:00","29.02","29.28","28.94","30.39"
"20-03-2018 08:18:00","29.26","29.29","29.06","30.39"
"20-03-2018 08:17:00","29.32","29.20","28.85","30.46"
"20-03-2018 08:16:00","29.09","29.12","28.70","30.54"
"20-03-2018 08:15:00","29.03","29.23","28.83","30.43"
"20-03-2018 08:14:00","28.92","28.99","28.93","30.22"
"20-03-2018 08:13:00","28.95","29.07","28.61","30.04"
"20-03-2018 08:12:00","28.44","28.73","28.60","29.73"
"20-03-2018 08:11:00","27.59","28.57","28.24","29.44"
"20-03-2018 08:10:00","27.47","28.16","28.21","29.03"
"20-03-2018 08:09:00","27.21","27.80","28.14","28.73"
"20-03-2018 08:08:00","27.05","27.97","28.10","28.51"
"20-03-2018 08:07:00","27.04","27.92","27.98","28.94"
"20-03-2018 08:06:00","27.16","27.90","28.13","28.82"
"20-03-2018 08:05:00","27.31","28.30","28.07","28.75"
"20-03-2018 08:04:00","27.35","28.48","28.28","28.79"
"20-03-2018 08:03:00","27.44","28.47","28.24","28.98"
"20-03-2018 08:02:00","27.19","28.05","28.26","28.69"
"20-03-2018 08:01:00","27.15","28.16","28.16","28.63"
"20-03-2018 08:00:00","27.15","28.34","28.11","28.81"
"20-03-2018 07:59:00","27.08","28.25","28.18","28.82"
"20-03-2018 07:58:00","27.14","28.20","28.15","28.57"
"20-03-2018 07:57:00","27.06","27.58","28.05","28.57"
"20-03-2018 07:56:00","27.07","28.21","28.35","28.67"
"20-03-2018 07:55:00","27.08","28.21","28.15","28.81"
"20-03-2018 07:54:00","27.15","28.33","28.23","28.67"
"20-03-2018 07:53:00","26.73","28.56","28.03","28.60"
"20-03-2018 07:52:00","27.08","28.21","28.39","28.66"
"20-03-2018 07:51:00","27.28","28.44","28.51","28.75"
"20-03-2018 07:50:00","27.12","28.37","28.44","28.75"
"20-03-2018 07:49:00","27.22","28.48","28.38","28.87"
"20-03-2018 07:48:00","27.14","28.70","28.47","28.65"
"20-03-2018 07:47:00","26.82","28.54","28.26","28.83"
"20-03-2018 07:46:00","26.89","28.66","28.43","28.50"
"20-03-2018 07:45:00","26.90","28.42","28.34","28.67"
"20-03-2018 07:44:00","27.16","28.67","28.48","28.95"
"20-03-2018 07:43:00","26.94","28.12","28.43","28.50"
"20-03-2018 07:42:00","27.30","28.71","28.48","28.54"
"20-03-2018 07:41:00","27.02","29.04","28.46","28.70"
"20-03-2018 07:40:00","27.43","28.95","28.46","28.73"
"20-03-2018 07:39:00","27.17","28.46","28.52","28.58"
"20-03-2018 07:38:00","27.58","29.05","28.69","28.94"
"20-03-2018 07:37:00","27.33","28.66","28.54","28.85"
"20-03-2018 07:36:00","27.52","28.60","28.64","28.93"
"20-03-2018 07:35:00","27.86","29.35","29.01","29.13"
"20-03-2018 07:34:00","28.31","29.18","29.28","29.04"
"20-03-2018 07:33:00","28.38","29.57","29.39","29.59"
"20-03-2018 07:32:00","28.79","30.04","29.69","29.71"
"20-03-2018 07:31:00","27.89","29.84","29.77","29.39"
"20-03-2018 07:30:00","28.41","30.00","29.97","29.52"
"20-03-2018 07:29:00","28.06","29.96","29.56","29.48"
"20-03-2018 07:28:00","27.82","29.87","29.59","29.43"
"20-03-2018 07:27:00","27.98","29.56","29.30","29.30"
"20-03-2018 07:26:00","27.81","29.73","29.49","29.33"
"20-03-2018 07:25:00","27.37","29.38","29.33","29.09"
"20-03-2018 07:24:00","27.19","29.48","29.17","29.06"
"20-03-2018 07:23:00","26.85","28.78","29.02","28.87"
"20-03-2018 07:22:00","26.15","29.21","28.84","28.50"
"20-03-2018 07:21:00","26.11","28.12","28.59","28.32"
"20-03-2018 07:20:00","25.88","28.34","28.82","28.06"
"20-03-2018 07:19:00","26.09","28.79","28.80","28.10"
"20-03-2018 07:18:00","25.80","28.76","28.72","28.10"
"20-03-2018 07:17:00","25.86","28.28","28.85","28.06"
"20-03-2018 07:16:00","25.79","28.81","28.73","28.03"
"20-03-2018 07:15:00","25.54","28.66","28.84","27.93"
"20-03-2018 07:14:00","25.75","28.69","28.95","27.90"
"20-03-2018 07:13:00","25.54","28.89","28.77","27.86"
"20-03-2018 07:12:00","25.65","28.97","29.03","27.68"
"20-03-2018 07:11:00","25.60","28.69","28.90","27.71"
"20-03-2018 07:10:00","25.75","28.89","29.23","27.96"
"20-03-2018 07:09:00","25.78","28.40","29.07","27.71"
"20-03-2018 07:08:00","25.50","28.63","29.01","27.76"
"20-03-2018 07:07:00","25.40","29.61","29.44","27.28"
"20-03-2018 07:06:00","25.02","29.02","29.42","27.30"
"20-03-2018 07:05:00","25.31","29.13","29.43","27.31"
"20-03-2018 07:04:00","25.04","28.90","29.57","27.15"
"20-03-2018 07:03:00","24.73","28.78","29.56","27.32"
"20-03-2018 07:02:00","24.75","28.75","29.85","27.27"
"20-03-2018 07:01:00","24.85","29.03","29.61","26.98"
"20-03-2018 07:00:00","24.45","29.21","30.01","27.07"
"20-03-2018 06:59:00","24.19","28.83","30.15","26.89"
"20-03-2018 06:58:00","23.91","29.07","30.31","26.93"
"20-03-2018 06:57:00","23.16","29.48","30.66","26.84"
"20-03-2018 06:56:00","23.81","29.24","30.84","26.79"
"20-03-2018 06:55:00","23.62","29.69","30.43","26.80"
"20-03-2018 06:54:00","22.98","29.42","30.51","26.67"
"20-03-2018 06:53:00","22.13","29.15","30.49","26.00"
"20-03-2018 06:52:00","21.23","29.53","30.94","25.94"
"20-03-2018 06:51:00","21.44","29.14","30.50","25.93"
"20-03-2018 06:50:00","21.12","29.19","30.68","26.03"
"20-03-2018 06:49:00","21.49","29.41","30.90","26.24"
"20-03-2018 06:48:00","21.35","29.26","31.03","26.12"
"20-03-2018 06:47:00","22.01","29.26","30.68","26.43"
"20-03-2018 06:46:00","22.14","29.37","30.87","26.64"
"20-03-2018 06:45:00","22.82","29.53","31.04","26.90"
"20-03-2018 06:44:00","23.08","29.81","30.85","27.23"
"20-03-2018 06:43:00","23.73","29.78","30.91","27.49"
"20-03-2018 06:42:00","24.18","30.11","30.99","28.10"
"20-03-2018 06:41:00","24.98","30.03","30.91","28.44"
"20-03-2018 06:40:00","25.83","30.40","31.28","28.56"
"20-03-2018 06:39:00","26.01","30.64","30.94","28.81"
"20-03-2018 06:38:00","26.06","30.47","30.87","28.83"
"20-03-2018 06:37:00","26.26","30.32","31.05","28.78"
"20-03-2018 06:36:00","26.29","30.31","31.12","28.88"
"20-03-2018 06:35:00","26.11","30.46","31.16","28.65"
"20-03-2018 06:34:00","25.94","30.25","30.95","28.68"
"20-03-2018 06:33:00","26.15","30.11","30.43","28.74"
"20-03-2018 06:32:00","26.03","30.29","31.00","28.61"
"20-03-2018 06:31:00","26.18","30.44","30.90","28.75"
"20-03-2018 06:30:00","25.91","30.78","31.12","28.79"
"20-03-2018 06:29:00","25.76","30.47","31.10","28.60"
"20-03-2018 06:28:00","25.87","30.44","30.86","28.73"
"20-03-2018 06:27:00","25.72","30.23","30.67","28.64"
"20-03-2018 06:26:00","25.98","30.04","30.89","28.58"
"20-03-2018 06:25:00","25.84","30.35","30.80","28.65"
"20-03-2018 06:24:00","26.00","30.26","30.57","28.58"
"20-03-2018 06:23:00","25.51","29.95","30.82","28.49"
"20-03-2018 06:22:00","25.67","30.20","30.83","28.49"
"20-03-2018 06:21:00","25.45","30.63","30.80","28.55"
"20-03-2018 06:20:00","25.73","30.49","30.87","28.53"
"20-03-2018 06:19:00","25.97","30.18","31.31","28.48"
"20-03-2018 06:18:00","25.53","30.14","30.90","28.45"
"20-03-2018 06:17:00","25.63","30.48","31.12","28.43"
"20-03-2018 06:16:00","25.35","30.22","31.11","28.41"
"20-03-2018 06:15:00","25.27","30.28","31.05","28.05"
"20-03-2018 06:14:00","25.27","30.13","30.94","28.12"
"20-03-2018 06:13:00","25.25","29.82","31.15","27.80"
"20-03-2018 06:12:00","24.91","29.76","30.68","27.82"
"20-03-2018 06:11:00","24.78","29.38","30.65","28.00"
"20-03-2018 06:10:00","24.92","29.92","30.71","27.71"
"20-03-2018 06:09:00","24.69","29.98","30.70","27.47"
"20-03-2018 06:08:00","24.02","29.77","30.94","27.37"
"20-03-2018 06:07:00","24.13","29.38","30.95","27.41"
"20-03-2018 06:06:00","23.77","29.52","31.33","27.11"
"20-03-2018 06:05:00","23.27","29.18","31.21","26.78"
"20-03-2018 06:04:00","22.63","29.18","31.17","26.42"
"20-03-2018 06:03:00","21.20","29.52","31.07","26.08"
"20-03-2018 06:02:00","21.02","29.27","30.82","26.04"
"20-03-2018 06:01:00","21.50","29.64","31.31","26.33"
"20-03-2018 06:00:00","21.31","29.52","31.54","26.39"
"20-03-2018 05:59:00","21.42","29.58","31.45","26.47"
"20-03-2018 05:58:00","21.87","29.69","31.19","26.64"
"20-03-2018 05:57:00","22.21","29.90","31.35","27.11"
"20-03-2018 05:56:00","22.77","30.13","31.57","27.29"
"20-03-2018 05:55:00","23.30","30.09","31.42","27.79"
"20-03-2018 05:54:00","24.38","30.50","31.68","28.09"
"20-03-2018 05:53:00","25.06","30.41","31.46","28.48"
"20-03-2018 05:52:00","25.53","30.77","31.22","28.95"
"20-03-2018 05:51:00","26.28","31.03","31.67","29.27"
"20-03-2018 05:50:00","26.51","30.94","31.29","29.31"
"20-03-2018 05:49:00","26.47","31.35","31.89","29.26"
"20-03-2018 05:48:00","26.67","31.55","31.30","29.23"
"20-03-2018 05:47:00","26.59","31.21","31.49","29.13"
"20-03-2018 05:46:00","26.75","31.21","31.52","29.32"
"20-03-2018 05:45:00","26.88","31.15","31.84","29.51"
"20-03-2018 05:44:00","26.71","31.54","31.65","29.34"
"20-03-2018 05:43:00","26.50","31.18","31.70","29.44"
"20-03-2018 05:42:00","26.63","30.82","31.84","29.42"
"20-03-2018 05:41:00","26.12","31.07","32.00","29.39"
"20-03-2018 05:40:00","27.29","31.13","31.86","29.43"
"20-03-2018 05:39:00","26.70","31.16","32.11","29.45"
"20-03-2018 05:38:00","26.75","31.19","31.71","29.47"
"20-03-2018 05:37:00","26.73","30.84","31.54","29.48"
"20-03-2018 05:36:00","27.07","31.29","31.82","29.44"
"20-03-2018 05:35:00","26.98","31.44","32.09","29.53"
"20-03-2018 05:34:00","26.83","31.11","32.02","29.51"
"20-03-2018 05:33:00","26.99","31.63","31.75","29.52"
"20-03-2018 05:32:00","26.96","31.06","31.87","29.59"
"20-03-2018 05:31:00","26.84","31.00","31.96","29.69"
"20-03-2018 05:30:00","27.00","31.46","31.83","29.59"
"20-03-2018 05:29:00","27.14","31.27","31.93","29.90"
"20-03-2018 05:28:00","27.09","31.20","32.01","29.65"
"20-03-2018 05:27:00","27.38","30.89","31.49","29.73"
"20-03-2018 05:26:00","27.19","31.12","31.72","29.90"
"20-03-2018 05:25:00","27.37","31.94","31.98","30.05"
"20-03-2018 05:24:00","27.24","31.57","32.07","30.26"
"20-03-2018 05:23:00","27.27","31.77","31.99","31.18"
"20-03-2018 05:22:00","26.89","32.51","31.99","31.91"
"20-03-2018 05:21:00","26.70","32.04","32.10","31.86"
"20-03-2018 05:20:00","26.65","32.55","32.43","32.01"
"20-03-2018 05:19:00","26.26","32.31","32.11","32.05"
"20-03-2018 05:18:00","25.88","32.65","32.17","31.88"
"20-03-2018 05:17:00","25.29","32.52","32.59","31.92"
"20-03-2018 05:16:00","24.57","32.79","32.48","31.86"
"20-03-2018 05:15:00","23.76","32.65","32.27","31.68"
"20-03-2018 05:14:00","24.08","32.33","32.04","31.79"
"20-03-2018 05:13:00","24.67","32.35","32.12","31.98"
"20-03-2018 05:12:00","24.65","32.64","32.09","32.03"
"20-03-2018 05:11:00","25.13","32.73","32.28","32.10"
"20-03-2018 05:10:00","25.38","32.71","32.28","32.16"
"20-03-2018 05:09:00","25.92","32.38","32.13","32.16"
"20-03-2018 05:08:00","26.05","32.56","32.22","32.21"
"20-03-2018 05:07:00","26.78","32.38","32.36","32.46"
"20-03-2018 05:06:00","27.69","32.62","32.36","32.30"
"20-03-2018 05:05:00","28.67","32.59","32.38","32.62"
"20-03-2018 05:04:00","28.68","33.20","32.47","32.61"
"20-03-2018 05:03:00","28.63","32.81","32.34","32.63"
"20-03-2018 05:02:00","28.49","33.34","32.75","32.61"
"20-03-2018 05:01:00","28.42","32.72","32.82","32.66"
"20-03-2018 05:00:00","28.74","32.71","32.49","32.40"
"20-03-2018 04:59:00","28.63","32.55","32.40","32.69"
"20-03-2018 04:58:00","28.27","32.69","32.44","32.40"
"20-03-2018 04:57:00","28.06","33.16","32.63","32.60"
"20-03-2018 04:56:00","28.11","32.52","32.74","32.55"
"20-03-2018 04:55:00","27.88","32.76","32.50","32.40"
"20-03-2018 04:54:00","28.12","32.56","32.75","32.62"
"20-03-2018 04:53:00","27.71","32.74","32.81","32.41"
"20-03-2018 04:52:00","27.61","32.83","32.58","32.31"
"20-03-2018 04:51:00","27.40","32.77","32.53","32.35"
"20-03-2018 04:50:00","27.16","32.89","32.57","32.30"
"20-03-2018 04:49:00","27.07","33.12","32.41","32.25"
"20-03-2018 04:48:00","26.53","32.78","32.50","32.16"
"20-03-2018 04:47:00","26.41","32.72","32.54","32.18"
"20-03-2018 04:46:00","26.04","32.29","32.38","32.24"
"20-03-2018 04:45:00","25.73","32.60","32.42","32.09"
"20-03-2018 04:44:00","25.05","32.40","32.39","32.24"
"20-03-2018 04:43:00","23.61","32.87","32.59","31.98"
"20-03-2018 04:42:00","23.84","32.69","32.41","32.03"
"20-03-2018 04:41:00","24.03","33.07","32.58","32.01"
"20-03-2018 04:40:00","24.25","32.70","32.30","32.23"
"20-03-2018 04:39:00","24.64","32.98","32.54","32.09"
"20-03-2018 04:38:00","25.27","32.24","32.38","32.21"
"20-03-2018 04:37:00","25.44","33.10","32.52","32.29"
"20-03-2018 04:36:00","25.90","33.14","32.60","32.30"
"20-03-2018 04:35:00","26.52","32.90","32.87","32.43"
"20-03-2018 04:34:00","26.94","32.93","32.60","32.39"
"20-03-2018 04:33:00","27.33","32.53","32.38","32.38"
"20-03-2018 04:32:00","28.26","32.92","32.35","32.45"
"20-03-2018 04:31:00","29.00","32.62","32.36","32.72"
"20-03-2018 04:30:00","29.00","32.27","32.36","32.38"
"20-03-2018 04:29:00","28.74","32.78","31.95","32.26"
"20-03-2018 04:28:00","28.82","32.45","32.30","32.38"
"20-03-2018 04:27:00","28.79","32.49","32.14","32.60"
"20-03-2018 04:26:00","28.67","32.53","32.48","32.47"
"20-03-2018 04:25:00","28.81","32.46","32.46","32.36"
"20-03-2018 04:24:00","28.80","32.50","32.43","32.59"
"20-03-2018 04:23:00","28.46","32.90","32.51","32.52"
"20-03-2018 04:22:00","28.59","32.96","32.63","32.59"
"20-03-2018 04:21:00","28.05","32.96","32.57","32.79"
"20-03-2018 04:20:00","28.39","33.17","32.92","32.70"
"20-03-2018 04:19:00","27.97","32.75","32.84","32.41"
"20-03-2018 04:18:00","27.83","33.05","32.52","32.50"
"20-03-2018 04:17:00","27.76","33.13","32.53","32.49"
"20-03-2018 04:16:00","27.89","32.75","32.55","32.48"
"20-03-2018 04:15:00","27.26","32.76","32.67","32.55"
"20-03-2018 04:14:00","27.06","33.17","32.91","32.54"
"20-03-2018 04:13:00","27.04","32.70","32.86","32.46"
"20-03-2018 04:12:00","26.58","33.30","33.05","32.43"
"20-03-2018 04:11:00","26.25","32.80","32.88","32.36"
"20-03-2018 04:10:00","26.10","33.14","32.62","32.30"
"20-03-2018 04:09:00","25.83","32.86","32.81","32.16"
"20-03-2018 04:08:00","25.18","32.77","32.58","31.92"
"20-03-2018 04:07:00","23.99","32.91","32.38","32.08"
"20-03-2018 04:06:00","23.84","33.04","32.80","32.16"
"20-03-2018 04:05:00","23.90","32.75","32.41","32.13"
"20-03-2018 04:04:00","24.05","32.70","32.51","32.16"
"20-03-2018 04:03:00","24.68","33.11","32.54","32.15"
"20-03-2018 04:02:00","24.91","32.76","32.63","32.35"
"20-03-2018 04:01:00","25.45","33.23","32.92","32.54"
"20-03-2018 04:00:00","25.38","32.95","32.74","32.39"
"20-03-2018 03:59:00","26.08","33.01","32.64","32.37"
"20-03-2018 03:58:00","26.66","32.71","32.40","32.41"
"20-03-2018 03:57:00","27.34","33.01","32.68","32.44"
"20-03-2018 03:56:00","27.95","33.03","32.90","32.49"
"20-03-2018 03:55:00","27.96","32.66","32.43","32.37"
"20-03-2018 03:54:00","28.06","33.13","32.85","32.55"
"20-03-2018 03:53:00","27.77","32.92","32.64","32.51"
"20-03-2018 03:52:00","27.36","33.02","32.51","32.58"
"20-03-2018 03:51:00","27.41","33.16","33.13","32.38"
"20-03-2018 03:50:00","27.29","32.85","32.18","32.27"
"20-03-2018 03:49:00","27.22","32.84","32.44","32.28"
"20-03-2018 03:48:00","26.76","32.89","32.63","32.21"
"20-03-2018 03:47:00","26.48","32.55","32.75","32.15"
"20-03-2018 03:46:00","26.25","33.10","32.68","32.14"
"20-03-2018 03:45:00","25.88","33.12","33.06","32.08"
"20-03-2018 03:44:00","25.62","32.56","32.70","31.92"
"20-03-2018 03:43:00","24.80","33.17","32.39","31.92"
"20-03-2018 03:42:00","24.85","33.00","32.69","31.90"
"20-03-2018 03:41:00","24.12","32.53","32.50","31.52"
"20-03-2018 03:40:00","24.21","32.18","32.25","31.28"
"20-03-2018 03:39:00","23.26","32.41","32.12","31.32"
"20-03-2018 03:38:00","22.74","32.03","32.72","30.76"
"20-03-2018 03:37:00","21.86","31.78","32.84","29.36"
"20-03-2018 03:36:00","21.60","30.30","32.51","26.63"
"20-03-2018 03:35:00","21.34","30.16","32.34","26.74"
"20-03-2018 03:34:00","21.40","30.36","32.41","26.51"
"20-03-2018 03:33:00","21.73","30.91","32.80","26.55"
"20-03-2018 03:32:00","21.83","30.86","32.63","26.70"
"20-03-2018 03:31:00","21.67","30.88","32.59","27.06"
"20-03-2018 03:30:00","21.83","30.71","32.96","27.25"
"20-03-2018 03:29:00","22.83","31.28","32.52","27.31"
"20-03-2018 03:28:00","23.01","30.98","32.50","27.71"
"20-03-2018 03:27:00","23.57","30.70","32.74","28.04"
"20-03-2018 03:26:00","23.97","30.83","32.98","28.08"
"20-03-2018 03:25:00","24.61","31.23","32.44","28.60"
"20-03-2018 03:24:00","25.54","31.28","32.37","28.81"
"20-03-2018 03:23:00","26.36","30.92","32.06","29.06"
"20-03-2018 03:22:00","25.89","30.73","32.04","29.12"
"20-03-2018 03:21:00","25.72","30.82","32.02","29.01"
"20-03-2018 03:20:00","25.77","31.44","32.31","28.87"
"20-03-2018 03:19:00","25.86","30.94","32.17","28.92"
"20-03-2018 03:18:00","25.86","31.16","32.09","28.73"
"20-03-2018 03:17:00","25.60","30.87","32.22","28.68"
"20-03-2018 03:16:00","25.60","30.87","32.39","28.71"
"20-03-2018 03:15:00","25.07","31.07","32.46","28.39"
"20-03-2018 03:14:00","25.37","31.54","32.28","28.36"
"20-03-2018 03:13:00","24.95","31.09","32.84","28.34"
"20-03-2018 03:12:00","24.98","30.93","32.54","28.13"
"20-03-2018 03:11:00","24.88","30.99","32.82","28.22"
"20-03-2018 03:10:00","24.34","31.04","32.59","27.93"
"20-03-2018 03:09:00","24.05","30.35","32.44","27.60"
"20-03-2018 03:08:00","23.58","30.72","32.39","27.28"
"20-03-2018 03:07:00","23.07","30.49","32.40","26.92"
"20-03-2018 03:06:00","22.09","30.40","32.55","26.34"
"20-03-2018 03:05:00","21.61","30.55","32.71","26.40"
"20-03-2018 03:04:00","21.50","30.14","32.92","26.37"
"20-03-2018 03:03:00","21.10","30.06","32.56","26.45"
"20-03-2018 03:02:00","21.50","30.26","32.27","26.31"
"20-03-2018 03:01:00","21.64","30.34","32.40","26.41"
"20-03-2018 03:00:00","21.65","30.07","32.91","26.59"
"20-03-2018 02:59:00","22.20","29.88","32.90","26.84"
"20-03-2018 02:58:00","22.64","29.87","32.72","26.75"
"20-03-2018 02:57:00","23.44","28.09","32.63","26.09"
"20-03-2018 02:56:00","23.97","26.93","32.66","25.93"
"20-03-2018 02:55:00","23.93","26.97","32.50","25.92"
"20-03-2018 02:54:00","23.97","27.10","32.28","25.91"
"20-03-2018 02:53:00","23.93","26.88","32.09","25.80"
"20-03-2018 02:52:00","24.08","26.57","31.96","25.90"
"20-03-2018 02:51:00","23.99","26.99","32.31","26.00"
"20-03-2018 02:50:00","24.11","26.87","32.61","25.88"
"20-03-2018 02:49:00","23.90","26.66","32.98","25.95"
"20-03-2018 02:48:00","23.80","26.44","32.68","25.78"
"20-03-2018 02:47:00","23.75","26.74","32.56","25.94"
"20-03-2018 02:46:00","24.10","26.65","32.61","25.83"
"20-03-2018 02:45:00","23.83","26.39","32.85","25.89"
"20-03-2018 02:44:00","23.96","26.61","32.83","26.09"
"20-03-2018 02:43:00","23.73","26.47","32.74","26.07"
"20-03-2018 02:42:00","23.55","26.17","32.73","25.87"
"20-03-2018 02:41:00","23.53","26.79","33.28","25.88"
"20-03-2018 02:40:00","23.18","26.52","32.84","26.05"
"20-03-2018 02:39:00","23.44","26.17","32.46","25.96"
"20-03-2018 02:38:00","23.29","26.14","32.75","25.97"
"20-03-2018 02:37:00","23.00","25.84","32.93","26.08"
"20-03-2018 02:36:00","23.51","26.16","32.98","26.00"
"20-03-2018 02:35:00","22.89","26.24","32.63","26.03"
"20-03-2018 02:34:00","22.34","25.90","32.33","25.78"
"20-03-2018 02:33:00","22.17","25.70","32.48","26.02"
"20-03-2018 02:32:00","21.87","26.17","32.56","25.92"
