"Timestamp","EX2_FAN_IN_RH_ITL","EX2_FAN_OUT_RH_ITL","FA2_FAN_IN_RH_ITL","FA2_FAN_OUT_RH_ITL"
"21-03-2018 03:32:00","44.44","35.69","44.08","43.71"
"21-03-2018 03:31:00","43.87","35.55","44.01","43.71"
"21-03-2018 03:30:00","43.45","35.69","44.15","43.67"
"21-03-2018 03:29:00","45.31","36.08","44.35","44.58"
"21-03-2018 03:28:00","46.19","36.05","44.22","44.58"
"21-03-2018 03:27:00","46.16","35.77","44.08","44.58"
"21-03-2018 03:26:00","46.40","35.72","43.98","44.58"
"21-03-2018 03:25:00","46.34","36.12","44.15","44.72"
"21-03-2018 03:24:00","46.51","35.65","43.88","44.51"
"21-03-2018 03:23:00","46.62","35.85","43.98","44.58"
"21-03-2018 03:22:00","46.89","35.79","44.01","44.70"
"21-03-2018 03:21:00","46.86","35.98","44.01","44.70"
"21-03-2018 03:20:00","46.89","35.79","43.88","44.50"
"21-03-2018 03:19:00","46.90","35.44","43.67","44.50"
"21-03-2018 03:18:00","47.18","35.50","43.80","44.63"
"21-03-2018 03:17:00","47.33","35.50","43.66","44.67"
"21-03-2018 03:16:00","47.57","35.23","43.63","44.67"
"21-03-2018 03:15:00","47.89","35.29","43.63","44.74"
"21-03-2018 03:14:00","48.16","35.29","43.60","44.82"
"21-03-2018 03:13:00","48.60","34.92","43.56","44.89"
"21-03-2018 03:12:00","48.92","35.16","43.56","45.00"
"21-03-2018 03:11:00","49.31","35.16","43.56","45.10"
"21-03-2018 03:10:00","49.72","35.01","43.49","45.08"
"21-03-2018 03:09:00","50.56","34.94","43.49","-6.00"
"21-03-2018 03:08:00","51.05","34.41","43.56","45.39"
"21-03-2018 03:07:00","51.77","34.41","43.39","45.34"
"21-03-2018 03:06:00","51.51","34.66","43.49","45.20"
"21-03-2018 03:05:00","47.40","35.01","43.73","44.25"
"21-03-2018 03:04:00","46.78","35.41","43.96","44.38"
"21-03-2018 03:03:00","46.38","35.55","44.01","44.24"
"21-03-2018 03:02:00","45.89","35.77","44.05","44.20"
"21-03-2018 03:01:00","45.43","35.03","43.81","43.71"
"21-03-2018 03:00:00","44.99","35.31","43.88","43.80"
"21-03-2018 02:59:00","44.56","36.05","44.09","43.86"
"21-03-2018 02:58:00","44.12","35.82","44.16","43.78"
"21-03-2018 02:57:00","44.38","35.82","44.09","43.84"
"21-03-2018 02:56:00","45.95","35.65","43.96","44.28"
"21-03-2018 02:55:00","45.82","35.72","43.96","44.25"
"21-03-2018 02:54:00","45.79","35.28","43.75","44.04"
"21-03-2018 02:53:00","45.73","35.10","43.65","43.90"
"21-03-2018 02:52:00","45.83","34.61","43.48","43.80"
"21-03-2018 02:51:00","45.88","34.61","43.54","43.78"
"21-03-2018 02:50:00","46.06","34.31","43.44","43.78"
"21-03-2018 02:49:00","46.60","34.44","43.54","44.16"
"21-03-2018 02:48:00","46.80","34.99","43.71","44.32"
"21-03-2018 02:47:00","47.25","34.72","43.51","44.43"
"21-03-2018 02:46:00","47.57","35.26","43.67","44.67"
"21-03-2018 02:45:00","47.64","35.50","43.67","44.74"
"21-03-2018 02:44:00","47.77","35.16","43.54","44.61"
"21-03-2018 02:43:00","47.83","35.02","43.51","44.51"
"21-03-2018 02:42:00","48.11","34.60","43.37","44.48"
"21-03-2018 02:41:00","48.58","34.47","43.36","44.58"
"21-03-2018 02:40:00","49.00","34.47","43.36","44.66"
"21-03-2018 02:39:00","49.49","34.73","43.39","44.83"
"21-03-2018 02:38:00","50.47","34.33","43.39","45.12"
"21-03-2018 02:37:00","51.26","34.80","43.39","45.25"
"21-03-2018 02:36:00","51.86","35.08","43.58","45.39"
"21-03-2018 02:35:00","51.22","34.86","43.51","44.07"
"21-03-2018 02:34:00","48.57","34.31","43.31","44.07"
"21-03-2018 02:33:00","47.98","33.70","43.28","43.72"
"21-03-2018 02:32:00","47.42","34.08","43.28","43.71"
"21-03-2018 02:31:00","46.77","33.48","43.14","43.39"
"21-03-2018 02:30:00","46.17","34.17","43.30","43.48"
"21-03-2018 02:29:00","45.57","33.54","43.13","43.13"
"21-03-2018 02:28:00","45.11","33.07","42.86","42.85"
"21-03-2018 02:27:00","44.67","32.99","42.76","42.81"
"21-03-2018 02:26:00","45.03","32.70","42.72","42.97"
"21-03-2018 02:25:00","45.84","33.19","42.79","43.34"
"21-03-2018 02:24:00","46.19","33.15","0.00","43.48"
"21-03-2018 02:23:00","46.23","33.35","42.96","43.52"
"21-03-2018 02:22:00","46.27","33.23","42.89","43.52"
"21-03-2018 02:21:00","46.41","32.63","42.83","43.36"
"21-03-2018 02:20:00","46.69","32.83","42.83","43.51"
"21-03-2018 02:19:00","47.24","32.75","42.76","43.75"
"21-03-2018 02:18:00","47.35","32.83","42.68","43.78"
"21-03-2018 02:17:00","47.70","32.93","42.61","43.96"
"21-03-2018 02:16:00","48.24","33.54","42.71","44.42"
"21-03-2018 02:15:00","48.56","33.24","42.65","44.49"
"21-03-2018 02:14:00","48.71","33.40","42.74","44.54"
"21-03-2018 02:13:00","49.08","33.30","42.74","44.65"
"21-03-2018 02:12:00","49.60","33.14","42.54","44.83"
"21-03-2018 02:11:00","50.41","33.44","42.48","45.35"
"21-03-2018 02:10:00","51.17","33.68","42.63","45.86"
"21-03-2018 02:09:00","52.33","34.41","42.63","46.76"
"21-03-2018 02:08:00","52.86","35.61","42.93","47.70"
"21-03-2018 02:07:00","53.51","36.02","42.97","0.00"
"21-03-2018 02:06:00","54.30","37.46","43.19","51.40"
"21-03-2018 02:05:00","55.39","39.14","43.51","51.40"
"21-03-2018 02:04:00","56.10","41.12","43.54","53.19"
"21-03-2018 02:03:00","55.74","43.38","43.47","54.38"
"21-03-2018 02:02:00","54.49","43.21","43.91","52.50"
"21-03-2018 02:01:00","53.79","42.63","43.81","51.88"
"21-03-2018 02:00:00","53.70","42.39","43.37","51.76"
"21-03-2018 01:59:00","53.56","42.20","43.46","0.00"
"21-03-2018 01:58:00","53.32","41.93","42.85","51.37"
"21-03-2018 01:57:00","53.00","41.78","43.18","51.16"
"21-03-2018 01:56:00","52.76","41.56","43.07","50.93"
"21-03-2018 01:55:00","52.23","41.21","42.90","50.57"
"21-03-2018 01:54:00","51.87","41.13","43.09","50.40"
"21-03-2018 01:53:00","51.54","41.11","43.33","50.39"
"21-03-2018 01:52:00","51.27","41.10","43.23","50.34"
"21-03-2018 01:51:00","51.29","41.23","43.30","50.61"
"21-03-2018 01:50:00","51.32","41.37","43.61","50.75"
"21-03-2018 01:49:00","51.33","41.30","43.42","50.72"
"21-03-2018 01:48:00","51.38","41.37","43.18","50.82"
"21-03-2018 01:47:00","51.47","41.34","43.27","50.82"
"21-03-2018 01:46:00","51.56","41.38","43.10","50.89"
"21-03-2018 01:45:00","51.56","41.52","43.35","51.02"
"21-03-2018 01:44:00","51.68","41.59","43.48","51.06"
"21-03-2018 01:43:00","51.71","41.66","43.42","51.30"
"21-03-2018 01:42:00","51.86","41.76","43.35","51.30"
"21-03-2018 01:41:00","51.95","41.84","43.65","51.38"
"21-03-2018 01:40:00","52.04","41.99","43.65","51.47"
"21-03-2018 01:39:00","52.16","42.12","43.80","51.59"
"21-03-2018 01:38:00","52.40","42.10","43.04","51.81"
"21-03-2018 01:37:00","52.54","42.30","43.31","51.95"
"21-03-2018 01:36:00","52.66","42.34","43.11","52.20"
"21-03-2018 01:35:00","52.90","42.45","43.14","52.20"
"21-03-2018 01:34:00","53.14","42.57","43.14","52.32"
"21-03-2018 01:33:00","53.58","42.71","42.79","52.59"
"21-03-2018 01:32:00","54.08","42.86","42.76","52.30"
"21-03-2018 01:31:00","54.20","42.60","43.00","52.30"
"21-03-2018 01:30:00","53.62","42.09","43.00","51.77"
"21-03-2018 01:29:00","53.33","41.78","42.90","51.50"
"21-03-2018 01:28:00","52.94","41.54","43.11","51.14"
"21-03-2018 01:27:00","52.42","41.14","43.14","50.68"
"21-03-2018 01:26:00","52.06","40.87","42.93","50.33"
"21-03-2018 01:25:00","51.68","40.65","43.11","49.92"
"21-03-2018 01:24:00","51.14","40.53","43.14","49.40"
"21-03-2018 01:23:00","50.83","41.04","43.11","49.17"
"21-03-2018 01:22:00","50.92","42.11","43.13","50.02"
"21-03-2018 01:21:00","51.07","42.30","43.10","50.23"
"21-03-2018 01:20:00","51.38","42.47","43.13","50.06"
"21-03-2018 01:19:00","51.36","42.40","42.89","50.00"
"21-03-2018 01:18:00","51.39","42.38","42.65","49.96"
"21-03-2018 01:17:00","51.53","42.45","42.55","49.96"
"21-03-2018 01:16:00","51.59","42.58","42.67","50.00"
"21-03-2018 01:15:00","51.77","42.74","42.77","50.06"
"21-03-2018 01:14:00","51.86","42.76","42.84","50.00"
"21-03-2018 01:13:00","52.04","42.93","43.04","50.00"
"21-03-2018 01:12:00","52.13","42.99","43.11","49.86"
"21-03-2018 01:11:00","52.31","43.10","43.42","49.82"
"21-03-2018 01:10:00","52.49","43.17","43.14","49.72"
"21-03-2018 01:09:00","52.69","43.25","43.28","49.52"
"21-03-2018 01:08:00","52.95","43.35","43.21","0.00"
"21-03-2018 01:07:00","53.25","43.56","43.35","49.27"
"21-03-2018 01:06:00","53.46","43.64","43.18","49.10"
"21-03-2018 01:05:00","53.64","43.67","43.14","48.34"
"21-03-2018 01:04:00","53.72","43.55","43.11","48.34"
"21-03-2018 01:03:00","53.14","43.24","43.07","48.95"
"21-03-2018 01:02:00","53.14","43.37","43.00","49.32"
"21-03-2018 01:01:00","53.14","43.33","43.00","49.59"
"21-03-2018 01:00:00","53.08","43.39","43.04","49.90"
"21-03-2018 12:59:00","53.05","43.56","43.56","50.13"
"21-03-2018 12:58:00","52.90","43.51","43.84","50.27"
"21-03-2018 12:57:00","52.75","43.51","44.01","50.64"
"21-03-2018 12:56:00","52.69","43.64","44.25","50.98"
"21-03-2018 12:55:00","52.62","43.76","44.35","51.43"
"21-03-2018 12:54:00","52.65","43.87","44.99","51.79"
"21-03-2018 12:53:00","52.65","43.96","44.97","51.79"
"21-03-2018 12:52:00","53.01","44.25","44.99","51.99"
"21-03-2018 12:51:00","53.07","44.32","45.20","51.91"
"21-03-2018 12:50:00","53.12","44.35","45.30","51.85"
"21-03-2018 12:49:00","53.12","44.36","45.45","51.82"
"21-03-2018 12:48:00","53.15","44.43","45.38","51.88"
"21-03-2018 12:47:00","53.36","44.57","45.38","51.91"
"21-03-2018 12:46:00","53.42","44.64","45.58","51.82"
"21-03-2018 12:45:00","53.48","44.61","45.77","51.82"
"21-03-2018 12:44:00","53.62","44.67","45.51","51.88"
"21-03-2018 12:43:00","53.66","44.74","45.61","51.72"
"21-03-2018 12:42:00","53.84","44.79","45.37","51.55"
"21-03-2018 12:41:00","53.95","44.83","45.37","51.49"
"21-03-2018 12:40:00","54.22","44.90","45.37","51.33"
"21-03-2018 12:39:00","54.28","44.91","45.61","51.10"
"21-03-2018 12:38:00","54.31","44.77","45.32","50.72"
"21-03-2018 12:37:00","54.58","44.82","45.19","50.44"
"21-03-2018 12:36:00","54.29","44.51","45.12","49.66"
"21-03-2018 12:35:00","53.64","44.28","44.92","50.87"
"21-03-2018 12:34:00","53.37","43.77","44.85","50.87"
"21-03-2018 12:33:00","53.00","43.77","44.78","50.64"
"21-03-2018 12:32:00","52.70","43.47","44.71","50.60"
"21-03-2018 12:31:00","52.40","43.26","44.38","50.44"
"21-03-2018 12:30:00","52.14","43.15","44.10","50.65"
"21-03-2018 12:29:00","51.99","43.04","44.03","50.65"
"21-03-2018 12:28:00","51.75","42.97","43.96","50.90"
"21-03-2018 12:27:00","51.92","43.16","43.96","51.10"
"21-03-2018 12:26:00","52.07","43.32","43.92","51.24"
"21-03-2018 12:25:00","52.30","43.51","44.03","51.40"
"21-03-2018 12:24:00","52.74","43.89","44.14","51.50"
"21-03-2018 12:23:00","52.77","43.93","44.21","51.50"
"21-03-2018 12:22:00","52.98","44.06","44.21","51.55"
"21-03-2018 12:21:00","53.07","44.17","44.38","51.55"
"21-03-2018 12:20:00","53.21","44.31","44.45","51.67"
"21-03-2018 12:19:00","53.39","44.51","44.59","51.79"
"21-03-2018 12:18:00","53.65","44.79","45.09","52.14"
"21-03-2018 12:17:00","53.92","45.06","45.51","52.20"
"21-03-2018 12:16:00","54.16","45.27","46.16","52.17"
"21-03-2018 12:15:00","54.30","45.44","46.43","52.23"
"21-03-2018 12:14:00","54.48","45.51","46.80","52.02"
"21-03-2018 12:13:00","54.66","45.51","46.73","51.88"
"21-03-2018 12:12:00","54.72","45.45","46.70","51.61"
"21-03-2018 12:11:00","54.87","45.45","46.46","51.27"
"21-03-2018 12:10:00","54.84","45.36","46.26","51.01"
"21-03-2018 12:09:00","54.23","45.06","46.12","51.08"
"21-03-2018 12:08:00","53.67","44.96","46.62","52.28"
"21-03-2018 12:07:00","53.67","44.98","46.38","52.69"
"21-03-2018 12:06:00","53.69","45.02","46.59","52.85"
"21-03-2018 12:05:00","53.46","44.97","47.00","52.85"
"21-03-2018 12:04:00","53.37","45.00","47.14","53.05"
"21-03-2018 12:03:00","53.36","45.03","47.22","53.17"
"21-03-2018 12:02:00","53.33","45.09","47.28","53.35"
"21-03-2018 12:01:00","53.36","45.18","47.32","53.53"
"21-03-2018 12:00:00","53.83","45.55","47.35","53.65"
"21-03-2018 11:59:00","54.24","45.91","47.28","53.80"
"21-03-2018 11:58:00","54.74","46.38","47.28","54.01"
"21-03-2018 11:57:00","55.09","46.52","47.46","53.95"
"21-03-2018 11:56:00","55.24","46.69","47.66","53.95"
"21-03-2018 11:55:00","55.42","46.86","47.80","54.13"
"21-03-2018 11:54:00","55.59","47.00","47.87","54.13"
"21-03-2018 11:53:00","55.83","47.17","48.04","54.13"
"21-03-2018 11:52:00","56.00","47.27","48.15","53.98"
"21-03-2018 11:51:00","56.36","47.58","48.13","54.30"
"21-03-2018 11:50:00","56.53","47.75","48.52","54.36"
"21-03-2018 11:49:00","56.80","47.86","48.95","54.16"
"21-03-2018 11:48:00","56.80","47.76","48.86","53.89"
"21-03-2018 11:47:00","56.85","47.83","49.09","53.74"
"21-03-2018 11:46:00","57.06","47.80","49.56","53.23"
"21-03-2018 11:45:00","56.39","47.34","49.43","52.90"
"21-03-2018 11:44:00","55.78","47.20","49.40","54.45"
"21-03-2018 11:43:00","55.62","47.10","49.50","54.42"
"21-03-2018 11:42:00","55.30","46.93","49.17","54.59"
"21-03-2018 11:41:00","55.13","46.89","49.40","54.83"
"21-03-2018 11:40:00","54.90","46.78","49.40","54.95"
"21-03-2018 11:39:00","54.68","46.65","49.44","55.22"
"21-03-2018 11:38:00","54.54","46.57","49.34","55.28"
"21-03-2018 11:37:00","54.39","46.54","49.27","55.40"
"21-03-2018 11:36:00","54.39","46.70","49.24","55.84"
"21-03-2018 11:35:00","54.83","46.99","49.27","55.73"
"21-03-2018 11:34:00","55.09","47.19","49.17","55.76"
"21-03-2018 11:33:00","55.68","47.60","49.17","55.90"
"21-03-2018 11:32:00","55.77","47.77","49.68","55.90"
"21-03-2018 11:31:00","55.88","47.81","49.78","55.81"
"21-03-2018 11:30:00","55.94","48.02","49.89","56.05"
"21-03-2018 11:29:00","56.03","47.99","49.88","55.67"
"21-03-2018 11:28:00","56.09","48.05","49.88","55.94"
"21-03-2018 11:27:00","56.39","48.26","50.08","56.05"
"21-03-2018 11:26:00","56.56","48.44","50.23","56.05"
"21-03-2018 11:25:00","56.71","48.44","50.29","55.64"
"21-03-2018 11:24:00","56.62","48.31","50.40","55.43"
"21-03-2018 11:23:00","56.27","48.08","50.26","55.23"
"21-03-2018 11:22:00","56.50","48.13","50.33","55.20"
"21-03-2018 11:21:00","56.03","47.73","50.26","54.72"
"21-03-2018 11:20:00","54.98","47.63","50.29","57.35"
"21-03-2018 11:19:00","54.46","47.49","50.17","57.97"
"21-03-2018 11:18:00","53.11","46.99","50.64","58.48"
"21-03-2018 11:17:00","53.11","45.22","50.53","0.00"
"21-03-2018 11:16:00","59.02","49.82","50.64","57.44"
"21-03-2018 11:15:00","53.97","45.22","50.41","52.64"
"21-03-2018 11:14:00","53.59","44.56","49.94","52.37"
"21-03-2018 11:13:00","53.40","44.45","49.87","52.40"
"21-03-2018 11:12:00","53.39","44.48","49.73","52.55"
"21-03-2018 11:11:00","53.60","44.80","49.69","53.31"
"21-03-2018 11:10:00","53.80","45.09","49.69","53.31"
"21-03-2018 11:09:00","54.36","45.64","49.66","53.99"
"21-03-2018 11:08:00","54.54","45.81","49.73","54.13"
"21-03-2018 11:07:00","54.68","45.92","49.63","54.35"
"21-03-2018 11:06:00","54.92","46.12","49.80","54.55"
"21-03-2018 11:05:00","55.07","46.38","49.98","54.73"
"21-03-2018 11:04:00","55.42","46.58","49.98","0.00"
"21-03-2018 11:03:00","55.71","46.86","50.19","55.17"
"21-03-2018 11:02:00","56.10","47.07","50.12","55.35"
"21-03-2018 11:01:00","56.65","47.28","50.05","55.55"
"21-03-2018 11:00:00","56.10","46.49","49.92","54.71"
"21-03-2018 10:59:00","55.66","46.31","50.05","54.41"
"21-03-2018 10:58:00","55.74","46.31","49.92","54.50"
"21-03-2018 10:57:00","55.74","46.18","49.75","54.26"
"21-03-2018 10:56:00","55.63","46.22","50.05","54.26"
"21-03-2018 10:55:00","55.55","46.22","50.34","54.20"
"21-03-2018 10:54:00","55.42","46.08","50.16","54.15"
"21-03-2018 10:53:00","55.39","46.01","50.10","54.09"
"21-03-2018 10:52:00","55.28","45.97","50.09","54.35"
"21-03-2018 10:51:00","55.49","46.11","50.12","54.35"
"21-03-2018 10:50:00","55.28","45.99","50.19","54.03"
"21-03-2018 10:49:00","55.22","45.86","49.95","54.00"
"21-03-2018 10:48:00","55.22","45.86","49.92","54.03"
"21-03-2018 10:47:00","55.13","45.85","50.05","54.00"
"21-03-2018 10:46:00","55.10","45.82","50.16","53.94"
"21-03-2018 10:45:00","54.96","45.79","50.30","53.88"
"21-03-2018 10:44:00","54.90","45.71","50.34","53.70"
"21-03-2018 10:43:00","54.78","45.61","50.40","53.70"
"21-03-2018 10:42:00","53.87","45.37","50.27","53.40"
"21-03-2018 10:41:00","53.87","45.20","50.23","53.32"
"21-03-2018 10:40:00","53.87","44.99","50.47","52.99"
"21-03-2018 10:39:00","53.57","44.81","50.53","52.75"
"21-03-2018 10:38:00","53.31","44.61","50.63","52.51"
"21-03-2018 10:37:00","53.01","44.47","50.77","52.36"
"21-03-2018 10:36:00","52.86","44.28","50.77","52.24"
"21-03-2018 10:35:00","52.65","44.28","50.91","52.18"
"21-03-2018 10:34:00","52.47","44.17","51.01","51.99"
"21-03-2018 10:33:00","52.61","44.35","51.08","52.23"
"21-03-2018 10:32:00","52.87","44.60","51.08","52.64"
"21-03-2018 10:31:00","53.69","45.22","51.36","53.62"
"21-03-2018 10:30:00","54.86","45.73","51.43","55.07"
"21-03-2018 10:29:00","52.84","43.51","51.66","54.38"
"21-03-2018 10:28:00","51.18","41.77","51.69","54.71"
"21-03-2018 10:27:00","51.18","41.57","51.75","54.71"
"21-03-2018 10:26:00","51.19","41.45","51.86","54.80"
"21-03-2018 10:25:00","51.19","41.50","51.83","54.83"
"21-03-2018 10:24:00","51.22","41.72","51.89","54.85"
"21-03-2018 10:23:00","51.22","41.72","51.83","54.91"
"21-03-2018 10:22:00","51.26","41.64","51.89","54.91"
"21-03-2018 10:21:00","51.26","41.59","51.92","54.97"
"21-03-2018 10:20:00","51.29","41.69","52.01","55.04"
"21-03-2018 10:19:00","51.33","41.64","51.95","55.04"
"21-03-2018 10:18:00","51.36","41.59","52.07","55.04"
"21-03-2018 10:17:00","51.33","41.77","52.16","55.04"
"21-03-2018 10:16:00","51.36","42.07","52.07","55.07"
"21-03-2018 10:15:00","51.36","42.31","52.16","55.00"
"21-03-2018 10:14:00","51.36","42.18","52.14","55.00"
"21-03-2018 10:13:00","51.43","42.00","52.19","55.00"
"21-03-2018 10:12:00","51.46","41.87","52.19","55.10"
"21-03-2018 10:11:00","51.53","41.87","52.25","55.18"
"21-03-2018 10:10:00","51.53","42.00","52.25","55.24"
"21-03-2018 10:09:00","51.56","42.00","52.31","55.30"
"21-03-2018 10:08:00","51.58","42.07","52.34","55.30"
"21-03-2018 10:07:00","51.58","42.04","52.34","55.27"
"21-03-2018 10:06:00","51.61","42.14","52.43","55.30"
"21-03-2018 10:05:00","51.64","42.26","52.46","55.33"
"21-03-2018 10:04:00","51.67","42.19","52.49","55.39"
"21-03-2018 10:03:00","51.67","42.16","52.55","55.39"
"21-03-2018 10:02:00","51.70","42.19","52.58","55.45"
"21-03-2018 10:01:00","51.70","42.19","52.58","55.51"
"21-03-2018 10:00:00","51.70","42.39","52.58","55.54"
"21-03-2018 09:59:00","51.73","42.52","52.61","55.57"
"21-03-2018 09:58:00","51.79","42.56","52.70","55.68"
"21-03-2018 09:57:00","51.82","42.52","52.73","55.68"
"21-03-2018 09:56:00","51.85","42.42","52.75","55.71"
"21-03-2018 09:55:00","51.85","42.54","52.78","55.66"
"21-03-2018 09:54:00","51.85","42.81","52.82","55.68"
"21-03-2018 09:53:00","51.88","42.91","52.85","55.74"
"21-03-2018 09:52:00","51.88","43.05","52.91","55.87"
"21-03-2018 09:51:00","51.91","43.13","52.94","55.87"
"21-03-2018 09:50:00","51.91","43.13","52.97","55.84"
"21-03-2018 09:49:00","51.94","43.06","53.00","55.96"
"21-03-2018 09:48:00","51.94","43.16","53.06","56.01"
"21-03-2018 09:47:00","52.00","43.36","53.08","56.07"
"21-03-2018 09:46:00","52.00","43.41","53.11","56.10"
"21-03-2018 09:45:00","52.00","43.58","53.14","56.23"
"21-03-2018 09:44:00","52.00","43.67","53.17","56.34"
"21-03-2018 09:43:00","52.03","43.68","53.20","56.43"
"21-03-2018 09:42:00","52.03","43.82","53.23","56.49"
"21-03-2018 09:41:00","52.06","43.82","53.27","56.52"
"21-03-2018 09:40:00","52.06","43.96","53.30","56.64"
"21-03-2018 09:39:00","52.06","44.13","53.33","56.70"
"21-03-2018 09:38:00","52.06","44.17","53.33","56.76"
"21-03-2018 09:37:00","52.09","44.34","53.36","56.81"
"21-03-2018 09:36:00","52.11","44.41","53.39","56.87"
"21-03-2018 09:35:00","52.11","44.35","53.42","56.93"
"21-03-2018 09:34:00","52.14","44.35","53.44","57.00"
"21-03-2018 09:33:00","52.14","44.35","53.47","57.11"
"21-03-2018 09:32:00","52.14","44.42","53.50","57.39"
"21-03-2018 09:31:00","52.17","44.65","53.53","57.14"
"21-03-2018 09:30:00","52.17","44.76","53.56","57.26"
"21-03-2018 09:29:00","52.24","44.72","53.59","57.32"
"21-03-2018 09:28:00","52.24","44.66","53.62","57.41"
"21-03-2018 09:27:00","52.27","44.70","53.65","57.50"
"21-03-2018 09:26:00","52.30","44.76","53.68","57.56"
"21-03-2018 09:25:00","52.33","44.76","53.71","57.86"
"21-03-2018 09:24:00","52.33","44.80","53.74","57.89"
"21-03-2018 09:23:00","52.30","44.83","53.74","57.71"
"21-03-2018 09:22:00","52.27","44.94","53.77","57.83"
"21-03-2018 09:21:00","52.30","45.08","53.80","57.77"
"21-03-2018 09:20:00","52.27","45.01","53.83","57.89"
"21-03-2018 09:19:00","52.30","45.01","53.86","57.98"
"21-03-2018 09:18:00","52.33","45.01","53.89","58.09"
"21-03-2018 09:17:00","52.36","45.25","53.92","58.19"
"21-03-2018 09:16:00","52.36","45.58","53.97","58.25"
"21-03-2018 09:15:00","52.36","45.77","54.01","58.36"
"21-03-2018 09:14:00","52.39","45.83","54.07","58.57"
"21-03-2018 09:13:00","52.48","45.77","54.10","58.84"
"21-03-2018 09:12:00","52.54","45.64","54.13","59.05"
"21-03-2018 09:11:00","52.62","45.67","54.19","59.32"
"21-03-2018 09:10:00","52.65","45.73","54.22","59.55"
"21-03-2018 09:09:00","52.75","45.80","54.28","59.73"
"21-03-2018 09:08:00","52.80","45.90","54.31","59.96"
"21-03-2018 09:07:00","52.89","45.98","54.36","60.18"
"21-03-2018 09:06:00","53.01","46.05","54.39","60.47"
"21-03-2018 09:05:00","53.19","46.12","54.46","60.77"
"21-03-2018 09:04:00","53.34","46.22","54.49","61.13"
"21-03-2018 09:03:00","53.55","46.25","54.49","61.45"
"21-03-2018 09:02:00","53.61","46.30","54.52","61.60"
"21-03-2018 09:01:00","53.63","46.33","54.49","61.90"
"21-03-2018 09:00:00","53.66","46.33","54.46","61.96"
"21-03-2018 08:59:00","53.63","46.30","54.39","62.02"
"21-03-2018 08:58:00","53.75","46.26","54.34","61.86"
"21-03-2018 08:57:00","53.75","46.19","54.34","62.05"
"21-03-2018 08:56:00","53.63","46.16","54.36","62.46"
"21-03-2018 08:55:00","53.72","46.19","54.36","63.29"
"21-03-2018 08:54:00","53.78","46.16","54.39","63.35"
"21-03-2018 08:53:00","53.81","46.09","54.39","63.27"
"21-03-2018 08:52:00","53.78","46.02","54.39","63.08"
"21-03-2018 08:51:00","53.75","45.96","54.42","63.05"
"21-03-2018 08:50:00","53.78","45.96","54.42","62.94"
"21-03-2018 08:49:00","53.66","45.93","54.46","62.88"
"21-03-2018 08:48:00","53.72","45.96","54.49","62.85"
"21-03-2018 08:47:00","53.69","46.02","54.52","62.76"
"21-03-2018 08:46:00","53.72","46.09","54.55","62.73"
"21-03-2018 08:45:00","53.84","46.13","54.60","62.70"
"21-03-2018 08:44:00","53.88","46.16","54.63","62.67"
"21-03-2018 08:43:00","53.75","46.19","54.66","62.64"
"21-03-2018 08:42:00","53.72","46.16","54.72","62.58"
"21-03-2018 08:41:00","53.66","46.13","54.75","62.52"
"21-03-2018 08:40:00","53.49","46.06","54.78","62.49"
"21-03-2018 08:39:00","53.84","46.02","54.84","62.49"
"21-03-2018 08:38:00","53.63","45.93","54.87","62.37"
"21-03-2018 08:37:00","54.02","45.93","54.90","62.41"
"21-03-2018 08:36:00","53.99","45.90","54.90","62.28"
"21-03-2018 08:35:00","53.99","45.90","54.90","62.19"
"21-03-2018 08:34:00","53.99","45.90","54.87","62.11"
"21-03-2018 08:33:00","53.93","45.90","54.87","62.02"
"21-03-2018 08:32:00","53.88","45.90","54.93","61.92"
"21-03-2018 08:31:00","53.72","45.93","54.96","61.86"
"21-03-2018 08:30:00","53.75","45.90","54.99","61.83"
"21-03-2018 08:29:00","53.93","45.86","55.02","61.86"
"21-03-2018 08:28:00","53.96","45.79","55.02","61.81"
"21-03-2018 08:27:00","53.93","45.72","55.05","61.75"
"21-03-2018 08:26:00","53.93","45.72","55.08","61.72"
"21-03-2018 08:25:00","53.93","45.72","55.08","61.66"
"21-03-2018 08:24:00","53.93","45.76","55.11","61.63"
"21-03-2018 08:23:00","53.78","45.79","55.08","61.57"
"21-03-2018 08:22:00","53.96","45.79","55.11","61.60"
"21-03-2018 08:21:00","53.93","45.79","55.14","61.60"
"21-03-2018 08:20:00","53.78","45.79","55.17","61.57"
"21-03-2018 08:19:00","53.99","45.76","55.23","61.57"
"21-03-2018 08:18:00","53.99","45.69","55.29","61.57"
"21-03-2018 08:17:00","53.81","45.66","55.32","61.51"
"21-03-2018 08:16:00","53.66","45.66","55.38","61.54"
"21-03-2018 08:15:00","53.69","45.69","55.47","61.54"
"21-03-2018 08:14:00","53.99","45.72","55.55","61.57"
"21-03-2018 08:13:00","53.72","45.70","55.65","61.63"
"21-03-2018 08:12:00","54.05","45.63","55.74","61.69"
"21-03-2018 08:11:00","53.78","45.57","55.79","61.63"
"21-03-2018 08:10:00","53.61","45.53","55.85","61.66"
"21-03-2018 08:09:00","53.61","45.53","55.91","61.66"
"21-03-2018 08:08:00","53.88","45.50","56.00","61.75"
"21-03-2018 08:07:00","53.88","45.50","56.06","61.75"
"21-03-2018 08:06:00","53.75","45.50","56.21","61.81"
"21-03-2018 08:05:00","54.20","45.50","56.27","61.83"
"21-03-2018 08:04:00","54.17","45.53","56.36","61.86"
"21-03-2018 08:03:00","54.14","45.57","56.36","61.83"
"21-03-2018 08:02:00","54.17","45.63","56.48","61.89"
"21-03-2018 08:01:00","54.14","45.70","56.54","61.92"
"21-03-2018 08:00:00","54.08","45.73","56.56","61.89"
"21-03-2018 07:59:00","54.05","45.83","56.65","61.92"
"21-03-2018 07:58:00","53.78","45.86","56.65","61.81"
"21-03-2018 07:57:00","53.99","46.00","56.77","61.92"
"21-03-2018 07:56:00","53.93","46.04","56.77","61.86"
"21-03-2018 07:55:00","53.88","46.10","56.86","61.89"
"21-03-2018 07:54:00","53.78","46.10","56.89","61.92"
"21-03-2018 07:53:00","53.63","46.14","56.95","61.89"
"21-03-2018 07:52:00","53.46","46.17","56.98","61.86"
"21-03-2018 07:51:00","53.13","46.21","57.04","61.83"
"21-03-2018 07:50:00","53.31","46.27","57.16","61.89"
"21-03-2018 07:49:00","53.25","46.31","57.25","61.99"
"21-03-2018 07:48:00","53.13","46.38","57.28","61.96"
"21-03-2018 07:47:00","53.04","46.41","57.31","61.96"
"21-03-2018 07:46:00","52.95","46.44","57.37","61.99"
"21-03-2018 07:45:00","52.80","46.57","57.37","61.96"
"21-03-2018 07:44:00","52.75","46.71","57.40","62.05"
"21-03-2018 07:43:00","52.65","46.67","57.37","62.02"
"21-03-2018 07:42:00","52.51","46.81","57.40","61.99"
"21-03-2018 07:41:00","52.39","47.08","57.45","61.99"
"21-03-2018 07:40:00","52.33","47.22","57.48","62.08"
"21-03-2018 07:39:00","52.24","47.42","57.48","62.08"
"21-03-2018 07:38:00","52.18","47.55","57.48","62.11"
"21-03-2018 07:37:00","52.09","47.72","57.45","62.11"
"21-03-2018 07:36:00","52.03","47.76","57.43","62.11"
"21-03-2018 07:35:00","52.01","47.82","57.43","62.11"
"21-03-2018 07:34:00","52.01","47.82","57.45","62.16"
"21-03-2018 07:33:00","51.91","47.82","57.43","62.16"
"21-03-2018 07:32:00","51.88","47.89","57.40","62.16"
"21-03-2018 07:31:00","51.85","47.86","57.40","62.19"
"21-03-2018 07:30:00","51.85","47.79","57.37","62.19"
"21-03-2018 07:29:00","51.82","47.82","57.34","62.19"
"21-03-2018 07:28:00","51.85","47.72","57.34","62.25"
"21-03-2018 07:27:00","51.85","47.52","57.28","62.25"
"21-03-2018 07:26:00","51.85","47.62","57.28","62.25"
"21-03-2018 07:25:00","51.85","47.72","57.25","62.28"
"21-03-2018 07:24:00","51.82","47.65","57.19","62.25"
"21-03-2018 07:23:00","51.82","47.72","57.25","62.31"
"21-03-2018 07:22:00","51.82","47.72","57.25","62.34"
"21-03-2018 07:21:00","51.82","47.79","57.25","62.34"
"21-03-2018 07:20:00","51.85","47.72","57.22","62.41"
"21-03-2018 07:19:00","51.85","47.79","57.19","62.46"
"21-03-2018 07:18:00","51.85","47.65","57.13","62.55"
"21-03-2018 07:17:00","51.85","47.79","57.10","62.52"
"21-03-2018 07:16:00","51.85","47.82","57.10","62.61"
"21-03-2018 07:15:00","51.88","47.79","57.07","62.64"
"21-03-2018 07:14:00","51.88","47.72","57.04","62.64"
"21-03-2018 07:13:00","51.91","47.65","57.04","62.73"
"21-03-2018 07:12:00","51.91","47.69","57.01","62.79"
"21-03-2018 07:11:00","51.91","47.72","57.01","62.85"
"21-03-2018 07:10:00","51.91","47.92","56.95","62.82"
"21-03-2018 07:09:00","51.98","47.91","56.98","62.82"
"21-03-2018 07:08:00","51.98","47.68","57.01","62.91"
"21-03-2018 07:07:00","52.01","47.68","57.01","62.94"
"21-03-2018 07:06:00","52.03","47.68","56.95","62.91"
"21-03-2018 07:05:00","52.03","47.95","56.92","62.91"
"21-03-2018 07:04:00","52.06","47.92","56.84","62.85"
"21-03-2018 07:03:00","52.06","47.95","56.81","62.88"
"21-03-2018 07:02:00","52.09","47.62","56.71","62.82"
"21-03-2018 07:01:00","52.12","47.42","56.65","62.79"
"21-03-2018 07:00:00","52.12","47.48","56.59","62.70"
"21-03-2018 06:59:00","52.15","47.76","56.62","62.76"
"21-03-2018 06:58:00","52.18","47.45","56.56","62.73"
"21-03-2018 06:57:00","52.18","47.69","56.51","62.70"
"21-03-2018 06:56:00","52.21","47.48","56.36","62.55"
"21-03-2018 06:55:00","52.21","47.48","56.39","62.58"
"21-03-2018 06:54:00","52.21","47.65","56.32","62.55"
"21-03-2018 06:53:00","52.18","47.69","56.15","62.34"
"21-03-2018 06:52:00","52.21","47.79","56.30","62.41"
"21-03-2018 06:51:00","52.21","47.86","56.27","62.31"
"21-03-2018 06:50:00","52.24","47.89","56.30","62.31"
"21-03-2018 06:49:00","52.27","47.69","56.36","62.31"
"21-03-2018 06:48:00","52.30","47.82","56.24","62.19"
"21-03-2018 06:47:00","52.33","48.22","56.12","62.02"
"21-03-2018 06:46:00","52.39","48.19","55.97","61.83"
"21-03-2018 06:45:00","52.42","48.15","55.88","61.63"
"21-03-2018 06:44:00","52.51","47.86","55.85","61.54"
"21-03-2018 06:43:00","52.56","47.96","55.82","61.39"
"21-03-2018 06:42:00","52.62","48.09","55.74","61.33"
"21-03-2018 06:41:00","52.62","47.86","55.65","61.33"
"21-03-2018 06:40:00","52.54","47.89","55.52","61.28"
"21-03-2018 06:39:00","52.51","47.92","55.44","61.21"
"21-03-2018 06:38:00","52.42","47.99","55.52","61.36"
"21-03-2018 06:37:00","52.36","48.02","55.71","61.30"
"21-03-2018 06:36:00","52.36","48.26","55.71","61.12"
"21-03-2018 06:35:00","52.56","48.29","55.65","61.21"
"21-03-2018 06:34:00","52.78","48.29","55.41","60.98"
"21-03-2018 06:33:00","52.39","48.05","55.49","61.04"
"21-03-2018 06:32:00","52.42","48.19","55.44","60.92"
"21-03-2018 06:31:00","52.48","48.36","55.29","60.74"
"21-03-2018 06:30:00","52.56","47.72","55.11","60.56"
"21-03-2018 06:29:00","52.62","47.92","55.08","60.38"
"21-03-2018 06:28:00","52.69","47.55","54.90","60.23"
"21-03-2018 06:27:00","52.72","47.35","54.78","60.09"
"21-03-2018 06:26:00","52.72","47.25","54.75","60.02"
"21-03-2018 06:25:00","52.72","47.28","54.66","59.96"
"21-03-2018 06:24:00","52.69","47.31","54.58","59.93"
"21-03-2018 06:23:00","52.56","47.35","54.39","59.79"
"21-03-2018 06:22:00","52.54","47.31","54.55","59.91"
"21-03-2018 06:21:00","52.42","47.42","54.55","59.96"
"21-03-2018 06:20:00","52.48","47.35","54.66","60.02"
"21-03-2018 06:19:00","52.48","47.35","54.60","59.96"
"21-03-2018 06:18:00","52.51","47.25","54.66","60.09"
"21-03-2018 06:17:00","52.51","47.18","54.66","60.12"
"21-03-2018 06:16:00","52.54","47.25","54.58","60.09"
"21-03-2018 06:15:00","52.48","47.18","54.52","60.06"
"21-03-2018 06:14:00","52.39","47.28","54.31","59.99"
"21-03-2018 06:13:00","52.51","47.28","54.55","59.99"
"21-03-2018 06:12:00","52.24","47.28","54.66","60.15"
"21-03-2018 06:11:00","52.21","47.25","54.72","60.15"
"21-03-2018 06:10:00","52.18","47.28","54.75","60.12"
"21-03-2018 06:09:00","52.18","47.21","54.84","60.18"
"21-03-2018 06:08:00","52.18","47.15","54.87","60.15"
"21-03-2018 06:07:00","52.18","47.12","54.81","60.15"
"21-03-2018 06:06:00","52.18","47.12","54.75","60.15"
"21-03-2018 06:05:00","52.12","47.15","54.72","60.09"
"21-03-2018 06:04:00","52.09","47.22","54.69","60.09"
"21-03-2018 06:03:00","52.09","47.15","54.75","60.15"
"21-03-2018 06:02:00","52.06","47.22","54.75","60.21"
"21-03-2018 06:01:00","52.09","47.11","54.81","60.18"
"21-03-2018 06:00:00","52.06","47.15","54.84","60.21"
"21-03-2018 05:59:00","52.03","47.02","54.81","60.15"
"21-03-2018 05:58:00","52.01","47.08","54.75","60.23"
"21-03-2018 05:57:00","51.91","47.31","54.58","59.99"
"21-03-2018 05:56:00","51.91","47.18","54.93","60.18"
"21-03-2018 05:55:00","51.91","46.98","54.93","60.15"
"21-03-2018 05:54:00","51.98","47.00","54.87","60.15"
"21-03-2018 05:53:00","52.01","46.95","54.87","60.09"
"21-03-2018 05:52:00","52.01","46.90","54.75","59.96"
"21-03-2018 05:51:00","52.01","46.81","54.75","59.96"
"21-03-2018 05:50:00","52.01","46.88","54.69","59.88"
"21-03-2018 05:49:00","52.01","46.88","54.69","59.88"
"21-03-2018 05:48:00","52.03","46.88","54.60","59.88"
"21-03-2018 05:47:00","52.09","46.77","54.60","59.82"
"21-03-2018 05:46:00","52.12","46.74","54.63","59.88"
"21-03-2018 05:45:00","52.12","46.71","54.55","59.85"
"21-03-2018 05:44:00","52.06","46.77","54.49","59.82"
"21-03-2018 05:43:00","52.01","46.81","54.46","59.88"
"21-03-2018 05:42:00","51.88","46.91","54.42","59.85"
"21-03-2018 05:41:00","51.82","46.88","54.52","59.91"
"21-03-2018 05:40:00","51.76","46.91","54.52","59.88"
"21-03-2018 05:39:00","51.76","46.90","54.66","59.99"
"21-03-2018 05:38:00","51.73","46.87","54.60","60.02"
"21-03-2018 05:37:00","51.71","46.81","54.72","60.09"
"21-03-2018 05:36:00","51.68","46.87","54.78","60.12"
"21-03-2018 05:35:00","51.62","46.90","54.78","60.15"
"21-03-2018 05:34:00","51.59","46.83","54.81","60.23"
"21-03-2018 05:33:00","51.53","46.93","54.75","60.18"
"21-03-2018 05:32:00","51.53","46.80","54.81","60.26"
"21-03-2018 05:31:00","51.53","46.90","54.84","60.26"
"21-03-2018 05:30:00","51.53","46.73","54.93","60.38"
"21-03-2018 05:29:00","51.50","46.80","54.96","60.38"
"21-03-2018 05:28:00","51.43","46.83","54.96","60.44"
"21-03-2018 05:27:00","51.43","46.93","54.96","60.41"
"21-03-2018 05:26:00","51.43","46.90","54.99","60.47"
"21-03-2018 05:25:00","51.50","46.90","54.93","60.44"
"21-03-2018 05:24:00","51.50","46.80","54.99","60.51"
"21-03-2018 05:23:00","51.53","46.87","54.99","60.51"
"21-03-2018 05:22:00","51.53","46.67","55.02","60.56"
"21-03-2018 05:21:00","51.53","46.73","54.93","60.51"
"21-03-2018 05:20:00","51.53","46.80","54.90","60.51"
"21-03-2018 05:19:00","51.53","46.83","54.90","60.53"
"21-03-2018 05:18:00","51.56","46.80","54.90","60.59"
"21-03-2018 05:17:00","51.59","46.76","54.93","60.53"
"21-03-2018 05:16:00","51.62","46.73","54.93","60.56"
"21-03-2018 05:15:00","51.65","46.93","54.90","60.56"
"21-03-2018 05:14:00","51.68","46.83","54.84","60.53"
"21-03-2018 05:13:00","51.71","46.80","54.78","60.51"
"21-03-2018 05:12:00","51.71","46.93","54.75","60.53"
"21-03-2018 05:11:00","51.68","46.73","54.75","60.53"
"21-03-2018 05:10:00","51.65","46.90","54.66","60.44"
"21-03-2018 05:09:00","51.68","46.90","54.72","60.44"
"21-03-2018 05:08:00","51.71","46.73","54.78","60.56"
"21-03-2018 05:07:00","51.71","46.57","54.75","60.59"
"21-03-2018 05:06:00","51.73","46.57","54.75","60.56"
"21-03-2018 05:05:00","51.76","46.64","54.69","60.53"
"21-03-2018 05:04:00","51.79","46.57","54.66","60.59"
"21-03-2018 05:03:00","51.76","46.57","54.60","60.53"
"21-03-2018 05:02:00","51.79","46.73","54.63","60.51"
"21-03-2018 05:01:00","51.79","46.76","54.66","60.53"
"21-03-2018 05:00:00","51.82","46.67","54.66","60.56"
"21-03-2018 04:59:00","51.82","46.73","54.66","60.59"
"21-03-2018 04:58:00","51.82","46.87","54.58","60.56"
"21-03-2018 04:57:00","51.82","46.76","54.60","60.62"
"21-03-2018 04:56:00","51.82","46.76","54.55","60.56"
"21-03-2018 04:55:00","51.85","46.83","54.55","60.56"
"21-03-2018 04:54:00","51.85","46.47","54.52","60.59"
"21-03-2018 04:53:00","51.88","46.57","54.57","60.62"
"21-03-2018 04:52:00","51.91","46.40","54.57","60.62"
"21-03-2018 04:51:00","51.98","46.40","54.55","60.62"
"21-03-2018 04:50:00","52.01","46.40","54.46","60.56"
"21-03-2018 04:49:00","52.01","46.47","54.39","60.56"
"21-03-2018 04:48:00","52.03","46.40","54.36","60.56"
"21-03-2018 04:47:00","52.01","46.60","54.30","60.51"
"21-03-2018 04:46:00","52.03","46.67","54.33","60.47"
"21-03-2018 04:45:00","52.06","46.60","54.27","60.44"
"21-03-2018 04:44:00","52.09","46.30","54.25","60.53"
"21-03-2018 04:43:00","52.12","46.33","54.16","60.47"
"21-03-2018 04:42:00","52.12","46.30","54.10","60.51"
"21-03-2018 04:41:00","52.15","46.23","54.01","60.51"
"21-03-2018 04:40:00","52.15","46.47","54.01","60.44"
"21-03-2018 04:39:00","52.18","46.33","53.95","60.44"
"21-03-2018 04:38:00","52.21","46.33","53.95","60.44"
"21-03-2018 04:37:00","52.24","46.16","53.95","60.47"
"21-03-2018 04:36:00","52.27","46.23","53.89","60.44"
"21-03-2018 04:35:00","52.30","46.23","53.83","60.44"
"21-03-2018 04:34:00","52.30","46.23","53.77","60.44"
"21-03-2018 04:33:00","52.33","46.30","53.74","60.47"
"21-03-2018 04:32:00","52.36","46.26","53.71","60.44"
"21-03-2018 04:31:00","52.39","46.37","53.65","60.38"
"21-03-2018 04:30:00","52.42","46.30","53.68","60.44"
"21-03-2018 04:29:00","52.51","46.23","53.65","60.47"
"21-03-2018 04:28:00","52.54","46.13","53.62","60.44"
"21-03-2018 04:27:00","52.56","46.30","53.59","60.44"
"21-03-2018 04:26:00","52.56","46.16","53.56","60.44"
"21-03-2018 04:25:00","52.59","46.23","53.53","60.51"
"21-03-2018 04:24:00","52.62","46.37","53.47","60.47"
"21-03-2018 04:23:00","52.69","46.16","53.47","60.47"
"21-03-2018 04:22:00","52.72","46.26","53.44","60.51"
"21-03-2018 04:21:00","52.75","46.19","53.44","60.53"
"21-03-2018 04:20:00","52.78","46.13","53.39","60.53"
"21-03-2018 04:19:00","52.78","46.23","53.30","60.51"
"21-03-2018 04:18:00","52.80","46.06","53.23","60.53"
"21-03-2018 04:17:00","52.83","46.19","53.17","60.47"
"21-03-2018 04:16:00","52.86","46.16","53.17","60.53"
"21-03-2018 04:15:00","52.89","46.30","53.11","60.47"
"21-03-2018 04:14:00","52.95","46.06","53.11","60.59"
"21-03-2018 04:13:00","52.98","46.02","53.00","60.56"
"21-03-2018 04:12:00","52.98","46.23","52.91","60.51"
"21-03-2018 04:11:00","52.98","46.19","52.82","60.51"
"21-03-2018 04:10:00","52.98","46.23","52.76","60.53"
"21-03-2018 04:09:00","53.01","46.09","52.70","60.62"
"21-03-2018 04:08:00","53.01","46.23","52.64","60.56"
"21-03-2018 04:07:00","53.10","46.02","52.61","60.62"
"21-03-2018 04:06:00","53.10","46.02","52.55","60.59"
"21-03-2018 04:05:00","53.16","45.96","52.55","60.68"
"21-03-2018 04:04:00","53.16","45.93","52.46","60.68"
"21-03-2018 04:03:00","53.16","45.79","52.40","60.80"
"21-03-2018 04:02:00","53.16","45.90","52.31","60.76"
"21-03-2018 04:01:00","53.19","45.93","52.25","60.74"
"21-03-2018 04:00:00","53.25","45.86","52.25","60.76"
"21-03-2018 03:59:00","53.31","45.79","52.20","60.80"
"21-03-2018 03:58:00","53.34","45.69","52.17","60.92"
"21-03-2018 03:57:00","53.37","45.72","52.14","60.92"
"21-03-2018 03:56:00","53.46","45.66","52.07","60.92"
"21-03-2018 03:55:00","53.39","45.72","52.01","60.95"
"21-03-2018 03:54:00","53.46","46.02","51.99","61.01"
"21-03-2018 03:53:00","53.52","45.66","51.96","61.07"
"21-03-2018 03:52:00","53.58","45.79","51.90","61.01"
"21-03-2018 03:51:00","53.66","45.66","51.84","61.12"
"21-03-2018 03:50:00","53.75","45.90","51.81","61.12"
"21-03-2018 03:49:00","53.84","45.59","51.78","61.15"
"21-03-2018 03:48:00","53.88","45.69","51.69","61.28"
"21-03-2018 03:47:00","53.84","45.66","51.60","61.30"
"21-03-2018 03:46:00","53.93","45.90","51.54","61.39"
"21-03-2018 03:45:00","53.96","45.62","51.48","61.36"
"21-03-2018 03:44:00","54.05","45.56","51.44","61.39"
"21-03-2018 03:43:00","54.05","45.59","51.41","61.42"
"21-03-2018 03:42:00","54.08","45.49","51.38","61.51"
"21-03-2018 03:41:00","54.44","45.32","51.24","61.66"
"21-03-2018 03:40:00","54.44","45.32","51.17","61.69"
"21-03-2018 03:39:00","54.17","45.42","51.08","61.72"
"21-03-2018 03:38:00","54.52","45.32","51.01","61.78"
"21-03-2018 03:37:00","53.93","45.42","50.94","61.78"
"21-03-2018 03:36:00","54.49","45.35","50.84","61.84"
"21-03-2018 03:35:00","54.82","45.25","50.77","61.96"
"21-03-2018 03:34:00","54.85","45.25","50.70","61.96"
"21-03-2018 03:33:00","54.17","45.25","50.63","61.99"
"21-03-2018 03:32:00","54.88","45.19","50.56","62.08"
"21-03-2018 03:31:00","54.76","45.19","50.47","62.08"
"21-03-2018 03:30:00","54.29","45.19","50.43","62.02"
"21-03-2018 03:29:00","55.00","45.09","50.37","62.08"
"21-03-2018 03:28:00","55.30","45.02","50.27","62.14"
"21-03-2018 03:27:00","55.36","45.02","50.16","62.14"
"21-03-2018 03:26:00","55.33","44.85","50.06","62.08"
"21-03-2018 03:25:00","55.12","44.85","49.96","62.05"
"21-03-2018 03:24:00","55.06","44.85","49.89","62.02"
"21-03-2018 03:23:00","54.49","44.85","49.82","61.96"
"21-03-2018 03:22:00","54.26","44.81","49.73","61.90"
"21-03-2018 03:21:00","55.21","44.78","49.66","61.84"
"21-03-2018 03:20:00","55.59","44.71","49.56","61.78"
"21-03-2018 03:19:00","55.59","44.68","49.46","61.60"
"21-03-2018 03:18:00","55.36","44.64","49.39","61.42"
"21-03-2018 03:17:00","53.96","44.58","49.32","61.18"
"21-03-2018 03:16:00","54.20","44.58","49.25","60.98"
"21-03-2018 03:15:00","53.78","44.58","49.22","60.74"
"21-03-2018 03:14:00","54.29","44.58","49.15","60.51"
"21-03-2018 03:13:00","55.48","44.61","49.05","60.29"
"21-03-2018 03:12:00","54.14","44.48","48.99","59.96"
"21-03-2018 03:11:00","54.14","44.45","48.95","59.67"
"21-03-2018 03:10:00","54.20","44.45","48.89","59.22"
"21-03-2018 03:09:00","54.20","44.51","48.82","58.90"
"21-03-2018 03:08:00","53.88","44.45","48.78","58.54"
"21-03-2018 03:07:00","54.02","44.45","48.75","58.19"
"21-03-2018 03:06:00","54.52","44.38","48.71","57.95"
"21-03-2018 03:05:00","54.70","44.38","48.68","57.68"
"21-03-2018 03:04:00","55.51","44.38","48.65","57.35"
"21-03-2018 03:03:00","55.57","44.31","48.65","57.06"
"21-03-2018 03:02:00","54.97","44.38","48.58","56.67"
"21-03-2018 03:01:00","54.88","44.28","48.61","56.28"
"21-03-2018 03:00:00","54.65","44.28","48.65","55.93"
"21-03-2018 02:59:00","55.06","44.24","48.58","55.57"
"21-03-2018 02:58:00","55.87","44.28","48.54","55.24"
"21-03-2018 02:57:00","56.07","44.31","48.54","54.80"
"21-03-2018 02:56:00","55.68","44.21","48.54","54.38"
"21-03-2018 02:55:00","55.59","44.21","48.58","54.14"
"21-03-2018 02:54:00","54.68","44.21","48.54","53.88"
"21-03-2018 02:53:00","54.82","44.18","48.51","53.58"
"21-03-2018 02:52:00","56.25","44.18","48.51","53.34"
"21-03-2018 02:51:00","56.31","44.14","48.51","53.17"
"21-03-2018 02:50:00","56.28","44.14","48.51","52.98"
"21-03-2018 02:49:00","56.25","44.11","48.47","52.81"
"21-03-2018 02:48:00","56.19","44.11","48.44","52.62"
"21-03-2018 02:47:00","56.13","44.11","48.47","52.51"
"21-03-2018 02:46:00","56.13","44.07","48.54","52.42"
"21-03-2018 02:45:00","55.48","44.04","48.54","52.39"
"21-03-2018 02:44:00","56.13","44.01","48.47","52.36"
"21-03-2018 02:43:00","56.22","44.01","48.44","52.30"
"21-03-2018 02:42:00","56.22","44.01","48.44","52.27"
"21-03-2018 02:41:00","56.16","43.97","48.47","52.21"
"21-03-2018 02:40:00","56.04","43.90","48.58","52.18"
"21-03-2018 02:39:00","55.95","43.90","48.54","52.15"
"21-03-2018 02:38:00","55.21","43.87","48.58","52.09"
"21-03-2018 02:37:00","55.18","43.77","48.61","52.06"
"21-03-2018 02:36:00","56.19","43.79","48.54","52.04"
"21-03-2018 02:35:00","56.19","43.90","48.61","52.04"
"21-03-2018 02:34:00","56.16","43.71","48.58","52.01"
"21-03-2018 02:33:00","56.13","43.69","48.58","51.98"
"21-03-2018 02:32:00","56.01","43.69","48.65","51.95"
"21-03-2018 02:31:00","55.98","43.60","48.54","51.91"
"21-03-2018 02:30:00","55.12","43.59","48.51","51.88"
"21-03-2018 02:29:00","56.22","43.62","48.44","51.88"
"21-03-2018 02:28:00","56.16","43.59","48.44","51.85"
"21-03-2018 02:27:00","56.10","43.52","48.37","51.82"
"21-03-2018 02:26:00","56.07","43.52","48.41","51.82"
"21-03-2018 02:25:00","56.04","43.43","48.44","51.79"
"21-03-2018 02:24:00","55.98","43.40","48.47","51.79"
"21-03-2018 02:23:00","55.92","43.39","48.47","51.74"
"21-03-2018 02:22:00","55.62","43.37","48.41","51.74"
"21-03-2018 02:21:00","55.87","43.39","48.37","51.74"
"21-03-2018 02:20:00","55.81","43.33","48.37","51.74"
"21-03-2018 02:19:00","55.74","43.30","48.41","51.74"
"21-03-2018 02:18:00","55.68","43.20","48.44","51.71"
"21-03-2018 02:17:00","55.57","43.16","48.47","51.68"
"21-03-2018 02:16:00","54.44","43.13","48.51","51.65"
"21-03-2018 02:15:00","55.65","43.13","48.41","51.62"
"21-03-2018 02:14:00","55.59","43.10","48.31","51.62"
"21-03-2018 02:13:00","55.54","43.06","48.31","51.62"
"21-03-2018 02:12:00","55.51","43.03","48.41","51.59"
"21-03-2018 02:11:00","55.51","43.00","48.47","51.56"
"21-03-2018 02:10:00","55.48","43.00","48.51","51.53"
"21-03-2018 02:09:00","55.30","42.97","48.47","51.50"
"21-03-2018 02:08:00","55.00","42.90","48.44","51.43"
"21-03-2018 02:07:00","55.48","42.90","48.31","51.40"
"21-03-2018 02:06:00","55.51","42.87","48.24","51.40"
"21-03-2018 02:05:00","55.48","42.83","48.28","51.37"
"21-03-2018 02:04:00","55.48","42.80","48.24","51.33"
"21-03-2018 02:03:00","55.15","42.69","48.21","51.30"
"21-03-2018 02:02:00","55.27","42.80","48.14","51.23"
"21-03-2018 02:01:00","54.44","42.65","48.01","51.20"
"21-03-2018 02:00:00","55.51","42.62","47.87","51.16"
"21-03-2018 01:59:00","55.51","42.62","47.87","51.13"
"21-03-2018 01:58:00","55.48","42.56","47.87","51.09"
"21-03-2018 01:57:00","55.48","42.58","47.90","51.06"
"21-03-2018 01:56:00","55.42","42.55","47.94","50.99"
"21-03-2018 01:55:00","55.30","42.45","47.90","50.96"
"21-03-2018 01:54:00","54.70","42.38","47.83","50.89"
"21-03-2018 01:53:00","55.30","42.41","47.73","50.89"
"21-03-2018 01:52:00","55.24","42.38","47.73","50.85"
"21-03-2018 01:51:00","55.18","42.24","47.77","50.82"
"21-03-2018 01:50:00","55.09","42.31","47.80","50.79"
"21-03-2018 01:49:00","55.04","42.28","47.87","50.76"
"21-03-2018 01:48:00","54.85","42.24","47.90","50.69"
"21-03-2018 01:47:00","54.88","42.28","47.83","50.66"
"21-03-2018 01:46:00","54.82","42.14","47.83","50.62"
"21-03-2018 01:45:00","54.70","42.04","47.83","50.59"
"21-03-2018 01:44:00","54.59","42.00","47.94","50.56"
"21-03-2018 01:43:00","54.49","42.02","48.07","50.56"
"21-03-2018 01:42:00","54.35","42.26","48.07","50.49"
"21-03-2018 01:41:00","54.26","42.22","48.07","50.45"
"21-03-2018 01:40:00","54.14","42.09","48.01","50.42"
"21-03-2018 01:39:00","54.23","42.12","47.87","50.35"
"21-03-2018 01:38:00","54.11","42.12","47.94","50.32"
"21-03-2018 01:37:00","53.99","42.06","47.90","50.28"
"21-03-2018 01:36:00","53.88","42.02","47.94","50.25"
"21-03-2018 01:35:00","53.75","42.09","47.94","50.21"
"21-03-2018 01:34:00","53.63","42.09","47.97","50.18"
"21-03-2018 01:33:00","52.83","41.99","48.01","50.15"
"21-03-2018 01:32:00","53.63","41.99","47.90","50.08"
"21-03-2018 01:31:00","53.52","41.95","47.94","50.05"
"21-03-2018 01:30:00","53.31","41.99","47.94","50.02"
"21-03-2018 01:29:00","53.19","42.06","47.94","49.98"
"21-03-2018 01:28:00","53.19","41.99","47.90","49.95"
"21-03-2018 01:27:00","52.98","41.88","47.90","49.92"
"21-03-2018 01:26:00","53.07","41.95","47.90","49.88"
"21-03-2018 01:25:00","52.89","41.95","47.94","49.81"
"21-03-2018 01:24:00","52.78","41.78","47.94","49.78"
"21-03-2018 01:23:00","52.56","41.95","47.97","49.75"
"21-03-2018 01:22:00","52.48","41.99","48.01","49.75"
"21-03-2018 01:21:00","52.51","41.95","48.07","49.71"
"21-03-2018 01:20:00","52.65","41.85","48.31","49.68"
"21-03-2018 01:19:00","52.75","41.94","48.18","49.64"
"21-03-2018 01:18:00","52.69","41.90","47.87","49.61"
"21-03-2018 01:17:00","52.62","41.68","47.80","49.54"
"21-03-2018 01:16:00","52.33","41.87","47.77","49.54"
"21-03-2018 01:15:00","52.21","41.82","47.77","49.51"
"21-03-2018 01:14:00","52.18","41.77","47.73","49.47"
"21-03-2018 01:13:00","52.21","41.82","47.77","49.44"
"21-03-2018 01:12:00","52.12","41.70","47.77","49.41"
"21-03-2018 01:11:00","52.24","41.64","47.70","49.37"
"21-03-2018 01:10:00","52.30","41.60","47.70","49.34"
"21-03-2018 01:09:00","52.36","41.50","47.63","49.31"
"21-03-2018 01:08:00","52.42","41.43","47.67","49.27"
"21-03-2018 01:07:00","52.48","41.29","47.50","49.24"
"21-03-2018 01:06:00","52.48","41.33","47.50","49.18"
"21-03-2018 01:05:00","52.30","41.07","47.50","49.14"
"21-03-2018 01:04:00","52.15","40.86","47.50","49.11"
"21-03-2018 01:03:00","51.88","41.03","47.50","49.04"
"21-03-2018 01:02:00","51.73","41.50","47.44","49.04"
"21-03-2018 01:01:00","51.62","41.74","47.50","49.04"
"21-03-2018 01:00:00","51.56","41.64","47.44","48.97"
"21-03-2018 12:59:00","51.43","41.57","47.50","48.94"
"21-03-2018 12:58:00","51.30","41.60","47.50","48.87"
"21-03-2018 12:57:00","51.10","41.70","47.47","48.83"
"21-03-2018 12:56:00","50.86","41.36","47.54","48.80"
"21-03-2018 12:55:00","50.53","41.70","47.54","48.80"
"21-03-2018 12:54:00","50.39","41.70","47.50","48.77"
"21-03-2018 12:53:00","50.32","41.70","47.50","48.73"
"21-03-2018 12:52:00","50.26","41.64","47.50","48.70"
"21-03-2018 12:51:00","50.12","41.60","47.54","48.66"
"21-03-2018 12:50:00","49.98","41.64","47.56","48.63"
"21-03-2018 12:49:00","49.68","41.64","47.57","48.60"
"21-03-2018 12:48:00","49.45","41.64","47.66","48.57"
"21-03-2018 12:47:00","49.31","41.64","47.63","48.57"
"21-03-2018 12:46:00","49.18","41.70","47.59","48.57"
"21-03-2018 12:45:00","49.08","41.74","47.59","48.50"
"21-03-2018 12:44:00","48.98","41.77","47.56","48.50"
"21-03-2018 12:43:00","48.70","41.74","47.59","48.47"
"21-03-2018 12:42:00","48.44","41.70","47.59","48.43"
"21-03-2018 12:41:00","48.17","41.81","47.56","48.43"
"21-03-2018 12:40:00","48.00","41.87","47.56","48.40"
"21-03-2018 12:39:00","47.89","41.90","47.56","48.37"
"21-03-2018 12:38:00","47.83","41.90","47.53","48.37"
"21-03-2018 12:37:00","47.73","41.84","47.53","48.33"
"21-03-2018 12:36:00","47.63","41.87","47.56","48.33"
"21-03-2018 12:35:00","47.50","41.87","47.53","48.30"
"21-03-2018 12:34:00","47.46","41.87","47.53","48.30"
"21-03-2018 12:33:00","47.39","41.84","47.56","48.30"
"21-03-2018 12:32:00","47.36","41.87","47.53","48.27"
"21-03-2018 12:31:00","47.32","41.87","47.49","48.27"
"21-03-2018 12:30:00","47.29","41.84","47.46","48.27"
"21-03-2018 12:29:00","47.19","41.81","47.39","48.23"
"21-03-2018 12:28:00","47.12","41.77","47.46","48.20"
"21-03-2018 12:27:00","46.89","41.84","47.46","48.16"
"21-03-2018 12:26:00","46.79","41.60","47.49","48.09"
"21-03-2018 12:25:00","46.81","42.00","47.46","48.18"
"21-03-2018 12:24:00","46.77","41.97","47.46","48.15"
"21-03-2018 12:23:00","46.77","41.97","47.46","48.18"
"21-03-2018 12:22:00","46.74","42.00","47.42","48.13"
"21-03-2018 12:21:00","46.74","41.97","47.46","48.12"
"21-03-2018 12:20:00","46.71","41.97","47.39","48.12"
"21-03-2018 12:19:00","46.71","42.00","47.36","48.12"
"21-03-2018 12:18:00","46.71","42.00","47.36","48.12"
"21-03-2018 12:17:00","46.71","41.90","47.29","48.12"
"21-03-2018 12:16:00","46.67","41.90","47.29","48.12"
"21-03-2018 12:15:00","46.67","41.90","47.25","48.12"
"21-03-2018 12:14:00","46.64","41.87","47.25","48.12"
"21-03-2018 12:13:00","46.64","41.84","47.25","48.08"
"21-03-2018 12:12:00","46.67","41.77","47.19","48.15"
"21-03-2018 12:11:00","46.71","41.70","47.19","48.12"
"21-03-2018 12:10:00","46.67","41.57","47.15","48.09"
"21-03-2018 12:09:00","46.67","41.57","47.12","48.12"
"21-03-2018 12:08:00","46.67","41.57","47.12","48.12"
"21-03-2018 12:07:00","46.67","41.53","47.09","48.15"
"21-03-2018 12:06:00","46.67","41.43","47.05","48.12"
"21-03-2018 12:05:00","46.64","41.36","47.02","48.15"
"21-03-2018 12:04:00","46.60","41.29","47.02","48.12"
"21-03-2018 12:03:00","46.57","41.23","46.99","48.12"
"21-03-2018 12:02:00","46.51","41.33","46.92","48.12"
"21-03-2018 12:01:00","46.41","41.23","46.92","48.12"
"21-03-2018 12:00:00","46.38","41.29","46.89","48.05"
"20-03-2018 11:59:00","46.38","41.40","46.92","48.05"
"20-03-2018 11:58:00","46.34","41.36","46.89","48.05"
"20-03-2018 11:57:00","46.31","41.33","46.85","48.05"
"20-03-2018 11:56:00","46.24","41.29","46.89","48.02"
"20-03-2018 11:55:00","46.17","41.29","46.92","47.99"
"20-03-2018 11:54:00","46.10","41.36","46.99","47.92"
"20-03-2018 11:53:00","46.07","41.46","46.99","47.92"
"20-03-2018 11:52:00","46.03","41.50","46.99","47.89"
"20-03-2018 11:51:00","46.03","41.53","46.99","47.89"
"20-03-2018 11:50:00","46.03","41.53","46.92","47.89"
"20-03-2018 11:49:00","46.03","41.53","46.92","47.85"
"20-03-2018 11:48:00","46.00","41.50","46.85","47.85"
"20-03-2018 11:47:00","46.07","41.53","46.87","47.89"
"20-03-2018 11:46:00","46.07","41.43","46.84","47.89"
"20-03-2018 11:45:00","46.10","41.36","46.81","47.95"
"20-03-2018 11:44:00","46.17","41.23","46.77","47.95"
"20-03-2018 11:43:00","46.24","41.10","46.74","48.02"
"20-03-2018 11:42:00","46.24","40.98","46.74","47.99"
"20-03-2018 11:41:00","46.24","41.02","46.84","47.99"
"20-03-2018 11:40:00","46.24","40.83","46.64","47.99"
"20-03-2018 11:39:00","46.24","40.88","46.64","48.05"
"20-03-2018 11:38:00","46.20","40.76","46.57","48.02"
"20-03-2018 11:37:00","46.17","40.76","46.57","48.02"
"20-03-2018 11:36:00","46.14","40.76","46.57","47.99"
"20-03-2018 11:35:00","46.14","40.69","46.57","47.99"
"20-03-2018 11:34:00","46.14","40.66","46.57","47.99"
"20-03-2018 11:33:00","46.14","40.55","46.57","47.99"
"20-03-2018 11:32:00","46.14","40.48","46.57","48.02"
"20-03-2018 11:31:00","46.14","40.41","46.60","47.99"
"20-03-2018 11:30:00","46.10","40.45","46.64","47.99"
"20-03-2018 11:29:00","46.07","40.45","46.67","47.99"
"20-03-2018 11:28:00","46.07","40.34","46.64","47.99"
"20-03-2018 11:27:00","46.03","40.34","46.67","47.99"
"20-03-2018 11:26:00","46.03","40.34","46.71","47.95"
"20-03-2018 11:25:00","46.00","40.34","46.71","47.92"
"20-03-2018 11:24:00","45.97","40.45","46.71","47.92"
"20-03-2018 11:23:00","45.97","40.31","46.71","47.92"
"20-03-2018 11:22:00","46.00","40.31","46.67","47.95"
"20-03-2018 11:21:00","46.03","40.24","46.67","47.99"
"20-03-2018 11:20:00","46.03","40.21","46.67","47.99"
"20-03-2018 11:19:00","46.03","40.21","46.67","47.99"
"20-03-2018 11:18:00","46.07","40.21","46.67","47.99"
"20-03-2018 11:17:00","46.07","40.21","46.67","48.02"
"20-03-2018 11:16:00","46.07","40.17","46.67","48.02"
"20-03-2018 11:15:00","46.07","40.21","46.67","48.05"
"20-03-2018 11:14:00","46.10","40.17","46.67","48.05"
"20-03-2018 11:13:00","46.14","40.10","46.67","48.05"
"20-03-2018 11:12:00","46.14","40.10","46.71","48.05"
"20-03-2018 11:11:00","46.14","40.14","46.74","48.05"
"20-03-2018 11:10:00","46.20","40.10","46.73","48.05"
"20-03-2018 11:09:00","46.17","40.17","46.76","48.05"
"20-03-2018 11:08:00","46.17","40.28","46.76","48.05"
"20-03-2018 11:07:00","46.20","40.17","46.80","48.05"
"20-03-2018 11:06:00","46.24","40.10","46.80","48.05"
"20-03-2018 11:05:00","46.27","40.10","46.80","48.05"
"20-03-2018 11:04:00","46.27","40.14","46.80","48.05"
"20-03-2018 11:03:00","46.31","40.24","46.83","48.08"
"20-03-2018 11:02:00","46.38","40.28","46.83","48.12"
"20-03-2018 11:01:00","46.44","40.28","46.86","48.12"
"20-03-2018 11:00:00","46.64","40.34","46.83","48.18"
"20-03-2018 10:59:00","46.64","40.45","46.80","48.25"
"20-03-2018 10:58:00","46.88","40.75","46.76","48.36"
"20-03-2018 10:57:00","46.88","40.75","46.80","48.32"
"20-03-2018 10:56:00","46.88","40.85","46.80","48.32"
"20-03-2018 10:55:00","46.88","40.71","46.70","48.36"
"20-03-2018 10:54:00","46.88","40.75","46.70","48.36"
"20-03-2018 10:53:00","46.84","40.78","46.70","48.32"
"20-03-2018 10:52:00","46.84","40.75","46.73","48.29"
"20-03-2018 10:51:00","46.84","40.81","46.72","48.29"
"20-03-2018 10:50:00","46.77","40.91","46.69","48.29"
"20-03-2018 10:49:00","46.74","40.81","46.65","48.22"
"20-03-2018 10:48:00","46.74","40.78","46.69","48.18"
"20-03-2018 10:47:00","46.77","40.81","46.69","48.22"
"20-03-2018 10:46:00","46.77","40.81","46.69","48.18"
"20-03-2018 10:45:00","46.77","40.84","46.65","48.18"
"20-03-2018 10:44:00","46.74","40.81","46.65","48.18"
"20-03-2018 10:43:00","46.74","40.84","46.65","48.15"
"20-03-2018 10:42:00","46.71","40.91","46.65","48.12"
"20-03-2018 10:41:00","46.67","40.91","46.62","48.08"
"20-03-2018 10:40:00","46.67","40.91","46.58","48.12"
"20-03-2018 10:39:00","46.67","40.88","46.58","48.05"
"20-03-2018 10:38:00","46.64","40.91","46.58","48.05"
"20-03-2018 10:37:00","46.64","40.97","46.55","48.05"
"20-03-2018 10:36:00","46.60","40.91","46.55","47.99"
"20-03-2018 10:35:00","46.60","40.91","46.58","47.99"
"20-03-2018 10:34:00","46.60","40.94","46.55","47.99"
"20-03-2018 10:33:00","46.57","41.00","46.51","47.99"
"20-03-2018 10:32:00","46.60","41.00","46.54","47.98"
"20-03-2018 10:31:00","46.60","40.97","46.54","47.92"
"20-03-2018 10:30:00","46.60","40.94","46.54","47.94"
"20-03-2018 10:29:00","46.60","40.97","46.54","47.94"
"20-03-2018 10:28:00","46.60","41.04","46.54","47.94"
"20-03-2018 10:27:00","46.57","41.00","46.51","47.91"
"20-03-2018 10:26:00","46.57","41.04","46.51","47.87"
"20-03-2018 10:25:00","46.60","41.00","46.51","47.87"
"20-03-2018 10:24:00","46.60","40.97","46.51","47.87"
"20-03-2018 10:23:00","46.60","40.97","46.51","47.87"
"20-03-2018 10:22:00","46.60","40.97","46.51","47.87"
"20-03-2018 10:21:00","46.60","40.97","46.44","47.87"
"20-03-2018 10:20:00","46.57","41.00","46.38","47.84"
"20-03-2018 10:19:00","46.57","41.04","46.36","47.81"
"20-03-2018 10:18:00","46.57","41.04","46.36","47.81"
"20-03-2018 10:17:00","46.57","41.00","46.36","47.77"
"20-03-2018 10:16:00","46.57","41.04","46.36","47.74"
"20-03-2018 10:15:00","46.53","41.14","46.33","47.74"
"20-03-2018 10:14:00","46.53","41.04","46.30","47.74"
"20-03-2018 10:13:00","46.46","41.04","46.30","47.67"
"20-03-2018 10:12:00","46.46","41.11","46.26","47.67"
"20-03-2018 10:11:00","46.46","41.11","46.23","47.67"
"20-03-2018 10:10:00","46.46","41.11","46.23","47.64"
"20-03-2018 10:09:00","46.46","41.11","46.23","47.64"
"20-03-2018 10:08:00","46.46","41.11","46.23","47.64"
"20-03-2018 10:07:00","46.53","41.10","46.23","47.60"
"20-03-2018 10:06:00","46.53","41.10","46.23","47.60"
"20-03-2018 10:05:00","46.53","41.07","46.19","47.60"
"20-03-2018 10:04:00","46.53","41.03","46.19","47.54"
"20-03-2018 10:03:00","46.53","41.03","46.19","47.54"
"20-03-2018 10:02:00","46.57","41.00","46.19","47.54"
"20-03-2018 10:01:00","46.57","41.00","46.19","47.54"
"20-03-2018 10:00:00","46.53","41.03","46.15","47.47"
"20-03-2018 09:59:00","46.53","41.00","46.15","47.47"
"20-03-2018 09:58:00","46.57","41.00","46.15","47.44"
"20-03-2018 09:57:00","46.57","40.96","46.15","47.41"
"20-03-2018 09:56:00","46.53","41.00","46.14","47.41"
"20-03-2018 09:55:00","46.53","41.07","46.14","47.37"
"20-03-2018 09:54:00","46.46","41.13","46.11","47.34"
"20-03-2018 09:53:00","46.43","41.13","46.07","47.31"
"20-03-2018 09:52:00","46.43","41.10","46.04","47.31"
"20-03-2018 09:51:00","46.43","41.10","46.00","47.27"
"20-03-2018 09:50:00","46.43","41.13","46.00","47.29"
"20-03-2018 09:49:00","46.43","41.10","45.97","47.24"
"20-03-2018 09:48:00","46.46","41.10","45.97","47.20"
"20-03-2018 09:47:00","46.46","41.07","45.93","47.20"
"20-03-2018 09:46:00","46.46","41.07","45.93","47.19"
"20-03-2018 09:45:00","46.49","41.07","45.90","47.16"
"20-03-2018 09:44:00","46.49","41.03","45.93","47.16"
"20-03-2018 09:43:00","46.49","41.03","45.93","47.12"
"20-03-2018 09:42:00","46.49","41.03","45.90","47.09"
"20-03-2018 09:41:00","46.45","41.03","45.90","47.09"
"20-03-2018 09:40:00","46.49","41.03","45.90","47.05"
"20-03-2018 09:39:00","46.49","41.00","45.90","47.02"
"20-03-2018 09:38:00","46.49","41.00","45.86","47.02"
"20-03-2018 09:37:00","46.49","41.00","45.86","46.99"
"20-03-2018 09:36:00","46.49","40.96","45.86","46.96"
"20-03-2018 09:35:00","46.56","40.96","45.86","46.96"
"20-03-2018 09:34:00","46.56","40.93","45.89","46.89"
"20-03-2018 09:33:00","46.56","40.96","45.89","46.89"
"20-03-2018 09:32:00","46.56","41.03","45.89","46.86"
"20-03-2018 09:31:00","46.56","40.93","45.85","46.82"
"20-03-2018 09:30:00","46.56","40.93","45.85","46.82"
"20-03-2018 09:29:00","46.49","40.96","45.85","46.76"
"20-03-2018 09:28:00","46.49","40.93","45.85","46.76"
"20-03-2018 09:27:00","46.56","40.96","45.85","46.72"
"20-03-2018 09:26:00","46.49","40.96","45.84","46.69"
"20-03-2018 09:25:00","46.49","41.00","45.81","46.65"
"20-03-2018 09:24:00","46.49","41.00","45.81","46.62"
"20-03-2018 09:23:00","46.49","40.96","45.77","46.62"
"20-03-2018 09:22:00","46.49","40.96","45.77","46.55"
"20-03-2018 09:21:00","46.49","40.96","45.74","46.55"
"20-03-2018 09:20:00","46.45","41.00","45.74","46.48"
"20-03-2018 09:19:00","46.45","41.00","45.76","46.48"
"20-03-2018 09:18:00","46.47","40.96","45.73","46.45"
"20-03-2018 09:17:00","46.47","40.93","45.70","46.41"
"20-03-2018 09:16:00","46.51","40.93","45.70","46.35"
"20-03-2018 09:15:00","46.51","40.96","45.70","46.35"
"20-03-2018 09:14:00","46.47","40.96","45.70","46.28"
"20-03-2018 09:13:00","46.51","40.96","45.72","46.28"
"20-03-2018 09:12:00","46.51","41.00","45.72","46.22"
"20-03-2018 09:11:00","46.51","41.01","45.68","46.22"
"20-03-2018 09:10:00","46.51","41.01","45.72","46.15"
"20-03-2018 09:09:00","46.51","41.01","45.72","46.15"
"20-03-2018 09:08:00","46.47","41.01","45.72","46.13"
"20-03-2018 09:07:00","46.47","41.01","45.68","46.10"
"20-03-2018 09:06:00","46.44","41.01","45.68","46.10"
"20-03-2018 09:05:00","46.41","41.00","45.68","46.07"
"20-03-2018 09:04:00","46.41","41.01","45.70","46.03"
"20-03-2018 09:03:00","46.38","40.96","45.70","46.03"
"20-03-2018 09:02:00","46.40","40.93","45.70","46.03"
"20-03-2018 09:01:00","46.40","40.95","45.67","46.00"
"20-03-2018 09:00:00","46.44","40.95","45.67","45.96"
"20-03-2018 08:59:00","46.44","41.01","45.70","45.93"
"20-03-2018 08:58:00","46.47","41.08","45.70","45.86"
"20-03-2018 08:57:00","46.54","41.12","45.70","45.83"
"20-03-2018 08:56:00","46.60","41.15","45.70","45.83"
"20-03-2018 08:55:00","46.67","41.19","45.74","45.79"
"20-03-2018 08:54:00","46.77","41.29","45.80","45.72"
"20-03-2018 08:53:00","46.80","41.29","45.80","45.69"
"20-03-2018 08:52:00","46.80","41.29","45.80","45.69"
"20-03-2018 08:51:00","46.84","41.29","45.80","45.69"
"20-03-2018 08:50:00","46.84","41.29","45.83","45.79"
"20-03-2018 08:49:00","46.84","41.26","45.90","45.83"
"20-03-2018 08:48:00","46.86","41.23","45.90","45.93"
"20-03-2018 08:47:00","46.89","41.23","45.91","46.05"
"20-03-2018 08:46:00","46.89","41.23","45.91","46.15"
"20-03-2018 08:45:00","46.89","41.13","45.94","46.32"
"20-03-2018 08:44:00","46.93","41.26","45.98","46.45"
"20-03-2018 08:43:00","46.89","41.26","45.98","46.73"
"20-03-2018 08:42:00","46.89","41.23","45.98","47.05"
"20-03-2018 08:41:00","46.86","41.16","45.99","47.36"
"20-03-2018 08:40:00","46.83","41.16","46.02","47.56"
"20-03-2018 08:39:00","46.82","41.13","46.06","47.67"
"20-03-2018 08:38:00","46.75","41.10","46.10","47.76"
"20-03-2018 08:37:00","46.68","41.03","46.13","47.86"
"20-03-2018 08:36:00","46.58","41.00","46.18","47.88"
"20-03-2018 08:35:00","46.54","41.00","46.31","47.81"
"20-03-2018 08:34:00","46.47","41.03","46.39","47.78"
"20-03-2018 08:33:00","46.37","41.00","46.51","47.73"
"20-03-2018 08:32:00","46.32","40.96","46.61","47.83"
"20-03-2018 08:31:00","46.22","40.96","46.65","47.83"
"20-03-2018 08:30:00","46.19","40.96","46.61","47.89"
"20-03-2018 08:29:00","46.15","40.93","46.61","47.79"
"20-03-2018 08:28:00","46.19","40.91","46.58","47.79"
"20-03-2018 08:27:00","46.19","40.84","46.59","47.79"
"20-03-2018 08:26:00","46.19","40.84","46.59","47.79"
"20-03-2018 08:25:00","46.22","40.81","46.63","47.79"
"20-03-2018 08:24:00","46.29","40.78","46.63","47.83"
"20-03-2018 08:23:00","46.32","40.81","46.63","47.86"
"20-03-2018 08:22:00","46.29","40.81","46.70","47.82"
"20-03-2018 08:21:00","46.29","40.81","46.73","47.72"
"20-03-2018 08:20:00","46.22","40.95","46.76","47.65"
"20-03-2018 08:19:00","46.19","40.81","46.80","47.61"
"20-03-2018 08:18:00","46.06","40.75","46.87","47.47"
"20-03-2018 08:17:00","45.91","40.75","46.94","47.34"
"20-03-2018 08:16:00","45.74","40.88","47.01","47.09"
"20-03-2018 08:15:00","45.67","40.84","47.08","46.89"
"20-03-2018 08:14:00","45.61","40.81","47.09","46.74"
"20-03-2018 08:13:00","45.46","40.74","47.12","46.54"
"20-03-2018 08:12:00","45.42","40.81","47.12","46.39"
"20-03-2018 08:11:00","45.42","40.60","47.05","46.32"
"20-03-2018 08:10:00","45.44","40.60","46.98","46.25"
"20-03-2018 08:09:00","45.61","40.50","46.95","46.35"
"20-03-2018 08:08:00","45.74","40.57","46.95","46.51"
"20-03-2018 08:07:00","45.89","40.63","46.94","46.75"
"20-03-2018 08:06:00","46.17","40.63","46.87","47.60"
"20-03-2018 08:05:00","46.44","40.74","46.80","47.60"
"20-03-2018 08:04:00","46.72","40.77","46.77","48.11"
"20-03-2018 08:03:00","46.85","40.63","46.73","48.46"
"20-03-2018 08:02:00","46.83","40.60","46.70","48.49"
"20-03-2018 08:01:00","46.86","40.43","46.70","48.52"
"20-03-2018 08:00:00","46.89","40.43","46.70","48.57"
"20-03-2018 07:59:00","46.93","40.50","46.77","48.60"
"20-03-2018 07:58:00","46.93","40.57","46.80","48.60"
"20-03-2018 07:57:00","46.96","40.67","46.83","48.60"
"20-03-2018 07:56:00","46.96","40.60","46.87","48.60"
"20-03-2018 07:55:00","46.99","40.63","46.87","48.63"
"20-03-2018 07:54:00","46.99","40.60","46.87","48.63"
"20-03-2018 07:53:00","47.03","40.60","46.87","48.63"
"20-03-2018 07:52:00","47.06","40.74","46.94","48.63"
"20-03-2018 07:51:00","47.04","40.74","46.94","48.63"
"20-03-2018 07:50:00","47.04","40.63","46.90","48.60"
"20-03-2018 07:49:00","47.04","40.57","46.85","48.57"
"20-03-2018 07:48:00","47.08","40.50","46.81","48.50"
"20-03-2018 07:47:00","47.04","40.43","46.81","48.47"
"20-03-2018 07:46:00","47.04","40.43","46.81","48.36"
"20-03-2018 07:45:00","47.01","40.39","46.78","48.30"
"20-03-2018 07:44:00","47.01","40.36","46.78","48.25"
"20-03-2018 07:43:00","46.94","40.33","46.78","48.12"
"20-03-2018 07:42:00","46.90","40.23","46.74","47.98"
"20-03-2018 07:41:00","46.94","40.09","46.74","47.90"
"20-03-2018 07:40:00","47.01","40.09","46.78","47.84"
"20-03-2018 07:39:00","47.09","40.30","46.85","47.77"
"20-03-2018 07:38:00","47.22","40.33","46.85","47.78"
"20-03-2018 07:37:00","47.43","40.23","46.78","47.92"
"20-03-2018 07:36:00","47.70","40.39","46.78","48.16"
"20-03-2018 07:35:00","47.88","40.43","46.81","48.41"
"20-03-2018 07:34:00","48.19","40.58","46.78","48.79"
"20-03-2018 07:33:00","48.44","40.91","46.74","49.24"
"20-03-2018 07:32:00","48.77","40.93","46.74","49.78"
"20-03-2018 07:31:00","48.92","41.03","46.71","50.20"
"20-03-2018 07:30:00","48.99","41.00","46.71","50.40"
"20-03-2018 07:29:00","49.02","41.03","46.71","50.47"
"20-03-2018 07:28:00","49.08","41.14","46.74","50.51"
"20-03-2018 07:27:00","49.09","41.07","46.74","50.58"
"20-03-2018 07:26:00","49.23","41.04","46.71","50.72"
"20-03-2018 07:25:00","49.26","41.11","46.71","50.75"
"20-03-2018 07:24:00","49.40","41.21","46.74","50.82"
"20-03-2018 07:23:00","49.47","41.24","46.71","50.92"
"20-03-2018 07:22:00","49.53","41.26","46.74","51.00"
"20-03-2018 07:21:00","49.53","41.42","46.85","51.00"
"20-03-2018 07:20:00","49.62","41.49","46.78","51.11"
"20-03-2018 07:19:00","49.72","41.52","46.74","51.11"
"20-03-2018 07:18:00","49.76","41.45","46.67","51.21"
"20-03-2018 07:17:00","49.79","41.45","46.61","51.24"
"20-03-2018 07:16:00","49.85","41.52","46.57","51.28"
"20-03-2018 07:15:00","49.90","41.45","46.51","51.42"
"20-03-2018 07:14:00","49.97","41.43","46.47","51.42"
"20-03-2018 07:13:00","50.01","41.43","46.41","51.43"
"20-03-2018 07:12:00","50.08","41.43","46.36","51.43"
"20-03-2018 07:11:00","50.18","41.40","46.33","51.55"
"20-03-2018 07:10:00","50.28","41.50","46.30","51.55"
"20-03-2018 07:09:00","50.39","41.43","46.19","51.46"
"20-03-2018 07:08:00","50.56","41.33","46.09","51.58"
"20-03-2018 07:07:00","50.80","41.43","46.06","51.64"
"20-03-2018 07:06:00","51.01","41.29","45.99","51.79"
"20-03-2018 07:05:00","51.27","41.07","45.86","51.75"
"20-03-2018 07:04:00","51.54","41.07","45.83","51.85"
"20-03-2018 07:03:00","51.90","41.21","45.79","51.97"
"20-03-2018 07:02:00","52.37","41.66","45.72","0.00"
"20-03-2018 07:01:00","52.85","41.94","45.72","52.51"
"20-03-2018 07:00:00","53.18","42.54","45.68","52.65"
"20-03-2018 06:59:00","52.78","43.00","45.64","51.21"
"20-03-2018 06:58:00","52.16","42.11","45.71","51.21"
"20-03-2018 06:57:00","51.40","41.64","45.72","50.21"
"20-03-2018 06:56:00","51.08","41.52","45.64","50.17"
"20-03-2018 06:55:00","51.10","41.68","45.57","50.43"
"20-03-2018 06:54:00","51.16","41.78","45.57","50.53"
"20-03-2018 06:53:00","51.18","41.78","45.51","50.60"
"20-03-2018 06:52:00","51.21","41.83","45.51","50.60"
"20-03-2018 06:51:00","51.27","41.86","45.51","0.00"
"20-03-2018 06:50:00","51.30","41.90","45.45","50.84"
"20-03-2018 06:49:00","51.45","41.97","45.41","50.88"
"20-03-2018 06:48:00","51.54","42.04","45.45","50.92"
"20-03-2018 06:47:00","51.60","42.17","45.57","51.04"
"20-03-2018 06:46:00","51.72","42.24","45.45","51.12"
"20-03-2018 06:45:00","51.84","42.31","45.39","51.37"
"20-03-2018 06:44:00","51.96","42.39","45.43","51.37"
"20-03-2018 06:43:00","52.04","42.48","45.29","51.48"
"20-03-2018 06:42:00","52.22","42.60","45.19","51.63"
"20-03-2018 06:41:00","52.43","42.77","45.16","51.79"
"20-03-2018 06:40:00","52.66","42.94","45.19","51.99"
"20-03-2018 06:39:00","52.96","43.16","45.19","52.20"
"20-03-2018 06:38:00","53.26","43.33","45.12","52.53"
"20-03-2018 06:37:00","53.72","43.64","45.09","52.73"
"20-03-2018 06:36:00","54.37","44.00","45.07","53.00"
"20-03-2018 06:35:00","54.91","43.87","45.10","52.50"
"20-03-2018 06:34:00","54.59","43.50","45.10","52.50"
"20-03-2018 06:33:00","54.14","43.09","45.07","52.06"
"20-03-2018 06:32:00","53.65","42.68","44.90","51.17"
"20-03-2018 06:31:00","53.06","42.26","44.83","51.17"
"20-03-2018 06:30:00","52.47","41.85","44.87","50.82"
"20-03-2018 06:29:00","51.88","41.56","44.97","50.30"
"20-03-2018 06:28:00","51.35","41.32","45.10","50.02"
"20-03-2018 06:27:00","50.90","41.13","45.14","49.77"
"20-03-2018 06:26:00","50.56","41.06","45.21","49.76"
"20-03-2018 06:25:00","50.46","41.21","45.51","49.85"
"20-03-2018 06:24:00","50.52","41.28","45.48","49.96"
"20-03-2018 06:23:00","50.59","41.28","45.21","50.00"
"20-03-2018 06:22:00","50.59","41.26","45.17","50.03"
"20-03-2018 06:21:00","50.62","41.26","45.17","50.10"
"20-03-2018 06:20:00","50.66","41.33","45.10","50.10"
"20-03-2018 06:19:00","50.69","41.36","45.17","50.24"
"20-03-2018 06:18:00","50.76","41.40","45.24","50.18"
"20-03-2018 06:17:00","50.80","41.50","45.24","50.27"
"20-03-2018 06:16:00","50.90","41.54","45.28","50.35"
"20-03-2018 06:15:00","50.95","41.61","45.34","50.42"
"20-03-2018 06:14:00","50.99","41.68","45.35","50.45"
"20-03-2018 06:13:00","51.08","41.78","45.48","50.63"
"20-03-2018 06:12:00","51.11","41.81","45.51","50.69"
"20-03-2018 06:11:00","51.17","41.83","45.41","50.77"
"20-03-2018 06:10:00","51.31","41.90","45.34","50.81"
"20-03-2018 06:09:00","51.35","41.97","45.17","50.81"
"20-03-2018 06:08:00","51.41","41.98","45.07","50.92"
"20-03-2018 06:07:00","51.50","42.02","44.90","50.99"
"20-03-2018 06:06:00","51.77","42.14","44.87","51.11"
"20-03-2018 06:05:00","51.98","42.28","44.97","51.30"
"20-03-2018 06:04:00","52.45","42.53","44.99","50.89"
"20-03-2018 06:03:00","52.54","42.10","44.86","50.89"
"20-03-2018 06:02:00","51.87","41.52","44.79","50.15"
"20-03-2018 06:01:00","51.52","40.97","44.75","49.74"
"20-03-2018 06:00:00","51.19","40.97","44.75","49.46"
"20-03-2018 05:59:00","50.81","40.71","44.69","49.18"
"20-03-2018 05:58:00","50.51","40.55","44.62","49.03"
"20-03-2018 05:57:00","50.30","40.51","44.55","49.02"
"20-03-2018 05:56:00","50.08","40.43","44.48","49.00"
"20-03-2018 05:55:00","49.90","40.39","44.45","49.03"
"20-03-2018 05:54:00","50.02","40.61","44.38","49.35"
"20-03-2018 05:53:00","50.08","40.71","44.45","49.49"
"20-03-2018 05:52:00","50.15","40.71","44.28","0.00"
"20-03-2018 05:51:00","50.22","40.75","44.11","49.59"
"20-03-2018 05:50:00","50.29","40.78","44.04","49.63"
"20-03-2018 05:49:00","50.39","40.81","44.03","49.69"
"20-03-2018 05:48:00","50.46","40.85","43.96","49.80"
"20-03-2018 05:47:00","50.56","40.89","43.87","49.86"
"20-03-2018 05:46:00","50.66","40.99","43.77","50.01"
"20-03-2018 05:45:00","50.73","41.04","43.80","50.04"
"20-03-2018 05:44:00","50.90","41.13","43.83","50.22"
"20-03-2018 05:43:00","50.96","41.20","43.73","50.25"
"20-03-2018 05:42:00","51.11","41.28","43.70","50.42"
"20-03-2018 05:41:00","51.23","41.38","43.63","50.56"
"20-03-2018 05:40:00","51.46","41.52","43.59","50.80"
"20-03-2018 05:39:00","51.67","41.66","43.52","50.94"
"20-03-2018 05:38:00","51.93","41.84","43.49","51.08"
"20-03-2018 05:37:00","52.32","42.09","43.56","51.37"
"20-03-2018 05:36:00","52.73","42.33","43.46","51.55"
"20-03-2018 05:35:00","53.41","42.61","43.35","51.44"
"20-03-2018 05:34:00","53.74","42.27","43.28","51.44"
"20-03-2018 05:33:00","53.41","41.94","43.35","50.96"
"20-03-2018 05:32:00","52.94","41.52","43.31","50.41"
"20-03-2018 05:31:00","51.42","40.90","43.25","49.63"
"20-03-2018 05:30:00","51.42","40.27","43.28","48.73"
"20-03-2018 05:29:00","50.50","39.63","43.28","47.87"
"20-03-2018 05:28:00","49.40","38.94","43.38","46.96"
"20-03-2018 05:27:00","48.07","38.08","43.45","45.88"
"20-03-2018 05:26:00","46.62","37.11","43.35","44.78"
"20-03-2018 05:25:00","45.12","35.93","43.28","43.64"
"20-03-2018 05:24:00","44.01","34.47","43.31","42.68"
"20-03-2018 05:23:00","44.93","35.01","43.31","43.53"
"20-03-2018 05:22:00","45.03","34.96","43.35","43.56"
"20-03-2018 05:21:00","45.03","35.17","43.42","43.60"
"20-03-2018 05:20:00","45.10","34.92","43.31","43.60"
"20-03-2018 05:19:00","45.35","35.13","43.38","43.74"
"20-03-2018 05:18:00","45.55","35.40","43.45","43.97"
"20-03-2018 05:17:00","45.49","35.13","43.37","43.77"
"20-03-2018 05:16:00","45.46","35.27","43.41","43.78"
"20-03-2018 05:15:00","45.49","35.10","43.28","43.71"
"20-03-2018 05:14:00","45.74","35.06","43.31","43.84"
"20-03-2018 05:13:00","45.92","35.06","43.31","43.84"
"20-03-2018 05:12:00","46.06","35.20","43.27","43.95"
"20-03-2018 05:11:00","45.93","34.89","43.23","43.76"
"20-03-2018 05:10:00","46.00","34.54","43.03","43.59"
"20-03-2018 05:09:00","46.31","34.50","42.93","43.69"
"20-03-2018 05:08:00","46.49","34.64","42.97","43.76"
"20-03-2018 05:07:00","46.60","34.24","42.76","43.67"
"20-03-2018 05:06:00","46.98","33.91","42.68","43.80"
"20-03-2018 05:05:00","47.36","34.03","42.65","43.78"
"20-03-2018 05:04:00","47.71","33.99","42.68","43.95"
"20-03-2018 05:03:00","48.12","33.91","42.65","43.95"
"20-03-2018 05:02:00","48.85","33.91","42.55","44.09"
"20-03-2018 05:01:00","49.67","33.99","42.68","44.31"
"20-03-2018 05:00:00","49.96","34.02","42.71","44.24"
"20-03-2018 04:59:00","46.99","33.97","42.71","43.32"
"20-03-2018 04:58:00","46.61","34.05","42.71","43.25"
"20-03-2018 04:57:00","46.15","34.09","42.91","43.20"
"20-03-2018 04:56:00","45.71","34.25","42.91","43.16"
"20-03-2018 04:55:00","45.22","34.25","42.95","43.15"
"20-03-2018 04:54:00","44.78","34.13","42.91","42.97"
"20-03-2018 04:53:00","44.28","34.13","42.85","42.88"
"20-03-2018 04:52:00","43.84","34.18","42.98","42.82"
"20-03-2018 04:51:00","44.22","34.02","42.95","43.01"
"20-03-2018 04:50:00","44.88","34.18","43.02","43.27"
"20-03-2018 04:49:00","45.03","34.79","43.19","43.51"
"20-03-2018 04:48:00","45.26","34.58","43.29","43.62"
"20-03-2018 04:47:00","45.24","34.73","43.29","43.62"
"20-03-2018 04:46:00","45.61","34.79","43.32","43.79"
"20-03-2018 04:45:00","45.61","35.10","43.49","43.90"
"20-03-2018 04:44:00","45.92","34.93","43.49","44.03"
"20-03-2018 04:43:00","45.72","35.47","43.49","44.00"
"20-03-2018 04:42:00","45.77","34.73","43.20","43.74"
"20-03-2018 04:41:00","46.06","34.96","43.30","44.00"
"20-03-2018 04:40:00","46.25","35.21","43.39","44.10"
"20-03-2018 04:39:00","46.32","35.07","43.35","44.10"
"20-03-2018 04:38:00","46.66","34.82","43.32","44.15"
"20-03-2018 04:37:00","46.76","35.34","43.32","44.29"
"20-03-2018 04:36:00","46.71","35.00","43.16","44.09"
"20-03-2018 04:35:00","46.89","34.58","43.05","44.06"
"20-03-2018 04:34:00","47.26","34.56","42.95","44.20"
"20-03-2018 04:33:00","47.44","34.81","43.10","44.21"
"20-03-2018 04:32:00","47.62","34.88","43.03","44.25"
"20-03-2018 04:31:00","47.87","34.60","42.93","44.19"
"20-03-2018 04:30:00","48.28","34.36","42.78","44.15"
"20-03-2018 04:29:00","48.80","34.21","42.78","44.25"
"20-03-2018 04:28:00","49.73","34.37","42.85","44.54"
"20-03-2018 04:27:00","50.32","34.62","42.85","44.57"
"20-03-2018 04:26:00","48.90","34.19","42.78","43.93"
"20-03-2018 04:25:00","47.68","34.35","42.81","43.64"
"20-03-2018 04:24:00","47.03","34.07","42.65","43.34"
"20-03-2018 04:23:00","46.40","33.75","42.57","43.13"
"20-03-2018 04:22:00","45.80","33.63","42.53","42.94"
"20-03-2018 04:21:00","45.20","33.47","42.39","42.83"
"20-03-2018 04:20:00","44.63","33.99","42.46","42.82"
"20-03-2018 04:19:00","44.19","33.79","42.46","42.68"
"20-03-2018 04:18:00","44.06","33.36","42.33","42.56"
"20-03-2018 04:17:00","44.52","33.41","42.29","42.78"
"20-03-2018 04:16:00","44.58","33.81","42.36","42.87"
"20-03-2018 04:15:00","44.67","33.47","42.36","42.83"
"20-03-2018 04:14:00","44.70","33.43","42.32","42.83"
"20-03-2018 04:13:00","44.88","33.31","42.33","42.98"
"20-03-2018 04:12:00","44.95","33.64","42.43","42.98"
"20-03-2018 04:11:00","45.25","33.36","42.43","43.08"
"20-03-2018 04:10:00","45.51","33.99","42.70","43.32"
"20-03-2018 04:09:00","45.61","33.99","42.67","43.32"
"20-03-2018 04:08:00","45.72","33.91","42.60","43.32"
"20-03-2018 04:07:00","45.96","33.64","42.50","43.32"
"20-03-2018 04:06:00","46.09","33.89","42.53","43.39"
"20-03-2018 04:05:00","46.54","33.60","42.53","43.54"
"20-03-2018 04:04:00","46.93","34.05","42.55","43.78"
"20-03-2018 04:03:00","47.24","34.17","42.55","43.95"
"20-03-2018 04:02:00","47.45","34.01","42.48","43.90"
"20-03-2018 04:01:00","47.70","33.76","42.36","43.90"
"20-03-2018 04:00:00","48.01","33.64","42.29","43.90"
"20-03-2018 03:59:00","48.53","33.57","42.25","44.02"
"20-03-2018 03:58:00","49.18","33.64","42.32","44.25"
"20-03-2018 03:57:00","49.60","33.73","42.20","44.33"
"20-03-2018 03:56:00","50.21","33.36","42.07","44.38"
"20-03-2018 03:55:00","51.22","33.44","42.15","44.69"
"20-03-2018 03:54:00","52.04","33.79","42.36","44.97"
"20-03-2018 03:53:00","51.12","33.77","42.36","44.50"
"20-03-2018 03:52:00","50.33","34.02","42.39","44.40"
"20-03-2018 03:51:00","49.89","34.29","42.52","44.42"
"20-03-2018 03:50:00","49.64","34.34","42.45","44.42"
"20-03-2018 03:49:00","49.36","34.09","42.39","44.41"
"20-03-2018 03:48:00","49.15","34.29","42.48","44.55"
"20-03-2018 03:47:00","48.92","34.24","42.48","44.62"
"20-03-2018 03:46:00","48.64","34.92","42.83","44.96"
"20-03-2018 03:45:00","48.49","35.62","43.00","45.27"
"20-03-2018 03:44:00","48.79","35.91","42.96","45.64"
"20-03-2018 03:43:00","49.15","35.97","42.84","45.85"
"20-03-2018 03:42:00","49.40","36.12","42.72","46.18"
"20-03-2018 03:41:00","49.85","36.62","42.69","46.77"
"20-03-2018 03:40:00","50.52","37.30","42.69","47.64"
"20-03-2018 03:39:00","50.93","38.20","42.59","48.79"
"20-03-2018 03:38:00","51.35","39.38","42.48","50.24"
"20-03-2018 03:37:00","50.98","40.90","42.55","50.76"
"20-03-2018 03:36:00","50.95","40.83","42.52","50.27"
"20-03-2018 03:35:00","51.01","40.84","42.48","50.30"
"20-03-2018 03:34:00","50.95","40.81","42.45","0.00"
"20-03-2018 03:33:00","51.04","40.91","42.42","50.69"
"20-03-2018 03:32:00","51.22","41.12","42.53","50.69"
"20-03-2018 03:31:00","51.40","41.23","42.74","50.90"
"20-03-2018 03:30:00","51.58","41.37","42.64","50.90"
"20-03-2018 03:29:00","51.69","41.48","42.59","51.13"
"20-03-2018 03:28:00","51.99","41.69","42.59","51.34"
"20-03-2018 03:27:00","52.29","41.97","42.87","51.55"
"20-03-2018 03:26:00","52.73","42.22","42.81","51.76"
"20-03-2018 03:25:00","53.23","42.50","42.77","52.03"
"20-03-2018 03:24:00","53.79","42.47","42.74","51.91"
"20-03-2018 03:23:00","53.48","41.94","42.74","51.41"
"20-03-2018 03:22:00","53.03","41.56","42.74","50.97"
"20-03-2018 03:21:00","52.59","41.21","42.74","50.62"
"20-03-2018 03:20:00","52.15","40.99","42.87","50.21"
"20-03-2018 03:19:00","51.62","40.75","43.19","49.86"
"20-03-2018 03:18:00","51.14","40.49","43.11","49.62"
"20-03-2018 03:17:00","50.87","40.34","42.97","49.50"
"20-03-2018 03:16:00","50.56","40.28","43.04","49.42"
"20-03-2018 03:15:00","50.24","40.20","42.86","49.40"
"20-03-2018 03:14:00","50.30","40.30","42.79","49.67"
"20-03-2018 03:13:00","50.34","40.37","42.72","49.74"
"20-03-2018 03:12:00","50.37","40.37","42.66","49.81"
"20-03-2018 03:11:00","50.47","40.47","42.86","49.88"
"20-03-2018 03:10:00","50.50","40.54","42.86","49.92"
"20-03-2018 03:09:00","50.53","40.57","42.83","49.95"
"20-03-2018 03:08:00","50.62","40.59","42.76","50.05"
"20-03-2018 03:07:00","50.75","40.62","42.62","50.13"
"20-03-2018 03:06:00","50.75","40.78","42.72","50.16"
"20-03-2018 03:05:00","50.88","40.78","42.93","50.30"
"20-03-2018 03:04:00","51.04","40.92","43.06","50.40"
"20-03-2018 03:03:00","51.13","41.07","43.34","50.47"
"20-03-2018 03:02:00","51.27","41.10","43.23","50.53"
"20-03-2018 03:01:00","51.51","41.20","43.10","50.56"
"20-03-2018 03:00:00","51.75","41.31","43.00","50.50"
"20-03-2018 02:59:00","52.14","41.63","42.96","50.16"
"20-03-2018 02:58:00","52.63","42.42","42.86","49.50"
"20-03-2018 02:57:00","52.99","43.26","42.86","49.11"
"20-03-2018 02:56:00","53.32","43.43","43.00","48.97"
"20-03-2018 02:55:00","53.52","43.55","43.00","48.76"
"20-03-2018 02:54:00","53.58","43.38","42.86","48.24"
"20-03-2018 02:53:00","53.14","43.24","42.83","48.88"
"20-03-2018 02:52:00","52.94","43.11","42.79","49.11"
"20-03-2018 02:51:00","52.88","43.13","42.76","49.52"
"20-03-2018 02:50:00","52.76","43.13","43.03","49.83"
"20-03-2018 02:49:00","52.53","43.02","43.20","49.83"
"20-03-2018 02:48:00","52.34","42.87","43.10","49.80"
"20-03-2018 02:47:00","52.11","42.74","43.00","49.80"
"20-03-2018 02:46:00","51.96","42.67","42.86","50.22"
"20-03-2018 02:45:00","51.75","42.62","42.96","50.22"
"20-03-2018 02:44:00","51.69","42.66","43.06","50.34"
"20-03-2018 02:43:00","51.66","42.68","43.00","50.47"
"20-03-2018 02:42:00","51.68","42.74","43.16","50.54"
"20-03-2018 02:41:00","51.71","42.81","43.23","50.47"
"20-03-2018 02:40:00","51.74","42.81","43.13","50.47"
"20-03-2018 02:39:00","51.71","42.78","43.10","50.37"
"20-03-2018 02:38:00","51.77","42.79","43.16","50.37"
"20-03-2018 02:37:00","51.77","42.79","43.10","50.30"
"20-03-2018 02:36:00","51.83","42.82","43.14","50.27"
"20-03-2018 02:35:00","51.83","42.82","43.07","50.24"
"20-03-2018 02:34:00","51.92","42.87","43.11","50.24"
"20-03-2018 02:33:00","52.04","42.93","43.28","50.17"
