Timestamp,EX1_FAN_IN_RH_ITL,EX1_FAN_OUT_RH_ITL,FA1_FAN_IN_RH_ITL,FA1_FAN_OUT_RH_ITL,EX1_FAN_IN_TEMP_ITL,EX1_FAN_OUT_TEMP_ITL,FA1_FAN_IN_TEMP_ITL,FA1_FAN_OUT_TEMP_ITL,class
19-03-2018  12:35:00,68.63,47.14,34.82,54.85,23.4,30.56,31.58,27.32,1
19-03-2018  12:36:00,68.8,47.04,34.56,54.82,23.21,30.67,31.81,27.01,1
19-03-2018  12:37:00,68.96,47.09,34.57,54.82,22.82,30.38,31.59,27.08,1
19-03-2018  12:38:00,69.18,47.42,35.01,55.09,23.09,30.27,31.59,27.28,1
19-03-2018  12:39:00,69.04,47.42,35.09,55.03,23.74,30.53,31.21,27.11,1
19-03-2018  12:40:00,69.07,47.89,35.63,55.33,23.29,29.82,31.49,27.11,1
19-03-2018  12:41:00,69.16,48.06,35.87,55.47,23.06,30.46,31.4,27.25,1
19-03-2018  12:42:00,68.69,47.28,34.79,54.97,22.99,30.58,31.93,27.15,1
19-03-2018  12:43:00,68.2,47.09,34.76,54.65,23.11,30.09,31.77,27.13,1
19-03-2018  12:44:00,67.43,47.04,34.86,54.5,23.5,30.61,31.61,27.28,1
19-03-2018  12:45:00,66.42,46.12,34.03,53.64,23.69,30.51,32.08,27.5,1
19-03-2018  12:46:00,65.35,46.06,34.46,53.34,23.05,30.07,31.78,27.45,1
19-03-2018  12:47:00,64.21,45.45,33.97,52.66,23.25,30.68,31.66,27.53,1
19-03-2018  12:48:00,63.34,45.55,34.69,52.43,23.52,30.74,31.2,27.54,1
19-03-2018  12:49:00,62.7,45.38,34.53,52.15,23.7,30.53,31.68,27.64,1
19-03-2018  12:50:00,61.79,45.35,34.98,51.91,24.31,30.63,31.85,27.65,1
19-03-2018  12:51:00,61.29,45.37,35.24,51.85,24.42,30.48,31.84,27.69,1
19-03-2018  12:52:00,60.77,45.03,34.76,51.47,24.14,30.73,31.7,27.96,1
19-03-2018  12:53:00,60.03,44.8,34.84,51.05,24.3,30.83,31.68,27.85,1
19-03-2018  12:54:00,59.83,44.96,35.13,51.11,24.43,30.82,31.94,28.18,1
19-03-2018  12:55:00,59.28,44.45,34.67,50.61,24.55,30.9,31.72,27.89,1
19-03-2018  12:56:00,58.87,44.68,35.23,50.64,24.59,30.6,31.7,28.21,1
19-03-2018  12:57:00,58.48,44.72,35.44,50.5,24.35,30.58,31.6,28.26,1
19-03-2018  12:58:00,58.1,44.42,34.86,50.14,24.75,30.53,31.73,28.09,1
19-03-2018  12:59:00,57.81,44.23,34.73,49.99,24.87,31.51,32.13,28.41,1
19-03-2018  13:00:00,57.46,44.23,34.95,49.82,24.96,31.08,32.13,28.15,1
19-03-2018  13:01:00,56.87,43.86,34.79,49.42,25.02,31.76,32.01,28.48,1
19-03-2018  13:02:00,55.58,43.23,34.59,48.54,24.55,30.88,31.75,28.08,1
19-03-2018  13:03:00,55.14,43.19,34.82,48.39,24.37,31.2,31.69,28.17,1
19-03-2018  13:04:00,55.03,42.76,34.19,48.09,23.66,31.21,32.46,28.06,1
19-03-2018  13:05:00,55.08,42.52,33.76,47.99,23.28,31.26,32.47,27.81,1
19-03-2018  13:06:00,55.32,42.62,34.41,48.11,23.06,30.59,31.63,27.77,1
19-03-2018  13:07:00,55.7,42.56,34.17,48.21,22.75,30.81,32.15,27.63,1
19-03-2018  13:08:00,55.96,42.5,33.99,48.32,22.74,30.42,32.2,27.28,1
19-03-2018  13:09:00,56.31,42.81,34.17,48.73,22.31,30.95,32.58,27.15,1
19-03-2018  13:10:00,56.66,42.77,34.27,48.9,22.31,30.81,32.58,27.17,1
19-03-2018  13:11:00,56.86,42.93,34.74,49.02,22.23,30.58,31.79,26.92,1
19-03-2018  13:12:00,57.03,43.1,34.78,49.25,21.73,30.47,31.93,26.8,1
19-03-2018  13:13:00,57.06,43.03,34.71,49.22,21.57,30.39,32.31,26.7,1
19-03-2018  13:14:00,57.06,42.96,34.64,49.32,21.67,30.45,32.35,26.74,1
19-03-2018  13:15:00,57.18,43.24,35.21,49.4,21.46,30.06,31.73,26.67,1
19-03-2018  13:16:00,57.2,43.31,35.28,49.56,21.32,30.23,31.97,26.41,1
19-03-2018  13:17:00,57.29,43.26,34.95,49.63,21.64,29.9,32.66,26.57,1
19-03-2018  13:18:00,57.29,43.31,35.39,49.6,21.27,30.07,31.77,26.38,1
19-03-2018  13:19:00,57.35,43.39,35.45,49.71,21.25,29.98,31.88,26.19,1
19-03-2018  13:20:00,57.35,43.66,35.86,49.95,21.25,29.5,31.89,26.25,1
19-03-2018  13:21:00,57.26,43.9,36.07,50.08,21.09,29.58,31.85,26.12,1
19-03-2018  13:22:00,57.29,43.58,35.56,49.89,20.98,29.76,31.68,26.04,1
19-03-2018  13:23:00,56.25,44.25,36.41,50.18,22.32,29.81,31.36,26.4,1
19-03-2018  13:24:00,54.82,44.11,36.46,49.56,23.45,29.88,31.07,26.91,1
19-03-2018  13:25:00,53.88,44.16,36.88,49.18,23.94,29.54,31.52,27.17,1
19-03-2018  13:26:00,53.18,43.92,36.47,48.76,24.37,30.53,31.63,27.53,1
19-03-2018  13:27:00,52.53,43.42,35.82,48.11,24.51,30.51,32.03,27.69,1
19-03-2018  13:28:00,52.12,43.19,35.7,47.79,24.78,30.7,32.62,28.16,1
19-03-2018  13:29:00,51.68,42.83,35.28,47.28,24.95,31.12,32.42,28.26,1
19-03-2018  13:30:00,51.17,42.58,35.29,46.92,25.29,31.28,32.57,28.56,1
19-03-2018  13:31:00,50.71,42.29,34.92,46.41,25.43,30.42,32.3,28.55,1
19-03-2018  13:32:00,50.26,42.23,35,46.21,25.61,30.97,32.16,28.75,1
19-03-2018  13:33:00,49.95,42.19,35.15,46.1,25.78,30.71,32.33,29.03,1
19-03-2018  13:34:00,49.75,42.04,34.93,45.95,26.28,31.3,32.72,29.23,1
19-03-2018  13:35:00,49.51,41.9,34.97,45.68,26,31.58,32.54,29.2,1
19-03-2018  13:36:00,49.23,41.97,35.11,45.64,26.21,31.53,32.4,29.08,1
19-03-2018  13:37:00,49,41.76,34.85,45.37,25.99,31.45,32.43,29.5,1
19-03-2018  13:38:00,48.7,41.78,35.15,45.2,26.39,31.91,31.99,29.21,1
19-03-2018  13:39:00,48.56,41.74,35.11,45.1,26.32,31.65,31.96,29.16,1
19-03-2018  13:40:00,48.49,41.94,35.29,45.32,26.39,31.08,32.04,29.34,1
19-03-2018  13:41:00,48.48,41.68,34.85,45.12,26.36,31.54,32.94,29.69,1
19-03-2018  13:42:00,49.41,41.76,35,45.37,25.79,31.92,32.73,29.21,1
19-03-2018  13:43:00,50.4,42.11,35.57,45.83,25.02,31.29,32.15,28.69,1
19-03-2018  13:44:00,50.92,41.55,34.61,45.64,23.9,31.37,32.32,28.41,1
19-03-2018  13:45:00,51.46,41.78,35.02,46.03,23.63,30.82,31.55,27.97,1
19-03-2018  13:46:00,54.27,49.5,35.97,42.46,21.52,25.53,31.46,30.94,2
19-03-2018  13:47:00,54.68,50.21,36.11,42.7,21.28,24.52,31.63,31.15,2
19-03-2018  13:48:00,55,50.63,35.89,42.62,21.28,24.83,32.07,31.32,2
19-03-2018  13:49:00,55.32,50.88,35.64,42.21,20.96,24.51,31.86,31.27,2
19-03-2018  13:50:00,55.05,51.56,35.73,42.29,21.89,24.73,31.51,31,2
19-03-2018  13:51:00,52.27,49.89,35.47,42.11,24.27,25.69,31.93,31.17,2
19-03-2018  13:52:00,50.82,48.67,35.34,41.9,25.02,26.45,31.96,31.44,2
19-03-2018  13:53:00,49.54,47.61,35.25,41.68,25.67,27.47,31.89,31.62,2
19-03-2018  13:54:00,48.75,46.96,35.21,41.53,26.05,27.58,32.08,31.82,2
19-03-2018  13:55:00,48.33,46.64,35.08,41.49,26.39,28.39,32.58,31.88,2
19-03-2018  13:56:00,47.64,46.05,35.14,41.25,26.48,27.94,32.21,32.06,2
19-03-2018  13:57:00,47.2,45.64,35.44,41.29,26.58,28.37,31.9,32.05,2
19-03-2018  13:58:00,47.15,45.66,35.88,41.55,27.06,28.33,31.58,31.85,2
19-03-2018  13:59:00,47.02,45.61,35.84,41.62,27.11,28.57,31.86,31.88,2
19-03-2018  14:00:00,46.8,45.37,35.91,41.72,26.96,28.7,31.82,32.05,2
19-03-2018  14:01:00,46.32,45,35.53,41.22,27.47,29.01,31.56,32.07,2
19-03-2018  14:02:00,46.39,45.03,36.2,41.65,27.37,29.16,31.71,31.98,2
19-03-2018  14:03:00,46.32,44.96,35.79,41.45,27.33,29.53,31.46,31.87,2
19-03-2018  14:04:00,46.31,44.98,36.24,41.7,27.54,29.42,31.44,31.82,2
19-03-2018  14:05:00,46.22,44.91,36.06,41.67,27.38,29.16,31.89,31.81,2
19-03-2018  14:06:00,46.19,44.88,36.08,41.69,27.71,29.15,31.88,31.87,2
19-03-2018  14:07:00,46.07,44.83,36.02,41.55,27.77,29.36,31.97,32,2
19-03-2018  14:08:00,46.24,44.87,35.93,41.62,27.7,29.48,31.92,32.02,2
19-03-2018  14:09:00,46.11,44.83,35.34,41.49,27.98,29.63,32.76,32.46,2
19-03-2018  14:10:00,45.46,44.29,34.93,40.65,28.11,29.44,32.11,32.27,2
19-03-2018  14:11:00,45.32,44.12,35.37,40.88,27.76,29.79,31.7,32.01,2
19-03-2018  14:12:00,45.43,44.23,35.71,41.32,28.08,29.6,31.81,31.85,2
19-03-2018  14:13:00,45.36,44.16,35.64,41.18,28.2,29.34,31.75,31.99,2
19-03-2018  14:14:00,45.5,44.29,36.11,41.43,28.02,29.25,31.48,31.76,2
19-03-2018  14:15:00,45.5,44.27,36.01,41.45,27.28,29.21,31.54,31.49,2
19-03-2018  14:16:00,45.54,44.41,36.44,41.72,27.59,29.47,31.38,31.48,2
19-03-2018  14:17:00,45.71,44.58,35.99,41.68,27.37,29.36,31.72,31.71,2
19-03-2018  14:18:00,46.02,44.72,35.89,41.78,27.7,29.25,31.67,31.67,2
19-03-2018  14:19:00,47.41,45.45,35.82,41.88,26.63,28.93,31.88,31.72,2
19-03-2018  14:20:00,48.98,46.41,35.84,41.95,25.45,27.91,32.17,31.54,2
19-03-2018  14:21:00,50.08,47.09,35.47,41.67,24.58,27.34,32.44,31.92,2
19-03-2018  14:22:00,50.92,47.63,36.21,42.09,23.87,27.03,31.96,31.54,2
19-03-2018  14:23:00,51.63,48.29,36.52,42.45,23.06,26.18,31.81,31.33,2
19-03-2018  14:24:00,52.28,48.85,36.27,42.53,22.13,25.85,31.65,31.11,2
19-03-2018  14:25:00,53.07,49.53,36.37,42.73,21.92,25.2,31.56,30.91,2
19-03-2018  14:26:00,54.42,50.52,36.5,42.87,21.95,25.05,31.78,31.11,2
19-03-2018  14:27:00,56.95,52.2,35.88,42.77,21.77,24.83,32.09,30.83,2
19-03-2018  14:28:00,58.98,53.7,35.74,42.63,21.4,24.52,31.83,30.78,2
19-03-2018  14:29:00,60.75,55.02,35.79,42.91,21.31,24.31,31.53,30.76,2
19-03-2018  14:30:00,62.15,56.34,36.03,43.4,21.51,24.61,31.74,30.9,2
19-03-2018  14:31:00,62.15,56.78,36.27,43.71,21.93,24.76,31.5,30.71,2
19-03-2018  14:32:00,55.75,53.34,36.27,43.36,23.84,25.32,31.69,30.76,2
19-03-2018  14:33:00,53.36,51.48,35.91,42.93,24.7,26.06,31.83,31.13,2
19-03-2018  14:34:00,52.17,50.34,36.05,42.66,25.07,27.09,32.02,31.35,2
19-03-2018  14:35:00,50.97,49.16,35.59,42.32,25.45,27.15,31.81,31.21,2
19-03-2018  14:36:00,50.35,48.71,36.06,42.56,25.97,27.81,31.5,31.05,2
19-03-2018  14:37:00,49.81,48.36,36.2,42.72,26.08,27.27,31.88,31.3,2
19-03-2018  14:38:00,49.33,47.81,36.13,42.38,26.08,27.73,31.71,31.45,2
19-03-2018  14:39:00,48.58,47.13,36.02,42.04,26.74,28.03,31.15,31.42,2
19-03-2018  14:40:00,48.12,46.86,36.05,42.06,26.92,28.03,31.22,31.2,2
19-03-2018  14:41:00,48.01,46.65,36.05,42.19,26.88,27.8,31.48,31.09,2
19-03-2018  14:42:00,47.67,46.48,36.11,42.23,26.9,28.24,31.28,30.93,2
19-03-2018  14:43:00,47.56,46.31,36.07,42.12,27.32,28.33,31.01,31.06,2
19-03-2018  14:44:00,47.49,46.28,36.11,42.19,27.11,28.4,31.39,31.23,2
19-03-2018  14:45:00,47.31,46.09,36.26,42.14,27.38,28.14,31.14,31.3,2
19-03-2018  14:46:00,47.18,45.99,36.19,42.04,27.28,28.59,31.47,31.23,2
19-03-2018  14:47:00,47.22,46.03,36.18,42.25,27.06,28.75,31.53,31.33,2
19-03-2018  14:48:00,48.5,46.73,36.27,42.32,26.77,28.51,31.48,31.32,2
19-03-2018  14:49:00,50.72,47.9,35.87,42.16,25.67,27.62,31.47,31.42,2
19-03-2018  14:50:00,51.73,48.57,35.92,42.08,24.5,27.54,31.29,31.05,2
19-03-2018  14:51:00,52.53,49.15,35.82,42.19,23.77,26.7,31.84,31.14,2
19-03-2018  14:52:00,53.15,49.56,35.35,41.81,23.14,26.02,31.55,31.19,2
19-03-2018  14:53:00,53.74,50.05,35.6,42.1,22.6,25.58,31.43,31.01,2
19-03-2018  14:54:00,54.44,50.67,35.4,42.13,21.73,25.14,31.62,30.84,2
19-03-2018  14:55:00,55.37,51.32,35.56,42.27,21.8,25.49,31.6,30.77,2
19-03-2018  14:56:00,57.1,52.44,35.55,42.32,21.61,24.91,31.3,30.76,2
19-03-2018  14:57:00,59.12,53.88,35.56,42.55,21.41,24.89,31.57,30.85,2
19-03-2018  14:58:00,60.78,55.02,35.12,42.42,21.5,24.5,31.36,30.7,2
19-03-2018  14:59:00,61.86,56.13,35.39,42.84,21.19,24.61,31.28,30.48,2
19-03-2018  15:00:00,62.93,57.02,35.37,42.97,21.61,24.54,31.24,30.44,2
19-03-2018  15:01:00,62.93,57.25,35.56,43.16,21.79,24.5,31.61,30.7,2
19-03-2018  15:02:00,57.71,54.79,35.45,42.69,22.61,24.53,31.8,30.82,2
19-03-2018  15:03:00,53.74,51.81,34.91,42.24,24.31,25.5,32.13,31,2
19-03-2018  15:04:00,52.17,50.29,35.11,41.9,24.92,26.71,32.14,31.28,2
19-03-2018  15:05:00,50.91,49.09,34.96,41.55,25.76,27.1,32.01,31.29,2
19-03-2018  15:06:00,50.05,48.28,34.78,41.39,25.91,27.16,32.22,31.69,2
19-03-2018  15:07:00,48.8,47.31,34.56,41,26.09,28.16,31.9,31.77,2
19-03-2018  15:08:00,48.63,46.96,34.71,41.13,26.59,28.09,32.03,31.57,2
19-03-2018  15:09:00,48.05,46.55,34.35,40.78,26.64,28.29,32.16,31.97,2
19-03-2018  15:10:00,47.63,46.14,34.39,40.71,26.95,28.25,32.04,31.83,2
19-03-2018  15:11:00,47.48,46.03,34.49,40.91,27.09,28.86,32.48,32.33,2
19-03-2018  15:12:00,46.94,45.58,34.08,40.46,27.35,28.95,32.43,32.25,2
19-03-2018  15:13:00,46.6,45.17,34.17,40.39,27.18,29.25,32.24,32.09,2
19-03-2018  15:14:00,46.29,45.03,34.45,40.48,27.75,29.53,32.3,32.36,2
19-03-2018  15:15:00,46.31,45.08,34.76,40.66,27.62,29.46,32.19,32.23,2
19-03-2018  15:16:00,46.28,44.91,34.63,40.56,27.48,29.39,32.14,32.15,2
19-03-2018  15:17:00,48.93,46.25,34.41,40.66,26.53,28.86,32.29,32.04,2
19-03-2018  15:18:00,50.76,47.38,33.89,40.39,25.45,28.41,32.19,32.18,2
19-03-2018  15:19:00,51.65,47.92,34.07,40.33,24.57,27.64,32.04,32.15,2
19-03-2018  15:20:00,52.09,48.28,34.15,40.59,24.15,26.78,32.2,31.77,2
19-03-2018  15:21:00,52.45,48.54,34.05,40.61,23.48,27.09,32.33,31.78,2
19-03-2018  15:22:00,52.75,48.69,33.64,40.33,22.8,26.14,32.53,31.77,2
19-03-2018  15:23:00,53.04,48.91,33.54,40.33,22.33,25.49,32.55,31.88,2
19-03-2018  15:24:00,53.89,49.43,33.32,40.17,21.95,25.38,32.49,31.69,2
19-03-2018  15:25:00,55.9,51,33.22,40.31,21.54,25.37,32.36,31.58,2
19-03-2018  15:26:00,57.29,52.11,33.42,40.65,21.39,24.87,32.4,31.73,2
19-03-2018  15:27:00,57.76,52.62,33.41,40.65,21.74,25.1,32.53,31.69,2
19-03-2018  15:28:00,58,52.85,33.28,40.6,21.56,24.94,32.41,31.54,2
19-03-2018  15:29:00,57.55,52.79,33.1,40.53,22.04,25.28,32.65,31.61,2
19-03-2018  15:30:00,52.16,49.86,33.12,40.16,24.18,25.42,32.32,31.58,2
19-03-2018  15:31:00,50.06,48.07,33.38,40.21,24.99,26.5,32.21,31.83,2
19-03-2018  15:32:00,48.46,46.84,33.25,39.91,25.5,27.5,32.06,31.57,2
19-03-2018  15:33:00,47.6,46.14,33.65,40.11,26.31,28.19,31.85,31.7,2
19-03-2018  15:34:00,47.05,45.65,33.93,40.21,26.67,27.89,31.83,31.87,2
19-03-2018  15:35:00,46.53,45.11,33.85,40.03,26.7,27.98,31.79,31.97,2
19-03-2018  15:36:00,46.22,44.92,34.05,40.2,27.21,28.47,31.99,31.89,2
19-03-2018  15:37:00,45.67,44.47,33.48,39.82,27.24,28.95,32.12,32.14,2
19-03-2018  15:38:00,45.26,44.13,33.97,39.89,27.29,28.84,32.06,31.85,2
19-03-2018  15:39:00,45.12,43.96,33.69,39.86,27.47,28.97,32.17,31.91,2
19-03-2018  15:40:00,44.87,43.64,33.57,39.65,27.41,28.85,32,32.15,2
19-03-2018  15:41:00,44.7,43.53,33.79,39.68,27.4,29.25,31.98,32.12,2
19-03-2018  15:42:00,44.43,43.32,33.69,39.59,27.46,29.24,31.99,32.07,2
19-03-2018  15:43:00,44.49,43.35,33.75,39.78,27.89,29.08,32.07,32.21,2
19-03-2018  15:44:00,44.39,43.29,33.18,39.49,27.94,29.47,32.25,32.36,2
19-03-2018  15:45:00,43.84,42.87,33.28,39.27,28.16,29.39,32.21,32.09,2
19-03-2018  15:46:00,43.88,42.84,33.41,39.33,27.85,29.11,31.96,32.28,2
19-03-2018  15:47:00,43.84,42.84,33.6,39.44,27.96,30.02,32.03,32.16,2
19-03-2018  15:48:00,43.91,42.84,33.65,39.47,28.01,29.92,31.82,32.08,2
19-03-2018  15:49:00,45.41,43.52,33.79,39.71,27.55,29.58,31.91,32.07,2
19-03-2018  15:50:00,47.2,44.63,33.54,39.65,26.15,29.34,31.87,31.99,2
19-03-2018  15:51:00,48.71,45.54,33.59,39.75,25.47,28.44,31.97,31.83,2
19-03-2018  15:52:00,49.79,46.28,33.54,39.79,24.54,27.39,31.66,31.69,2
19-03-2018  15:53:00,50.64,46.84,33.38,39.77,24,27.08,31.88,31.79,2
19-03-2018  15:54:00,51.33,47.44,33.71,40.04,23.4,26.3,31.77,31.54,2
19-03-2018  15:55:00,51.96,47.96,33.95,40.19,22.71,26.16,31.63,31.42,2
19-03-2018  15:56:00,53.07,48.75,33.95,40.36,22.74,25.92,31.97,31.45,2
19-03-2018  15:57:00,54.79,50.16,33.99,40.63,22.02,25.6,32.16,31.58,2
19-03-2018  15:58:00,55.9,51.14,33.93,40.63,22.08,25.18,31.88,31.44,2
19-03-2018  15:59:00,55.87,51.26,33.99,40.64,21.8,25.01,31.84,31.4,2
19-03-2018  16:00:00,55.52,51.23,33.99,40.78,22,24.96,31.88,31.09,2
19-03-2018  16:01:00,55.26,51.11,34.33,40.91,22.18,25.5,31.74,31.38,2
19-03-2018  16:02:00,54.42,50.81,34.05,40.81,22.45,25.24,31.86,31.26,2
19-03-2018  16:03:00,50.58,48.63,33.85,40.5,24.03,26.05,31.98,31.48,2
19-03-2018  16:04:00,48.88,47.23,33.83,40.36,25.47,26.79,32.11,31.61,2
19-03-2018  16:05:00,47.68,46.12,33.76,40.14,26.36,27.28,32.16,31.64,2
19-03-2018  16:06:00,46.93,45.53,33.83,40.14,26.61,28.38,32.05,31.93,2
19-03-2018  16:07:00,46.27,45.04,33.79,39.93,26.67,28.44,32.16,31.83,2
19-03-2018  16:08:00,0,44.68,34.01,40.06,27.17,28.53,31.87,31.96,2
19-03-2018  16:09:00,45.57,44.44,33.95,40.03,27.14,28.73,32.02,32.07,2
19-03-2018  16:10:00,45.23,44.13,33.95,39.93,27.54,29.13,32.29,32.08,2
19-03-2018  16:11:00,44.94,43.88,33.91,39.85,27.54,28.99,31.91,32.05,2
19-03-2018  16:12:00,44.84,43.73,33.92,39.88,27.66,29.52,32.08,32.11,2
19-03-2018  16:13:00,44.6,43.46,33.91,39.7,27.71,29.04,31.89,32.16,2
19-03-2018  16:14:00,44.43,43.35,33.79,39.7,27.7,29.82,32.15,32.22,2
19-03-2018  16:15:00,44.38,43.31,33.99,39.77,27.69,29.46,32.02,32.4,2
19-03-2018  16:16:00,44.29,43.28,34.33,39.94,27.96,29.78,32.06,32.06,2
19-03-2018  16:17:00,44.42,43.34,34.79,40.24,27.84,29.7,32.17,32.3,2
19-03-2018  16:18:00,44.58,43.53,35,40.45,27.89,29.52,32.23,32.38,2
19-03-2018  16:19:00,44.64,43.57,35.21,40.59,27.73,29.96,31.92,32.24,2
19-03-2018  16:20:00,44.58,43.57,35.07,40.62,28.27,30.04,32.04,32.34,2
19-03-2018  16:21:00,45.61,43.85,35.18,40.62,27.39,29.31,32,32.19,2
19-03-2018  16:22:00,47.07,44.66,35.05,40.59,26.28,28.84,32.07,32.19,2
19-03-2018  16:23:00,48.08,45.28,35.05,40.64,25.34,28.26,31.91,31.89,2
19-03-2018  16:24:00,48.95,45.91,34.95,40.64,24.48,27.38,31.94,31.81,2
19-03-2018  16:25:00,49.6,46.3,34.73,40.48,23.89,27.16,31.98,31.75,2
19-03-2018  16:26:00,50.33,46.76,34.59,40.48,23.33,26.86,31.81,31.58,2
19-03-2018  16:27:00,50.82,47.15,34.84,40.66,22.73,26.14,31.99,31.48,2
19-03-2018  16:28:00,51.4,47.65,35.21,40.98,22.35,25.92,31.62,31.3,2
19-03-2018  16:29:00,52.96,48.8,35.01,41.06,21.97,25.58,31.48,31.3,2
19-03-2018  16:30:00,55,50.47,35.18,41.36,21.96,25.15,31.54,31.17,2
19-03-2018  16:31:00,56.42,51.73,35.42,41.67,21.73,24.96,31.34,31.16,2
19-03-2018  16:32:00,56.68,52.11,35.59,41.78,21.74,25.03,31.45,31.09,2
19-03-2018  16:33:00,56.28,52.03,35.57,42.04,21.86,24.78,31.75,31.3,2
19-03-2018  16:34:00,53.48,51.14,35.6,41.9,23.33,25.11,31.72,31.22,2
19-03-2018  16:35:00,50.98,49.09,35.66,41.74,25.06,26.36,31.24,31.27,2
19-03-2018  16:36:00,49.57,47.99,35.84,41.84,25.5,26.82,31.57,31.2,2
19-03-2018  16:37:00,48.61,47.19,35.86,41.83,26.03,27.45,31.62,31.38,2
19-03-2018  16:38:00,48.06,46.6,35.99,41.68,26.31,27.89,31.64,31.41,2
19-03-2018  16:39:00,47.44,46.19,36.11,41.71,26.82,28.28,31.35,31.46,2
19-03-2018  16:40:00,46.96,45.83,36.13,41.68,27.03,28.36,31.6,31.58,2
19-03-2018  16:41:00,46.47,45.39,36.01,41.43,27.17,28.4,31.49,31.7,2
19-03-2018  16:42:00,46.23,45.15,36.06,41.46,27.36,28.75,31.53,31.65,2
19-03-2018  16:43:00,45.93,44.87,35.63,41.26,27.67,29.24,31.61,31.64,2
19-03-2018  16:44:00,45.72,44.65,35.94,41.33,27.57,28.95,31.35,31.75,2
19-03-2018  16:45:00,45.61,44.58,36.04,41.39,27.49,29.44,31.42,31.61,2
19-03-2018  16:46:00,45.57,44.58,36.06,41.43,27.76,29.24,31.57,31.78,2
19-03-2018  16:47:00,45.64,44.54,36.23,41.49,27.77,29.31,31.73,31.95,2
19-03-2018  16:48:00,45.57,44.57,36.53,41.69,28.02,29.28,31.5,31.76,2
19-03-2018  16:49:00,45.63,44.6,36.64,41.79,28.06,29.36,31.7,31.85,2
19-03-2018  16:50:00,45.66,44.64,36.78,41.9,28.07,29.46,31.66,31.96,2
19-03-2018  16:51:00,45.7,44.69,36.82,41.96,27.85,29.67,31.65,31.92,2
19-03-2018  16:52:00,45.46,44.42,36.79,41.86,28.16,29.65,31.37,31.74,2
19-03-2018  16:53:00,45.49,44.49,36.92,41.9,28.06,29.52,31.35,31.87,2
19-03-2018  16:54:00,45.56,44.62,36.99,42,28.04,29.56,31.21,31.79,2
19-03-2018  16:55:00,45.77,44.59,37.12,42.13,27.92,29.71,31.43,31.77,2
19-03-2018  16:56:00,47.09,45.19,37.09,42.18,26.68,29.08,31.3,31.75,2
19-03-2018  16:57:00,48.26,45.9,36.92,42.07,25.63,28.16,31.28,31.64,2
19-03-2018  16:58:00,49.54,46.7,37.02,42.26,24.75,27.61,31.46,31.5,2
19-03-2018  16:59:00,50.59,47.41,36.76,42.16,24.06,27.18,31.55,31.27,2
19-03-2018  17:00:00,51.57,48.17,36.8,42.3,23.76,27.03,31.43,31.36,2
19-03-2018  17:01:00,52.48,48.89,36.79,42.42,23.16,26.51,31.42,31.25,2
19-03-2018  17:02:00,53.42,49.67,36.92,42.65,22.55,25.9,31.44,31.12,2
19-03-2018  17:03:00,54.2,50.35,36.92,42.79,22.18,25.99,31.56,31.13,2
19-03-2018  17:04:00,55.58,51.37,37.06,42.93,22.06,25.66,31.34,31.07,2
19-03-2018  17:05:00,57.32,52.64,36.9,43.03,21.96,25.23,31.34,30.98,2
19-03-2018  17:06:00,58.08,53.34,36.9,43.12,21.9,24.9,31.34,30.91,2
19-03-2018  17:07:00,57.55,53.2,36.97,43.22,21.8,24.89,31.28,30.63,2
19-03-2018  17:08:00,57.16,53.03,37.11,43.32,22.18,24.73,31.22,30.7,2
19-03-2018  17:09:00,56.39,52.73,36.68,43.09,22.43,25.25,31.21,30.66,2
19-03-2018  17:10:00,52.71,50.98,36.78,42.85,24.19,26.19,30.94,30.81,2
19-03-2018  17:11:00,51.06,49.41,36.95,42.81,25.46,26.45,30.96,30.97,2
19-03-2018  17:12:00,49.99,48.52,37.12,42.84,25.76,27.31,30.82,30.87,2
19-03-2018  17:13:00,49.24,47.86,36.95,42.66,26.3,27.74,31.12,31.18,2
19-03-2018  17:14:00,48.32,47.11,36.78,42.42,26.52,28.04,31.03,31.14,2
19-03-2018  17:15:00,47.94,46.72,36.78,42.38,27.02,28,31.31,31.26,2
19-03-2018  17:16:00,47.7,46.44,36.95,42.4,26.96,29.08,31.23,31.34,2
19-03-2018  17:17:00,47.15,46.06,36.92,42.3,27.31,28.45,31.12,31.23,2
19-03-2018  17:18:00,46.94,45.79,36.47,42,27.26,29.05,31.3,31.39,2
19-03-2018  17:19:00,46.5,45.44,36.61,41.97,27.2,29.26,31.21,31.37,2
19-03-2018  17:20:00,46.43,45.34,36.78,42.03,27.03,29.01,31.09,31.57,2
19-03-2018  17:21:00,46.28,45.26,36.92,42.13,27.69,29.07,30.95,31.39,2
19-03-2018  17:22:00,46.19,45.16,36.88,42.09,27.35,29.18,31.11,31.52,2
19-03-2018  17:23:00,46.08,45.12,37.05,42.19,27.68,29.21,31.14,31.5,2
19-03-2018  17:24:00,46.07,45.12,37.22,42.32,27.52,29.21,31.26,31.46,2
19-03-2018  17:25:00,46.07,45.05,37.21,42.32,27.77,29.52,31.29,31.69,2
19-03-2018  17:26:00,46.67,45.15,36.92,42.25,27.33,29.4,31.55,31.69,2
19-03-2018  17:27:00,47.84,45.82,37.34,42.36,26.08,28.7,31.35,31.51,2
19-03-2018  17:28:00,48.72,46.29,37.24,42.4,25.21,28.01,31.32,31.37,2
19-03-2018  17:29:00,49.35,46.69,37.24,42.4,24.19,27.45,31.05,31.28,2
19-03-2018  17:30:00,49.94,47.05,37.31,42.55,23.76,26.66,31.22,31.29,2
19-03-2018  17:31:00,50.72,47.58,37.43,42.7,23.3,26.32,31.12,31.12,2
19-03-2018  17:32:00,51.31,48.06,37.27,42.63,22.56,25.9,30.9,31.11,2
19-03-2018  17:33:00,52.11,48.7,37.44,42.81,22.21,25.25,30.87,30.9,2
19-03-2018  17:34:00,54.15,50.18,37.33,43,21.71,25.19,31.01,30.57,2
19-03-2018  17:35:00,56.77,52.17,37.21,43.23,21.47,25.11,30.85,30.6,2
19-03-2018  17:36:00,58.61,53.61,37.37,43.43,21.52,24.84,30.95,30.55,2
19-03-2018  17:37:00,59.57,54.49,37.4,43.67,21.65,24.71,30.88,30.45,2
19-03-2018  17:38:00,59.57,54.76,37.49,43.78,21.74,24.67,30.9,30.38,2
19-03-2018  17:39:00,55.08,52.79,37.28,43.51,23.45,24.94,30.84,30.31,2
19-03-2018  17:40:00,52.5,50.77,37.33,43.31,24.57,26.09,30.72,30.63,2
19-03-2018  17:41:00,51.17,49.54,37.11,43.03,25.33,26.71,30.76,30.59,2
19-03-2018  17:42:00,50.09,48.58,37.25,43,25.67,27.13,30.87,30.81,2
19-03-2018  17:43:00,49.37,48,37.42,42.95,26.04,27.78,30.67,30.8,2
19-03-2018  17:44:00,48.66,47.38,37.15,42.68,26.36,27.63,30.89,30.86,2
19-03-2018  17:45:00,48.18,46.96,37.18,42.68,26.63,28.33,30.6,31.1,2
19-03-2018  17:46:00,47.87,46.65,37.15,42.6,26.82,28.26,30.87,30.96,2
19-03-2018  17:47:00,47.56,46.35,37.18,42.49,26.59,28.52,30.7,31.05,2
19-03-2018  17:48:00,47.28,46.16,37.35,42.56,27.04,28.83,30.48,31.06,2
19-03-2018  17:49:00,47.11,45.95,37.28,42.46,27.21,28.39,30.77,31.15,2
19-03-2018  17:50:00,46.8,45.75,37.23,42.39,27.25,28.72,30.75,31.05,2
19-03-2018  17:51:00,46.63,45.51,37.05,42.26,27.53,28.85,30.6,31.16,2
19-03-2018  17:52:00,46.26,45.2,36.88,42.02,27.19,28.77,30.81,31.1,2
19-03-2018  17:53:00,46.22,45.22,37.02,42.16,27.57,28.98,30.57,30.97,2
19-03-2018  17:54:00,46.28,45.16,37.02,42.16,27.7,28.97,30.51,31.04,2
19-03-2018  17:55:00,46.02,45.03,36.92,42.02,27.43,29.17,30.69,31.3,2
19-03-2018  17:56:00,46.02,44.99,37.02,42.12,27.34,29.49,30.51,31.12,2
19-03-2018  17:57:00,46.02,44.96,37.06,42.12,27.55,29.08,30.6,31.14,2
19-03-2018  17:58:00,45.97,44.98,37.06,42.14,27.38,28.94,30.77,31.11,2
19-03-2018  17:59:00,46.48,45.12,37.05,42.18,27.34,29.14,30.58,31.19,2
19-03-2018  18:00:00,48.14,46.02,37.06,42.23,26.56,28.81,30.58,31.16,2
19-03-2018  18:01:00,49.74,46.96,36.92,42.26,25.28,28.02,30.64,30.81,2
19-03-2018  18:02:00,51,47.82,36.99,42.39,24.8,27.66,30.78,31.05,2
19-03-2018  18:03:00,51.83,48.46,36.91,42.41,24.33,26.99,30.51,30.78,2
19-03-2018  18:04:00,52.45,49.01,36.82,42.41,23.57,26.85,30.73,30.8,2
19-03-2018  18:05:00,53.01,49.46,37.09,42.69,23.02,26.18,30.51,30.62,2
19-03-2018  18:06:00,53.53,49.91,37.09,42.73,22.45,25.96,30.71,30.55,2
19-03-2018  18:07:00,54.07,50.33,37.27,42.9,22.5,25.14,30.41,30.45,2
19-03-2018  18:08:00,55.2,51.26,37.38,43.05,22.06,25.34,30.46,30.37,2
19-03-2018  18:09:00,56.77,52.35,37.34,43.29,21.59,24.69,30.59,30.34,2
19-03-2018  18:10:00,0,52.7,37.3,43.35,21.6,24.49,30.65,30.39,2
19-03-2018  18:11:00,56.65,52.62,37.41,43.39,21.87,24.97,30.52,30.11,2
19-03-2018  18:12:00,56.31,52.53,37.51,43.46,21.9,24.87,30.32,30.13,2
19-03-2018  18:13:00,55.11,52.2,37.51,43.46,22.71,25.17,30.56,30.16,2
19-03-2018  18:14:00,52.21,50.51,37.62,43.48,24.46,25.8,30.52,30.32,2
19-03-2018  18:15:00,50.85,49.31,37.72,43.35,25.08,26.28,30.56,30.32,2
19-03-2018  18:16:00,49.89,48.53,37.92,43.37,25.44,27.55,30.33,30.49,2
19-03-2018  18:17:00,49.15,47.93,38.02,43.37,25.83,27.57,30.35,30.58,2
19-03-2018  18:18:00,48.76,47.52,38.24,43.44,26.67,27.81,30.13,30.47,2
19-03-2018  18:19:00,48.32,47.18,38.44,43.51,26.6,28.31,30.37,30.63,2
19-03-2018  18:20:00,48.04,46.93,38.58,43.58,26.76,28.53,30.39,30.57,2
19-03-2018  18:21:00,47.77,46.72,38.58,43.53,26.66,28.36,30.19,30.68,2
19-03-2018  18:22:00,47.56,46.54,38.58,43.53,26.83,28.46,30.35,30.66,2
19-03-2018  18:23:00,47.38,46.37,38.82,43.53,27.14,28.59,30.33,30.72,2
19-03-2018  18:24:00,47.28,46.26,38.94,43.67,27.09,28.37,30.21,30.75,2
19-03-2018  18:25:00,47.21,46.22,39.06,43.74,27.22,28.73,30.14,30.66,2
19-03-2018  18:26:00,47.08,46.12,39.05,43.74,27.38,28.63,30.04,30.68,2
19-03-2018  18:27:00,47.04,46.06,39.05,43.8,27.02,28.82,30.19,30.65,2
19-03-2018  18:28:00,46.96,46.05,39.17,43.74,27.34,28.9,30.04,30.65,2
19-03-2018  18:29:00,47.06,46.15,39.6,44.04,27.12,28.78,30.23,30.83,2
19-03-2018  18:30:00,47.13,46.18,39.7,44.18,27.39,28.86,30.17,30.57,2
19-03-2018  18:31:00,47.2,46.22,39.91,44.32,27.39,28.94,30.12,30.75,2
19-03-2018  18:32:00,47.2,46.22,40.07,44.45,27.37,28.81,29.93,30.59,2
19-03-2018  18:33:00,47.89,46.42,40.17,44.55,26.58,28.53,30.15,30.62,2
19-03-2018  18:34:00,48.74,46.89,40.31,44.66,25.47,28.33,29.71,30.66,2
19-03-2018  18:35:00,49.44,47.26,40.41,44.76,24.83,27.23,30.03,30.44,2
19-03-2018  18:36:00,50.23,47.82,40.52,44.94,24.07,26.79,29.81,30.29,2
19-03-2018  18:37:00,50.95,48.37,40.45,45.01,23.44,25.98,29.96,30.34,2
19-03-2018  18:38:00,51.6,48.87,40.48,45.09,22.86,25.77,29.76,30.06,2
19-03-2018  18:39:00,52.31,49.48,40.59,45.26,22.29,25.59,29.87,29.98,2
19-03-2018  18:40:00,53.1,50.14,40.66,45.47,22.22,25.43,29.83,30.02,2
19-03-2018  18:41:00,55.32,51.7,40.66,45.6,21.88,25.34,29.79,29.81,2
19-03-2018  18:42:00,57.76,53.49,40.66,46.02,21.83,24.83,29.89,29.77,2
19-03-2018  18:43:00,59.8,55.14,40.83,46.31,21.74,24.96,29.77,29.74,2
19-03-2018  18:44:00,61.11,56.16,40.88,46.57,21.72,24.83,29.74,29.69,2
19-03-2018  18:45:00,61.4,56.67,40.97,46.73,21.7,24.9,29.78,29.67,2
19-03-2018  18:46:00,57.3,54.84,41.08,46.63,23.37,25.11,29.76,29.59,2
19-03-2018  18:47:00,54.97,53.25,41.14,46.55,24.36,25.67,29.81,29.83,2
19-03-2018  18:48:00,53.76,52.24,41.28,46.49,25.23,26.38,29.51,29.84,2
19-03-2018  18:49:00,52.76,51.43,41.25,46.35,25.66,27.06,29.72,29.96,2
19-03-2018  18:50:00,52.07,50.83,41.25,46.28,25.79,26.97,29.83,29.82,2
19-03-2018  18:51:00,51.58,50.38,41.32,46.21,26.21,27.42,29.65,30.2,2
19-03-2018  18:52:00,51.16,49.94,41.25,46.1,26.22,27.54,29.7,30.13,2
19-03-2018  18:53:00,50.76,49.56,41.11,45.96,26.42,27.92,29.6,30.12,2
19-03-2018  18:54:00,50.49,49.31,41.25,45.93,26.49,28.2,29.79,30.11,2
19-03-2018  18:55:00,50.28,49.11,41.32,45.93,26.79,28.2,29.63,30.22,2
19-03-2018  18:56:00,50.05,48.94,41.42,45.96,26.66,28.27,29.48,30.19,2
20-03-2018  15:28:00,57.52,45.1,37.3,51.23,21.5,30.26,32.27,26.31,1
20-03-2018  15:29:00,59.38,45.17,36.47,51.82,21.1,30.06,32.56,26.45,1
20-03-2018  15:30:00,61.04,45.19,36.14,52.35,21.5,30.14,32.92,26.37,1
20-03-2018  15:31:00,61.88,45.06,35.66,52.49,21.61,30.55,32.71,26.4,1
20-03-2018  15:32:00,59.68,45.02,35.82,52.14,22.09,30.4,32.55,26.34,1
20-03-2018  15:33:00,57.54,44.85,36.07,51.28,23.07,30.49,32.4,26.92,1
20-03-2018  15:34:00,56.43,44.87,36.38,50.78,23.58,30.72,32.39,27.28,1
20-03-2018  15:35:00,55.7,44.66,36.27,50.34,24.05,30.35,32.44,27.6,1
20-03-2018  15:36:00,54.84,44.45,36.18,49.82,24.34,31.04,32.59,27.93,1
20-03-2018  15:37:00,54.17,44.07,36.01,49.37,24.88,30.99,32.82,28.22,1
20-03-2018  15:38:00,53.65,44.01,36.12,48.92,24.98,30.93,32.54,28.13,1
20-03-2018  15:39:00,53.17,43.93,35.8,48.62,24.95,31.09,32.84,28.34,1
20-03-2018  15:40:00,52.4,43.52,35.83,48.04,25.37,31.54,32.28,28.36,1
20-03-2018  15:41:00,52.06,43.52,36.07,47.83,25.07,31.07,32.46,28.39,1
20-03-2018  15:42:00,51.67,43.45,36.18,47.56,25.6,30.87,32.39,28.71,1
20-03-2018  15:43:00,51.49,43.52,36.32,47.52,25.6,30.87,32.22,28.68,1
20-03-2018  15:44:00,51.37,43.73,36.69,47.58,25.86,31.16,32.09,28.73,1
20-03-2018  15:45:00,51.26,43.49,36.25,47.31,25.86,30.94,32.17,28.92,1
20-03-2018  15:46:00,50.76,43.03,35.85,46.9,25.77,31.44,32.31,28.87,1
20-03-2018  15:47:00,50.44,43.22,36.3,46.8,25.72,30.82,32.02,29.01,1
20-03-2018  15:48:00,50.31,43.05,36.17,46.64,25.89,30.73,32.04,29.12,1
20-03-2018  15:49:00,50.54,43.09,35.92,46.69,26.36,30.92,32.06,29.06,1
20-03-2018  15:50:00,51.96,43.68,36.41,47.58,25.54,31.28,32.37,28.81,1
20-03-2018  15:51:00,52.91,43.52,36.12,47.79,24.61,31.23,32.44,28.6,1
20-03-2018  15:52:00,53.33,43.35,35.84,47.92,23.97,30.83,32.98,28.08,1
20-03-2018  15:53:00,53.94,43.35,35.77,48.22,23.57,30.7,32.74,28.04,1
20-03-2018  15:54:00,54.39,43.29,35.79,48.34,23.01,30.98,32.5,27.71,1
20-03-2018  15:55:00,54.97,43.41,35.72,48.69,22.83,31.28,32.52,27.31,1
20-03-2018  15:56:00,55.43,43.38,35.66,48.93,21.83,30.71,32.96,27.25,1
20-03-2018  15:57:00,54.5,42.24,35.83,43.4,24.21,32.18,32.25,31.28,5
20-03-2018  15:58:00,53.56,42.09,35.79,42.98,24.12,32.53,32.5,31.52,5
20-03-2018  15:59:00,52.85,42.14,35.73,42.82,24.85,33,32.69,31.9,5
20-03-2018  16:00:00,52.38,42.14,36.05,42.84,24.8,33.17,32.39,31.92,5
20-03-2018  16:01:00,51.94,42.11,35.98,42.84,25.62,32.56,32.7,31.92,5
20-03-2018  16:02:00,51.56,41.83,35.63,42.51,25.88,33.12,33.06,32.08,5
20-03-2018  16:03:00,50.12,41.27,35.05,41.95,26.25,33.1,32.68,32.14,5
20-03-2018  16:04:00,49.37,41.27,35.29,41.74,26.48,32.55,32.75,32.15,5
20-03-2018  16:05:00,48.96,41.2,35.29,41.81,26.76,32.89,32.63,32.21,5
20-03-2018  16:06:00,48.52,41.29,35.53,41.77,27.22,32.84,32.44,32.28,5
20-03-2018  16:07:00,48.37,41.49,35.7,41.87,27.29,32.85,32.18,32.27,5
20-03-2018  16:08:00,48.03,41.42,35.28,41.77,27.41,33.16,33.13,32.38,5
20-03-2018  16:09:00,47.28,41.17,35.31,41.45,27.36,33.02,32.51,32.58,5
20-03-2018  16:10:00,47.01,41.2,35.34,41.49,27.77,32.92,32.64,32.51,5
20-03-2018  16:11:00,47.1,41.24,35.33,41.52,28.06,33.13,32.85,32.55,5
20-03-2018  16:12:00,46.55,41.13,35.37,41.42,27.96,32.66,32.43,32.37,5
20-03-2018  16:13:00,46.55,41.13,35.12,41.35,27.95,33.03,32.9,32.49,5
20-03-2018  16:14:00,48.85,41.04,35.33,41.52,27.34,33.01,32.68,32.44,5
20-03-2018  16:15:00,48.15,41.17,35.47,41.5,26.66,32.71,32.4,32.41,5
20-03-2018  16:16:00,47.83,41.15,35.43,41.5,26.08,33.01,32.64,32.37,5
20-03-2018  16:17:00,47.65,41.55,35.72,41.77,25.38,32.95,32.74,32.39,5
20-03-2018  16:18:00,47.57,41.71,35.8,41.67,25.45,33.23,32.92,32.54,5
20-03-2018  16:19:00,47.65,41.24,35.47,41.46,24.91,32.76,32.63,32.35,5
20-03-2018  16:20:00,47.94,41.55,35.85,41.68,24.68,33.11,32.54,32.15,5
20-03-2018  16:21:00,48.64,41.62,35.89,41.81,24.05,32.7,32.51,32.16,5
20-03-2018  16:22:00,50.82,41.13,35.34,41.65,23.9,32.75,32.41,32.13,5
20-03-2018  16:23:00,52.88,41.37,35.5,42.05,23.84,33.04,32.8,32.16,5
20-03-2018  16:24:00,51.71,41,35.34,41.59,23.99,32.91,32.38,32.08,5
20-03-2018  16:25:00,51.09,41.34,35.72,41.9,25.18,32.77,32.58,31.92,5
20-03-2018  16:26:00,50.44,41.3,35.47,41.85,25.83,32.86,32.81,32.16,5
20-03-2018  16:27:00,49.66,41.37,35.47,41.74,26.1,33.14,32.62,32.3,5
20-03-2018  16:28:00,48.91,41,35.05,41.46,26.25,32.8,32.88,32.36,5
20-03-2018  16:29:00,48.5,41.13,35.24,41.46,26.58,33.3,33.05,32.43,5
20-03-2018  16:30:00,48.12,41.16,35.28,41.52,27.04,32.7,32.86,32.46,5
20-03-2018  16:31:00,47.97,41.13,35.15,41.49,27.06,33.17,32.91,32.54,5
20-03-2018  16:32:00,47.49,41.06,35.26,41.35,27.26,32.76,32.67,32.55,5
20-03-2018  16:33:00,47.22,41.09,35.29,41.32,27.89,32.75,32.55,32.48,5
20-03-2018  16:34:00,46.6,41.04,35.29,41.21,27.76,33.13,32.53,32.49,5
20-03-2018  16:35:00,46.53,41.17,35.61,41.35,27.83,33.05,32.52,32.5,5
20-03-2018  16:36:00,46.65,41.34,35.4,41.52,27.97,32.75,32.84,32.41,5
20-03-2018  16:37:00,46.24,41.24,35.28,41.37,28.39,33.17,32.92,32.7,5
20-03-2018  16:38:00,46.03,41.24,35.41,41.23,28.05,32.96,32.57,32.79,5
20-03-2018  16:39:00,45.77,41.37,35.56,41.39,28.59,32.96,32.63,32.59,5
20-03-2018  16:40:00,45.86,41.44,35.56,41.51,28.46,32.9,32.51,32.52,5
20-03-2018  16:41:00,45.79,41.3,35.61,41.39,28.8,32.5,32.43,32.59,5
20-03-2018  16:42:00,45.57,41.62,35.94,41.52,28.81,32.46,32.46,32.36,5
20-03-2018  16:43:00,45.74,41.96,36.21,41.69,28.67,32.53,32.48,32.47,5
20-03-2018  16:44:00,45.43,41.65,35.97,41.52,28.79,32.49,32.14,32.6,5
20-03-2018  16:45:00,45.12,41.49,35.88,41.46,28.82,32.45,32.3,32.38,5
20-03-2018  16:46:00,44.93,41.6,36.14,41.53,28.74,32.78,31.95,32.26,5
20-03-2018  16:47:00,45.32,42.07,36.38,41.87,29,32.27,32.36,32.38,5
20-03-2018  16:48:00,45.45,41.94,36.07,41.76,29,32.62,32.36,32.72,5
20-03-2018  16:49:00,46.18,42.1,36.31,41.89,28.26,32.92,32.35,32.45,5
20-03-2018  16:50:00,46.37,42.23,36.55,42,27.33,32.53,32.38,32.38,5
20-03-2018  16:51:00,46.8,42.27,36.47,42.18,26.94,32.93,32.6,32.39,5
20-03-2018  16:52:00,47.28,42.44,36.56,42.25,26.52,32.9,32.87,32.43,5
20-03-2018  16:53:00,47.83,42.44,36.56,42.21,25.9,33.14,32.6,32.3,5
20-03-2018  16:54:00,48.52,42.1,36.19,42.07,25.44,33.1,32.52,32.29,5
20-03-2018  16:55:00,48.94,42.1,36.4,42.12,25.27,32.24,32.38,32.21,5
20-03-2018  16:56:00,49.35,42.13,36.29,42.29,24.64,32.98,32.54,32.09,5
20-03-2018  16:57:00,49.99,42.2,36.55,42.36,24.25,32.7,32.3,32.23,5
20-03-2018  16:58:00,51.44,42.07,36.33,42.37,24.03,33.07,32.58,32.01,5
20-03-2018  16:59:00,53.52,42.51,36.8,42.84,23.84,32.69,32.41,32.03,5
20-03-2018  17:00:00,53.76,42.54,36.73,43.01,23.61,32.87,32.59,31.98,5
20-03-2018  17:01:00,52.27,42.44,36.65,42.84,25.05,32.4,32.39,32.24,5
20-03-2018  17:02:00,51.37,42.71,37.19,42.95,25.73,32.6,32.42,32.09,5
20-03-2018  17:03:00,50.82,42.27,36.33,42.58,26.04,32.29,32.38,32.24,5
20-03-2018  17:04:00,49.64,42,36.26,42.19,26.41,32.72,32.54,32.18,5
20-03-2018  17:05:00,48.92,41.45,35.65,41.74,26.53,32.78,32.5,32.16,5
20-03-2018  17:06:00,48.15,41.52,35.9,41.81,27.07,33.12,32.41,32.25,5
20-03-2018  17:07:00,48.26,41.72,35.85,41.92,27.16,32.89,32.57,32.3,5
20-03-2018  17:08:00,47.72,41.25,35.33,41.5,27.4,32.77,32.53,32.35,5
20-03-2018  17:09:00,47.21,41.36,35.47,41.5,27.61,32.83,32.58,32.31,5
20-03-2018  17:10:00,46.96,41.37,35.33,41.52,27.71,32.74,32.81,32.41,5
20-03-2018  17:11:00,46.76,41.41,35.5,41.49,28.12,32.56,32.75,32.62,5
20-03-2018  17:12:00,46.69,41.49,35.72,41.55,27.88,32.76,32.5,32.4,5
20-03-2018  17:13:00,46.44,41.55,35.56,41.52,28.11,32.52,32.74,32.55,5
20-03-2018  17:14:00,46.2,41.51,35.63,41.49,28.06,33.16,32.63,32.6,5
20-03-2018  17:15:00,45.86,41.24,35.4,41.35,28.27,32.69,32.44,32.4,5
20-03-2018  17:16:00,45.65,41.36,35.61,41.35,28.63,32.55,32.4,32.69,5
20-03-2018  17:17:00,45.52,41.15,35.29,41.25,28.74,32.71,32.49,32.4,5
20-03-2018  17:18:00,45.27,41.24,35.26,41.17,28.42,32.72,32.82,32.66,5
20-03-2018  17:19:00,44.97,41.04,35.09,40.97,28.49,33.34,32.75,32.61,5
20-03-2018  17:20:00,44.93,41.27,35.54,41.18,28.63,32.81,32.34,32.63,5
20-03-2018  17:21:00,44.99,41.39,35.72,41.28,28.68,33.2,32.47,32.61,5
20-03-2018  17:22:00,45.83,41.29,35.61,41.35,28.67,32.59,32.38,32.62,5
20-03-2018  17:23:00,45.93,41.49,35.83,41.49,27.69,32.62,32.36,32.3,5
20-03-2018  17:24:00,45.38,41.65,36.04,41.46,26.78,32.38,32.36,32.46,5
20-03-2018  17:25:00,45.5,41.39,35.66,41.33,26.05,32.56,32.22,32.21,5
20-03-2018  17:26:00,45.65,41.57,35.87,41.48,25.92,32.38,32.13,32.16,5
20-03-2018  17:27:00,45.9,41.84,36.19,41.65,25.38,32.71,32.28,32.16,5
20-03-2018  17:28:00,46.47,42,36.31,41.76,25.13,32.73,32.28,32.1,5
20-03-2018  17:29:00,46.88,41.97,36.39,41.83,24.65,32.64,32.09,32.03,5
20-03-2018  17:30:00,48.09,42.14,36.59,42.07,24.67,32.35,32.12,31.98,5
20-03-2018  17:31:00,50.44,42.18,36.75,42.42,24.08,32.33,32.04,31.79,5
20-03-2018  17:32:00,52.68,42.35,36.66,42.75,23.76,32.65,32.27,31.68,5
20-03-2018  17:33:00,52,42.58,36.69,42.89,24.57,32.79,32.48,31.86,5
20-03-2018  17:34:00,51.29,42.52,36.55,42.61,25.29,32.52,32.59,31.92,5
20-03-2018  17:35:00,50.59,42.62,36.97,42.61,25.88,32.65,32.17,31.88,5
20-03-2018  17:36:00,50.01,42.31,36.63,42.54,26.26,32.31,32.11,32.05,5
20-03-2018  17:37:00,49.66,42.7,37.11,42.81,26.65,32.55,32.43,32.01,5
20-03-2018  17:38:00,49.25,42.46,36.68,42.58,26.7,32.04,32.1,31.86,5
20-03-2018  17:39:00,47.72,42.63,36.38,44.98,27,31.46,31.83,29.59,1
20-03-2018  17:40:00,47.83,42.73,36.54,45.15,26.84,31,31.96,29.69,1
20-03-2018  17:41:00,47.86,42.73,36.75,45.18,26.96,31.06,31.87,29.59,1
20-03-2018  17:42:00,47.86,42.66,36.56,45.12,26.99,31.63,31.75,29.52,1
20-03-2018  17:43:00,48.03,42.7,36.47,45.25,26.83,31.11,32.02,29.51,1
20-03-2018  17:44:00,48.19,42.8,36.72,45.41,26.98,31.44,32.09,29.53,1
20-03-2018  17:45:00,48.21,42.93,37.01,45.41,27.07,31.29,31.82,29.44,1
20-03-2018  17:46:00,48.34,43.02,37.06,45.53,26.73,30.84,31.54,29.48,1
20-03-2018  17:47:00,48.31,42.93,36.82,45.5,26.75,31.19,31.71,29.47,1
20-03-2018  17:48:00,48.41,43.02,36.96,45.6,26.7,31.16,32.11,29.45,1
20-03-2018  17:49:00,48.41,43.02,36.96,45.63,27.29,31.13,31.86,29.43,1
20-03-2018  17:50:00,48.28,42.88,36.93,45.5,26.12,31.07,32,29.39,1
20-03-2018  17:51:00,48.41,42.95,37,45.56,26.63,30.82,31.84,29.42,1
20-03-2018  17:52:00,48.41,43.02,36.96,45.67,26.5,31.18,31.7,29.44,1
20-03-2018  17:53:00,48.41,43.05,37.05,45.7,26.71,31.54,31.65,29.34,1
20-03-2018  17:54:00,48.41,43.02,37.01,45.7,26.88,31.15,31.84,29.51,1
20-03-2018  17:55:00,48.34,43.09,37.25,45.67,26.75,31.21,31.52,29.32,1
20-03-2018  17:56:00,48.38,43.15,37.39,45.7,26.59,31.21,31.49,29.13,1
20-03-2018  17:57:00,48.51,43.4,37.67,45.91,26.67,31.55,31.3,29.23,1
20-03-2018  17:58:00,48.58,43.42,37.45,46.01,26.47,31.35,31.89,29.26,1
20-03-2018  17:59:00,48.58,43.5,37.95,46.01,26.51,30.94,31.29,29.31,1
20-03-2018  18:00:00,48.65,43.5,37.87,46.04,26.28,31.03,31.67,29.27,1
20-03-2018  18:01:00,49.34,43.71,38.29,46.32,25.53,30.77,31.22,28.95,1
20-03-2018  18:02:00,50.18,43.75,37.95,46.67,25.06,30.41,31.46,28.48,1
20-03-2018  18:03:00,50.81,43.73,37.87,46.94,24.38,30.5,31.68,28.09,1
20-03-2018  18:04:00,51.19,43.8,38.04,47.22,23.3,30.09,31.42,27.79,1
20-03-2018  18:05:00,51.64,43.78,38.04,47.48,22.77,30.13,31.57,27.29,1
20-03-2018  18:06:00,52.07,44.13,38.46,47.93,22.21,29.9,31.35,27.11,1
20-03-2018  18:07:00,52.37,44.29,38.47,48.25,21.87,29.69,31.19,26.64,1
20-03-2018  18:08:00,52.9,44.29,38.4,48.6,21.42,29.58,31.45,26.47,1
20-03-2018  18:09:00,54.68,44.62,38.17,49.4,21.31,29.52,31.54,26.39,1
20-03-2018  18:10:00,57,45.16,38.24,50.44,21.5,29.64,31.31,26.33,1
20-03-2018  18:11:00,59.21,46.12,38.82,51.76,21.02,29.27,30.82,26.04,1
20-03-2018  18:12:00,60.19,46.53,38.85,52.44,21.2,29.52,31.07,26.08,1
20-03-2018  18:13:00,58,46.53,38.98,52.11,22.63,29.18,31.17,26.42,1
20-03-2018  18:14:00,56.13,45.9,38.33,51.14,23.27,29.18,31.21,26.78,1
20-03-2018  18:15:00,55.46,46.04,39.01,50.85,23.77,29.52,31.33,27.11,1
20-03-2018  18:16:00,55.06,46.21,39.44,50.67,24.13,29.38,30.95,27.41,1
20-03-2018  18:17:00,54.38,46.2,39.62,50.4,24.02,29.77,30.94,27.37,1
20-03-2018  18:18:00,53.79,46.06,39.62,49.96,24.69,29.98,30.7,27.47,1
20-03-2018  18:19:00,53.17,45.8,39.52,49.48,24.92,29.92,30.71,27.71,1
20-03-2018  18:20:00,52.82,45.83,39.77,49.4,24.78,29.38,30.65,28,1
20-03-2018  18:21:00,52.53,45.86,39.84,49.27,24.91,29.76,30.68,27.82,1
20-03-2018  18:22:00,52.26,45.45,39.17,48.9,25.25,29.82,31.15,27.8,1
20-03-2018  18:23:00,51.97,45.47,39.44,48.79,25.27,30.13,30.94,28.12,1
20-03-2018  18:24:00,51.65,45.3,39.33,48.59,25.27,30.28,31.05,28.05,1
20-03-2018  18:25:00,51.37,44.99,38.9,48.22,25.35,30.22,31.11,28.41,1
20-03-2018  18:26:00,51.37,45.13,39.2,48.31,25.63,30.48,31.12,28.43,1
20-03-2018  18:27:00,51.29,45.1,38.96,48.24,25.53,30.14,30.9,28.45,1
20-03-2018  18:28:00,50.92,44.65,38.4,47.77,25.97,30.18,31.31,28.48,1
20-03-2018  18:29:00,50.85,44.85,39,47.86,25.73,30.49,30.87,28.53,1
20-03-2018  18:30:00,50.96,45.09,39.47,48,25.45,30.63,30.8,28.55,1
20-03-2018  18:31:00,50.72,44.99,39.35,47.83,25.67,30.2,30.83,28.49,1
20-03-2018  18:32:00,50.85,45.33,39.89,48.1,25.51,29.95,30.82,28.49,1
20-03-2018  18:33:00,50.88,45.54,40.13,48.23,26,30.26,30.57,28.58,1
20-03-2018  18:34:00,50.55,45.06,39.24,47.83,25.84,30.35,30.8,28.65,1
20-03-2018  18:35:00,50.35,44.92,39.14,47.67,25.98,30.04,30.89,28.58,1
20-03-2018  18:36:00,50.41,45.06,39.55,47.73,25.72,30.23,30.67,28.64,1
20-03-2018  18:37:00,50.31,44.82,38.96,47.56,25.87,30.44,30.86,28.73,1
20-03-2018  18:38:00,50.24,44.65,38.69,47.45,25.76,30.47,31.1,28.6,1
20-03-2018  18:39:00,50.18,44.58,38.72,47.42,25.91,30.78,31.12,28.79,1
20-03-2018  18:40:00,50.11,44.65,38.96,47.38,26.18,30.44,30.9,28.75,1
20-03-2018  18:41:00,50.14,44.78,39.14,47.45,26.03,30.29,31,28.61,1
20-03-2018  18:42:00,50.34,45.02,39.56,47.62,26.15,30.11,30.43,28.74,1
20-03-2018  18:43:00,50.18,44.89,39.18,47.52,25.94,30.25,30.95,28.68,1
20-03-2018  18:44:00,50.21,44.89,39.21,47.55,26.11,30.46,31.16,28.65,1
20-03-2018  18:45:00,50.14,44.82,39.14,47.52,26.29,30.31,31.12,28.88,1
20-03-2018  18:46:00,50.21,44.82,39.17,47.48,26.26,30.32,31.05,28.78,1
20-03-2018  18:47:00,50.34,44.95,39.3,47.62,26.06,30.47,30.87,28.83,1
20-03-2018  18:48:00,50.37,44.97,39.27,47.65,26.01,30.64,30.94,28.81,1
20-03-2018  18:49:00,50.79,44.87,39.19,47.69,25.83,30.4,31.28,28.56,1
20-03-2018  18:50:00,51.46,44.82,39.05,47.93,24.98,30.03,30.91,28.44,1
20-03-2018  18:51:00,52.24,45.03,39.33,48.33,24.18,30.11,30.99,28.1,1
20-03-2018  18:52:00,52.94,45.31,39.65,48.85,23.73,29.78,30.91,27.49,1
20-03-2018  18:53:00,53.53,45.42,39.45,49.27,23.08,29.81,30.85,27.23,1
20-03-2018  18:54:00,54.06,45.47,39.44,49.5,22.82,29.53,31.04,26.9,1
20-03-2018  18:55:00,54.42,45.54,39.65,49.76,22.14,29.37,30.87,26.64,1
20-03-2018  18:56:00,54.97,45.82,40.04,50.2,22.01,29.26,30.68,26.43,1
20-03-2018  18:57:00,56.1,46.09,39.72,50.82,21.35,29.26,31.03,26.12,1
20-03-2018  18:58:00,58.42,46.6,39.62,51.79,21.49,29.41,30.9,26.24,1
20-03-2018  18:59:00,60.37,47.28,40.1,52.88,21.12,29.19,30.68,26.03,1
20-03-2018  19:00:00,57.1,47,40.56,52.37,24.45,29.21,30.01,27.07,4
20-03-2018  19:01:00,56.69,47.11,40.88,52.2,24.85,29.03,29.61,26.98,4
20-03-2018  19:02:00,56.34,47.28,41.26,51.93,24.75,28.75,29.85,27.27,4
20-03-2018  19:03:00,55.94,47.43,41.49,51.75,24.73,28.78,29.56,27.32,4
20-03-2018  19:04:00,55.61,47.56,41.82,51.63,25.04,28.9,29.57,27.15,4
20-03-2018  19:05:00,55.38,47.7,42.1,51.55,25.31,29.13,29.43,27.31,4
20-03-2018  19:06:00,55.11,47.94,42.35,51.46,25.02,29.02,29.42,27.3,4
20-03-2018  19:07:00,55.06,48.08,42.63,51.46,25.4,29.61,29.44,27.28,4
20-03-2018  19:08:00,54.87,48.21,42.8,51.48,25.5,28.63,29.01,27.76,4
20-03-2018  19:09:00,54.76,48.35,42.98,51.46,25.78,28.4,29.07,27.71,4
20-03-2018  19:10:00,54.62,48.43,43.18,51.46,25.75,28.89,29.23,27.96,4
20-03-2018  19:11:00,54.55,48.6,43.36,51.46,25.6,28.69,28.9,27.71,4
20-03-2018  19:12:00,54.46,48.73,43.6,51.46,25.65,28.97,29.03,27.68,4
20-03-2018  19:13:00,54.35,48.8,43.67,51.46,25.54,28.89,28.77,27.86,4
20-03-2018  19:14:00,54.38,48.94,43.91,51.48,25.75,28.69,28.95,27.9,4
20-03-2018  19:15:00,54.32,49.11,44.09,51.48,25.54,28.66,28.84,27.93,4
20-03-2018  19:16:00,54.23,49.27,44.29,51.51,25.79,28.81,28.73,28.03,4
20-03-2018  19:17:00,54.23,49.38,44.42,51.51,25.86,28.28,28.85,28.06,4
20-03-2018  19:18:00,54.17,49.45,44.47,51.51,25.8,28.76,28.72,28.1,4
20-03-2018  19:19:00,54.11,49.62,44.64,51.54,26.09,28.79,28.8,28.1,4
20-03-2018  19:20:00,54.14,49.72,44.74,51.51,25.88,28.34,28.82,28.06,4
20-03-2018  19:21:00,54.05,49.69,44.97,51.75,26.11,28.12,28.59,28.32,4
20-03-2018  19:22:00,53.93,49.89,45.14,51.45,26.15,29.21,28.84,28.5,4
20-03-2018  19:23:00,53.46,49.82,44.82,50.75,26.85,28.78,29.02,28.87,4
20-03-2018  19:24:00,52.85,49.5,44.44,50.14,27.19,29.48,29.17,29.06,4
20-03-2018  19:25:00,52.25,49.23,43.99,49.61,27.37,29.38,29.33,29.09,4
20-03-2018  19:26:00,51.69,48.95,43.61,49.34,27.81,29.73,29.49,29.33,4
20-03-2018  19:27:00,51.04,48.71,43.22,48.79,27.98,29.56,29.3,29.3,4
20-03-2018  19:28:00,50.4,48.53,43.25,48.47,27.82,29.87,29.59,29.43,4
20-03-2018  19:29:00,49.95,48.36,43.11,48.34,28.06,29.96,29.56,29.48,4
20-03-2018  19:30:00,49.67,48.29,43.11,48.2,28.41,30,29.97,29.52,4
20-03-2018  19:31:00,49.56,48.29,43.15,48.19,27.89,29.84,29.77,29.39,4
20-03-2018  19:32:00,49.6,48.29,43.22,48.12,28.79,30.04,29.69,29.71,4
20-03-2018  19:33:00,49.5,48.12,43.11,48.19,28.38,29.57,29.39,29.59,4
20-03-2018  19:34:00,49.47,48.17,43.26,48.24,28.31,29.18,29.28,29.04,4
20-03-2018  19:35:00,49.75,48.37,43.51,48.37,27.86,29.35,29.01,29.13,4
20-03-2018  19:36:00,0,48.55,43.83,48.62,27.52,28.6,28.64,28.93,4
20-03-2018  19:37:00,50.36,48.72,44,48.86,27.33,28.66,28.54,28.85,4
20-03-2018  19:38:00,50.63,48.86,43.92,49.14,27.58,29.05,28.69,28.94,4
20-03-2018  19:39:00,50.74,48.89,44.09,49.21,27.17,28.46,28.52,28.58,4
20-03-2018  19:40:00,50.95,49.08,44.4,49.45,27.43,28.95,28.46,28.73,4
20-03-2018  19:41:00,51.14,49.24,44.67,49.59,27.02,29.04,28.46,28.7,4
20-03-2018  19:42:00,51.24,49.42,44.8,49.69,27.3,28.71,28.48,28.54,4
20-03-2018  19:43:00,51.33,49.55,44.91,49.73,26.94,28.12,28.43,28.5,4
20-03-2018  19:44:00,51.42,49.65,45.05,49.93,27.16,28.67,28.48,28.95,4
20-03-2018  19:45:00,51.48,49.73,45.08,49.97,26.9,28.42,28.34,28.67,4
20-03-2018  19:46:00,51.51,49.89,45.22,50,26.89,28.66,28.43,28.5,4
20-03-2018  19:47:00,51.57,50.03,45.35,50.14,26.82,28.54,28.26,28.83,4
20-03-2018  19:48:00,51.57,50.1,45.45,50.14,27.14,28.7,28.47,28.65,4
20-03-2018  19:49:00,51.54,50.17,45.5,50.18,27.22,28.48,28.38,28.87,4
20-03-2018  19:50:00,51.57,50.37,45.67,50.21,27.12,28.37,28.44,28.75,4
20-03-2018  19:51:00,51.62,50.5,45.73,50.34,27.28,28.44,28.51,28.75,4
20-03-2018  19:52:00,51.66,50.44,45.56,50.41,27.08,28.21,28.39,28.66,4
20-03-2018  19:53:00,51.6,50.44,45.73,50.27,26.73,28.56,28.03,28.6,4
20-03-2018  19:54:00,51.69,50.47,45.73,50.44,27.15,28.33,28.23,28.67,4
20-03-2018  19:55:00,51.72,50.54,45.83,50.44,27.08,28.21,28.15,28.81,4
20-03-2018  19:56:00,51.75,50.55,45.83,50.55,27.07,28.21,28.35,28.67,4
20-03-2018  19:57:00,51.75,50.55,45.86,50.52,27.06,27.58,28.05,28.57,4
20-03-2018  19:58:00,51.78,50.55,45.84,50.59,27.14,28.2,28.15,28.57,4
20-03-2018  19:59:00,51.78,50.55,45.83,50.65,27.08,28.25,28.18,28.82,4
20-03-2018  20:00:00,51.8,50.55,45.8,50.69,27.15,28.34,28.11,28.81,4
20-03-2018  20:01:00,51.83,50.75,46.03,50.69,27.15,28.16,28.16,28.63,4
20-03-2018  20:02:00,51.86,50.82,46.01,50.69,27.19,28.05,28.26,28.69,4
20-03-2018  20:03:00,51.83,50.85,46.03,50.65,27.44,28.47,28.24,28.98,4
20-03-2018  20:04:00,51.78,51.02,46.13,50.65,27.35,28.48,28.28,28.79,4
20-03-2018  20:05:00,51.75,50.98,46.06,50.62,27.31,28.3,28.07,28.75,4
20-03-2018  20:06:00,51.72,50.96,46.04,50.65,27.16,27.9,28.13,28.82,4
20-03-2018  20:07:00,51.75,50.96,46.08,50.69,27.04,27.92,27.98,28.94,4
20-03-2018  20:08:00,51.72,50.96,45.77,50.59,27.05,27.97,28.1,28.51,4
20-03-2018  20:09:00,51.72,50.92,46.04,50.72,27.21,27.8,28.14,28.73,4
20-03-2018  20:10:00,51.75,51.13,46.24,50.88,27.47,28.16,28.21,29.03,4
20-03-2018  20:11:00,51.72,51.43,46.6,50.47,27.59,28.57,28.24,29.44,4
20-03-2018  20:12:00,51.39,51.12,46.17,49.61,28.44,28.73,28.6,29.73,4
20-03-2018  20:13:00,50.7,50.97,46.08,48.75,28.95,29.07,28.61,30.04,4
20-03-2018  20:14:00,50.05,50.79,45.73,48.19,28.92,28.99,28.93,30.22,4
20-03-2018  20:15:00,49.44,50.09,45.02,47.6,29.03,29.23,28.83,30.43,4
20-03-2018  20:16:00,48.71,49.88,44.8,47.22,29.09,29.12,28.7,30.54,4
20-03-2018  20:17:00,48.32,49.67,44.56,47.12,29.32,29.2,28.85,30.46,4
20-03-2018  20:18:00,48.05,49.8,44.66,47.05,29.26,29.29,29.06,30.39,4
20-03-2018  20:19:00,47.75,49.69,44.49,47.12,29.02,29.28,28.94,30.39,4
20-03-2018  20:20:00,47.85,49.63,44.42,47.15,29.12,29.5,28.98,30.21,4
20-03-2018  20:21:00,47.92,49.46,44.35,47.25,29.28,29.34,29.24,30.21,4
20-03-2018  20:22:00,48.02,49.36,44.19,47.36,29.05,28.45,28.73,30.03,4
20-03-2018  20:23:00,48.15,49.37,44.33,47.42,28.55,28.67,28.47,29.81,4
20-03-2018  20:24:00,48.5,49.54,44.75,47.61,28.29,28.61,28.4,29.69,4
20-03-2018  20:25:00,48.75,49.71,44.79,47.86,27.85,28.71,28.12,29.53,4
21-03-2018 03:40:00,54.84,54.72,52.42,60.57,25.41,25.72,25.52,25.63,6
21-03-2018 03:41:00,54.87,54.72,52.47,60.57,25.42,25.72,25.54,25.64,6
21-03-2018 03:42:00,54.91,54.75,52.47,60.57,25.41,25.71,25.54,25.63,6
21-03-2018 03:43:00,54.94,54.87,52.42,60.62,25.41,25.7,25.54,25.64,6
21-03-2018 03:44:00,54.94,54.87,52.5,60.62,25.41,25.71,25.57,25.65,6
21-03-2018 03:45:00,54.97,54.9,52.39,60.57,25.41,25.72,25.56,25.65,6
21-03-2018 03:46:00,54.97,54.84,52.47,60.62,25.41,25.7,25.52,25.65,6
21-03-2018 03:47:00,54.97,54.9,52.47,60.57,25.41,25.68,25.51,25.62,6
21-03-2018 03:48:00,54.99,54.93,52.5,60.62,25.39,25.69,25.53,25.61,6
21-03-2018 03:49:00,55.02,55.02,52.53,60.62,25.39,25.68,25.53,25.61,6
21-03-2018 03:50:00,55.02,55.02,52.53,60.62,25.4,25.7,25.57,25.62,6
21-03-2018 03:51:00,55.05,55.02,52.56,60.62,25.41,25.71,25.54,25.62,6
21-03-2018 03:52:00,55.05,55.02,52.56,60.62,25.41,25.71,25.55,25.62,6
21-03-2018 03:53:00,55.05,54.99,52.56,60.62,25.42,25.71,25.56,25.62,6
21-03-2018 03:54:00,55.05,54.99,52.59,60.62,25.4,25.69,25.54,25.63,6
21-03-2018 03:55:00,55.08,55.02,52.65,60.62,25.4,25.7,25.53,25.61,6
21-03-2018 03:56:00,55.08,55.1,52.65,60.62,25.4,25.68,25.55,25.61,6
21-03-2018 03:57:00,55.11,55.13,52.59,60.62,25.4,25.7,25.56,25.61,6
21-03-2018 03:58:00,55.11,55.13,52.59,60.62,25.4,25.7,25.58,25.61,6
21-03-2018 03:59:00,55.14,55.13,52.56,60.62,25.43,25.72,25.59,25.62,6
21-03-2018 04:00:00,55.14,55.13,52.56,60.62,25.42,25.73,25.59,25.63,6
21-03-2018 04:01:00,55.14,55.16,52.53,60.62,25.42,25.72,25.58,25.62,6
21-03-2018 04:02:00,55.14,55.23,52.56,60.62,25.4,25.7,25.57,25.62,6
21-03-2018 04:03:00,55.14,55.2,52.53,60.6,25.41,25.7,25.57,25.64,6
21-03-2018 04:04:00,55.14,55.2,52.68,60.62,25.39,25.7,25.57,25.6,6
21-03-2018 04:05:00,55.16,55.28,52.65,60.62,25.41,25.69,25.58,25.6,6
21-03-2018 04:06:00,55.2,55.34,52.68,60.62,25.4,25.73,25.59,25.61,6
21-03-2018 04:07:00,55.2,55.34,52.53,60.62,25.41,25.73,25.6,25.62,6
21-03-2018 04:08:00,55.2,55.4,52.47,60.62,25.44,25.74,25.62,25.63,6
21-03-2018 04:09:00,55.2,55.37,52.42,60.62,25.4,25.74,25.59,25.64,6
21-03-2018 04:10:00,55.2,55.4,52.53,60.57,25.46,25.75,25.59,25.64,6
21-03-2018 04:11:00,55.2,55.4,52.5,60.57,25.42,25.72,25.59,25.63,6
21-03-2018 04:12:00,55.2,55.4,52.5,60.57,25.42,25.72,25.58,25.62,6
21-03-2018 04:13:00,55.2,55.42,52.47,60.57,25.43,25.72,25.59,25.63,6
21-03-2018 04:14:00,55.2,55.42,52.5,60.57,25.46,25.73,25.6,25.64,6
21-03-2018 04:15:00,55.23,55.42,52.53,60.54,25.43,25.74,25.59,25.64,6
21-03-2018 04:16:00,55.23,55.49,52.53,60.51,25.44,25.74,25.61,25.64,6
21-03-2018 04:17:00,55.23,55.42,52.53,60.51,25.45,25.75,25.57,25.64,6
21-03-2018 04:18:00,55.2,55.52,52.56,60.47,25.46,25.74,25.57,25.64,6
21-03-2018 04:19:00,55.23,55.42,52.59,60.47,25.41,25.74,25.54,25.63,6
21-03-2018 04:20:00,55.23,55.4,52.71,60.47,25.42,25.71,25.55,25.64,6
21-03-2018 04:21:00,55.23,55.37,52.74,60.51,25.43,25.73,25.56,25.64,6
21-03-2018 04:22:00,55.26,55.37,52.77,60.51,25.43,25.73,25.56,25.62,6
21-03-2018 04:23:00,55.26,55.42,52.77,60.51,25.43,25.73,25.58,25.64,6
21-03-2018 04:24:00,55.26,55.45,52.74,60.51,25.41,25.73,25.57,25.65,6
21-03-2018 04:25:00,55.26,55.42,52.74,60.47,25.43,25.74,25.56,25.64,6
21-03-2018 04:26:00,55.26,55.42,52.74,60.47,25.43,25.75,25.52,25.62,6
21-03-2018 04:27:00,55.26,55.37,52.8,60.51,25.41,25.71,25.51,25.63,6
21-03-2018 04:28:00,55.26,55.42,52.86,60.51,25.45,25.71,25.52,25.62,6
21-03-2018 04:29:00,55.26,55.49,52.88,60.54,25.41,25.7,25.51,25.63,6
21-03-2018 04:30:00,55.26,55.52,52.91,60.54,25.44,25.7,25.53,25.63,6
21-03-2018 04:31:00,55.26,55.52,52.91,60.54,25.43,25.72,25.53,25.63,6
21-03-2018 04:32:00,55.26,55.46,52.94,60.54,25.43,25.7,25.51,25.65,6
21-03-2018 04:33:00,55.26,55.52,52.98,60.51,25.42,25.7,25.49,25.64,6
21-03-2018 04:34:00,55.26,55.49,53.09,60.54,25.43,25.67,25.46,25.63,6
21-03-2018 04:35:00,55.29,55.55,53.1,60.51,25.42,25.67,25.46,25.64,6
21-03-2018 04:36:00,55.29,55.52,53.06,60.54,25.42,25.68,25.47,25.62,6
21-03-2018 04:37:00,55.29,55.58,53.15,60.57,25.43,25.68,25.49,25.65,6
21-03-2018 04:38:00,55.32,55.61,53.15,60.57,25.43,25.7,25.5,25.62,6
21-03-2018 04:39:00,55.32,55.64,53.12,60.57,25.43,25.7,25.49,25.63,6
21-03-2018 04:40:00,55.32,55.58,53.12,60.54,25.42,25.69,25.49,25.64,6
21-03-2018 04:41:00,55.32,55.61,53.15,60.57,25.43,25.68,25.49,25.62,6
21-03-2018 04:42:00,55.32,55.61,53.18,60.62,25.42,25.66,25.48,25.64,6
21-03-2018 04:43:00,55.32,55.64,53.18,60.62,25.41,25.67,25.47,25.62,6
21-03-2018 04:44:00,55.32,55.67,53.18,60.62,25.4,25.66,25.48,25.63,6
21-03-2018 04:45:00,55.34,55.72,53.21,60.6,25.43,25.68,25.5,25.65,6
21-03-2018 04:46:00,55.34,55.75,53.23,60.57,25.44,25.68,25.47,25.62,6
21-03-2018 04:47:00,55.34,55.78,53.21,60.51,25.44,25.67,25.45,25.64,6
21-03-2018 04:48:00,55.34,55.84,53.27,60.51,25.43,25.67,25.43,25.63,6
21-03-2018 04:49:00,55.34,55.78,53.3,60.51,25.43,25.68,25.41,25.65,6
21-03-2018 04:50:00,55.34,55.7,53.21,60.51,25.41,25.64,25.41,25.63,6
21-03-2018 04:51:00,55.37,55.7,53.3,60.51,25.43,25.65,25.43,25.63,6
21-03-2018 04:52:00,55.37,55.78,53.3,60.51,25.41,25.64,25.44,25.63,6
21-03-2018 04:53:00,55.37,55.78,53.3,60.51,25.42,25.65,25.47,25.64,6
21-03-2018 04:54:00,55.37,55.84,53.33,60.51,25.44,25.66,25.48,25.64,6
21-03-2018 04:55:00,55.37,55.9,53.33,60.47,25.43,25.67,25.48,25.64,6
21-03-2018 04:56:00,55.37,55.9,53.39,60.44,25.43,25.65,25.47,25.64,6
21-03-2018 04:57:00,55.37,55.87,53.42,60.42,25.44,25.64,25.45,25.63,6
21-03-2018 04:58:00,55.37,55.78,53.45,60.42,25.43,25.62,25.45,25.62,6
21-03-2018 04:59:00,55.37,55.96,53.54,60.42,25.41,25.64,25.46,25.63,6
21-03-2018 05:00:00,55.37,55.81,53.45,60.39,25.44,25.63,25.47,25.63,6
21-03-2018 05:01:00,55.37,55.81,53.24,60.39,25.42,25.64,25.49,25.64,6
21-03-2018 05:02:00,55.37,55.9,53.33,60.39,25.44,25.65,25.5,25.65,6
21-03-2018 05:03:00,55.37,55.9,53.33,60.36,25.43,25.66,25.5,25.63,6
21-03-2018 05:04:00,55.37,55.9,53.42,60.33,25.44,25.65,25.49,25.63,6
21-03-2018 05:05:00,55.37,55.84,53.45,60.33,25.42,25.65,25.48,25.66,6
21-03-2018 05:06:00,55.37,55.9,53.51,60.3,25.42,25.64,25.47,25.64,6
21-03-2018 05:07:00,55.4,55.9,53.54,60.27,25.43,25.65,25.5,25.64,6
21-03-2018 05:08:00,55.4,55.9,53.59,60.27,25.42,25.65,25.5,25.63,6
21-03-2018 05:09:00,55.43,55.87,53.47,60.24,25.44,25.65,25.52,25.64,6
21-03-2018 05:10:00,55.43,55.9,53.3,60.21,25.43,25.66,25.53,25.64,6
21-03-2018 05:11:00,55.43,55.9,53.36,60.18,25.45,25.67,25.53,25.65,6
21-03-2018 05:12:00,55.43,55.9,53.41,60.15,25.43,25.66,25.52,25.65,6
21-03-2018 05:13:00,55.43,55.9,53.41,60.12,25.43,25.65,25.5,25.65,6
21-03-2018 05:14:00,55.46,55.93,53.41,60.09,25.42,25.64,25.5,25.64,6
21-03-2018 05:15:00,55.49,55.93,53.41,60.06,25.39,25.64,25.51,25.64,6
21-03-2018 05:16:00,55.49,55.96,53.44,60,25.41,25.65,25.52,25.64,6
21-03-2018 05:17:00,55.52,55.99,53.41,59.98,25.42,25.66,25.54,25.63,6
21-03-2018 05:18:00,55.52,55.93,53.36,59.95,25.41,25.68,25.55,25.64,6
21-03-2018 05:19:00,55.52,55.96,53.47,59.92,25.44,25.68,25.53,25.64,6
21-03-2018 05:20:00,55.52,55.99,53.53,59.89,25.41,25.68,25.52,25.62,6
21-03-2018 05:21:00,55.55,55.93,53.56,59.83,25.42,25.66,25.5,25.64,6
21-03-2018 05:22:00,55.55,55.93,53.36,59.77,25.4,25.68,25.49,25.61,6
21-03-2018 05:23:00,55.58,55.99,53.36,59.68,25.4,25.65,25.5,25.61,6
21-03-2018 05:24:00,55.61,56.05,53.47,59.62,25.4,25.65,25.51,25.62,6
21-03-2018 05:25:00,55.61,56.07,53.5,59.56,25.42,25.66,25.52,25.63,6
21-03-2018 05:26:00,55.61,56.02,53.53,59.56,25.41,25.66,25.53,25.64,6
21-03-2018 05:27:00,55.64,55.99,53.53,59.51,25.41,25.67,25.52,25.62,6
21-03-2018 05:28:00,55.64,56.02,53.59,59.41,25.41,25.65,25.5,25.61,6
21-03-2018 05:29:00,55.67,55.99,53.56,59.33,25.39,25.63,25.48,25.61,6
21-03-2018 05:30:00,55.67,56.02,53.59,59.24,25.38,25.64,25.46,25.6,6
21-03-2018 05:31:00,55.73,56.08,53.41,59.12,25.37,25.66,25.49,25.6,6
21-03-2018 05:32:00,55.75,56.13,53.41,59.06,25.4,25.64,25.49,25.61,6
21-03-2018 05:33:00,55.75,56.1,53.36,59,25.39,25.66,25.48,25.59,6
21-03-2018 05:34:00,55.75,56.1,53.44,58.92,25.39,25.65,25.48,25.6,6
21-03-2018 05:35:00,55.78,56.13,53.45,58.8,25.37,25.62,25.43,25.59,6
21-03-2018 05:36:00,55.78,56.16,53.39,58.65,25.39,25.61,25.43,25.6,6
21-03-2018 10:32:00,55.49,51.95,45.88,54.59,24.57,28.48,29.82,27.03,1
21-03-2018 10:33:00,55.2,51.31,45.54,53.97,24.28,28.28,29.71,26.85,1
21-03-2018 10:34:00,55.14,50.76,45.06,53.67,23.71,28.82,29.95,26.78,1
21-03-2018 10:35:00,55.14,50.66,45.42,53.65,23.35,28.59,30.35,26.69,1
21-03-2018 10:36:00,55.35,50.4,45.09,53.44,23.45,29.13,30.05,26.45,1
21-03-2018 10:37:00,55.72,50.7,45.68,53.88,22.69,28.57,30.15,26.39,1
21-03-2018 10:38:00,56.04,50.63,45.25,53.97,22.58,28.61,30.2,26.31,1
21-03-2018 10:39:00,56.39,50.4,44.83,53.91,22.57,29.08,30.02,26.06,1
21-03-2018 10:40:00,56.68,50.16,44.56,54,22.38,28.61,30.3,26.32,1
21-03-2018 10:41:00,57.04,50.19,44.53,54.03,22.24,28.7,30.15,25.86,1
21-03-2018 10:42:00,57.35,50.56,45.06,54.47,22.09,28.79,30.24,26.07,1
21-03-2018 10:43:00,57.88,50.18,44.23,54.47,22.12,28.79,30.61,26.1,1
21-03-2018 10:44:00,59.01,50.18,43.9,54.71,21.98,29.32,30.58,26,1
21-03-2018 10:45:00,60.26,50.87,44.51,55.53,21.7,28.78,30.53,26.03,1
21-03-2018 10:46:00,61.95,51.3,44.33,56.32,21.88,29.14,30.88,26.14,1
21-03-2018 10:47:00,63.32,51.12,43.51,56.59,21.82,28.97,31.02,26.26,1
21-03-2018 10:48:00,64.22,51.52,43.78,56.97,22.11,29.34,30.95,26.18,1
21-03-2018 10:49:00,64.14,51.5,43.8,57,21.94,28.87,30.96,26.12,1
21-03-2018 10:50:00,62.86,51.08,43.69,56.59,21.93,29.44,31.14,26.13,1
21-03-2018 10:51:00,61.63,50.86,44.14,55.91,22.03,28.9,30.27,25.99,1
21-03-2018 10:52:00,60.96,50.72,44.19,55.68,21.55,29,30.43,25.77,1
21-03-2018 10:53:00,61.22,51.07,44.69,55.94,21.61,28.74,30.3,25.81,1
21-03-2018 10:54:00,62.04,51.13,44.41,56.24,21.39,28.84,30.57,25.9,1
21-03-2018 10:55:00,63.11,51.56,44.75,56.83,21.6,29.17,30.67,25.93,1
21-03-2018 10:56:00,64.59,51.65,44.17,57.19,21.48,28.77,30.39,25.8,1
21-03-2018 10:57:00,65.95,52.27,44.38,57.92,21.31,28.91,30.4,25.85,1
21-03-2018 10:58:00,67.05,52.5,44.38,58.48,22.01,28.79,30.46,26.05,1
21-03-2018 10:59:00,67.08,52.47,44.12,58.51,22.21,28.94,30.67,26.11,1
21-03-2018 11:00:00,65.27,51.91,43.98,57.8,21.71,28.97,30.85,26.07,1
21-03-2018 11:01:00,63.4,51.04,43.5,56.8,21.68,29.71,31.12,26.11,1
21-03-2018 11:02:00,62.04,50.47,43.29,56.07,21.66,29.22,31.18,25.9,1
21-03-2018 11:03:00,62.15,50.74,44.26,56.21,21.84,29.26,31.29,26.18,1
21-03-2018 11:04:00,63.19,50.98,43.85,56.48,21.61,29.04,30.89,26.04,1
21-03-2018 11:05:00,64.44,51.38,43.77,57.13,21.46,29.37,31.26,26.12,1
21-03-2018 11:06:00,65.78,51.66,43.74,57.62,21.71,29.23,31.08,25.86,1
21-03-2018 11:07:00,66.8,51.79,43.38,58.06,21.68,29.26,31.45,26.27,1
21-03-2018 11:08:00,67.57,52.17,43.87,58.45,21.76,29.34,31.02,25.96,1
21-03-2018 11:09:00,68.21,52.41,44.11,58.71,21.8,29.24,30.88,26.21,1
21-03-2018 11:10:00,67.63,52.14,43.71,58.54,21.93,29.34,30.98,26.1,1
21-03-2018 11:11:00,65.15,51.61,43.59,57.65,21.84,29.66,31.11,26.2,1
21-03-2018 11:12:00,63.34,50.98,43.76,56.65,21.96,29.29,30.92,26.26,1
21-03-2018 11:13:00,62.47,50.85,43.96,56.42,21.56,29.28,31.2,26.23,1
21-03-2018 11:14:00,63.31,50.84,43.51,56.65,21.76,29.46,31.41,26.03,1
21-03-2018 11:15:00,64.59,51.01,43.29,57.06,21.39,29.66,31.81,26.08,1
21-03-2018 11:25:00,62.65,56.4,43.64,57.33,22.07,25.89,31.89,25.63,3
21-03-2018 11:26:00,63.64,57.05,43.9,57.33,21.86,26.11,32.04,25.99,3
21-03-2018 11:27:00,64.22,57.16,43.1,56.97,22.03,25.67,31.69,25.81,3
21-03-2018 11:28:00,65.19,57.99,43.99,56.8,22.1,25.91,31.67,25.65,3
21-03-2018 11:29:00,65.4,58.58,43.78,57.65,22.4,25.16,31.69,25.66,3
21-03-2018 11:30:00,64.79,58.67,43.58,58.06,22.16,25.54,31.81,25.81,3
21-03-2018 11:31:00,63.8,58.34,43.55,58.13,22.66,25.86,31.89,25.53,3
21-03-2018 11:32:00,62.9,57.75,42.55,57.77,23.04,25.47,32.21,25.66,3
21-03-2018 11:33:00,62.08,57.31,43,57.45,23.08,25.87,31.37,25.8,3
21-03-2018 11:34:00,61.74,57.1,43.45,57.1,23.05,25.92,31.57,25.62,3
21-03-2018 11:35:00,61.37,56.9,42.93,57.21,23.06,26.18,31.26,25.67,3
21-03-2018 11:36:00,61.02,56.87,44.25,57.3,23.34,26.11,31.25,25.72,3
21-03-2018 11:37:00,60.76,56.72,44.16,57.35,23.53,26.23,31.31,25.48,3
21-03-2018 11:38:00,60.26,56.49,44.18,57.42,23.61,26.24,31.5,25.49,3
21-03-2018 11:39:00,59.88,56.19,44.32,57.21,23.76,26.25,31.16,25.61,3
21-03-2018 11:40:00,59.82,56.07,44.32,57.32,23.62,26.43,31.2,25.69,3
21-03-2018 11:41:00,59.5,55.78,43.97,57.48,23.36,26.08,31.63,25.72,3
21-03-2018 11:42:00,59.03,55.52,44.44,57.54,23.38,26.34,31.71,25.75,3
21-03-2018 11:43:00,58.77,55.07,43.92,57.56,23.12,26.58,31.73,25.63,3
21-03-2018 11:44:00,58.67,54.78,43.87,57.83,23.05,26.25,31.91,25.54,3
21-03-2018 11:45:00,58.47,54.27,43.45,57.51,22.8,26.42,32.2,25.52,3
21-03-2018 11:46:00,58.99,54.39,43.32,57.48,22.55,26.52,32.17,25.62,3
21-03-2018 11:47:00,59.32,54.39,42.51,57.77,22.17,26.1,31.72,25.65,3
21-03-2018 11:48:00,60.15,54.96,43.1,58.06,21.92,26.14,31.95,25.62,3
21-03-2018 11:49:00,61.51,55.4,42.11,58.21,21.68,26.03,31.92,25.61,3
21-03-2018 11:50:00,62.74,55.87,41.39,58,22.08,26.26,31.58,25.62,3
21-03-2018 11:51:00,63.79,56.58,41.7,57.56,21.78,26.18,31.62,25.64,3
21-03-2018 11:52:00,64.81,57.4,41.81,57.51,21.96,26.15,31.88,25.44,3
21-03-2018 11:53:00,65.04,57.78,40.88,57.59,22.03,25.66,32,25.39,3
21-03-2018 11:54:00,64.44,58.08,41.16,57.48,22.19,25.74,32.04,25.65,3
21-03-2018 11:55:00,63.39,57.72,41.19,57.56,22.53,25.55,32.05,25.67,3
21-03-2018 11:56:00,62.31,57.16,41.27,57.13,22.88,25.6,32.33,25.65,3
21-03-2018 11:57:00,61.79,56.87,41.1,57,23.05,25.46,32.26,25.53,3
21-03-2018 11:58:00,61.33,56.55,40.83,56.91,22.88,26.09,32.3,25.7,3
21-03-2018 11:59:00,60.96,56.31,40.97,56.83,23.06,26.12,32.16,25.53,3
21-03-2018 12:00:00,60.19,55.99,41.23,56.74,23.7,25.95,32.31,25.6,3
21-03-2018 12:01:00,59.61,55.55,40.9,56.5,23.65,26.29,32.38,25.52,3
21-03-2018 12:02:00,59.5,55.42,41.1,56.48,23.6,26.26,32.52,25.5,3
21-03-2018 12:03:00,59.35,55.28,41.04,56.45,23.68,26.34,32.35,25.62,3
21-03-2018 12:04:00,59.12,55.22,40.99,56.48,23.68,26.56,32.6,25.66,3
21-03-2018 12:05:00,58.83,54.95,40.38,56.45,23.6,26.48,32.55,25.76,3
21-03-2018 12:06:00,58.39,54.46,39.64,56.18,23.2,26.38,32.24,25.6,3
21-03-2018 12:07:00,58.13,54.28,39.85,55.88,23.92,26.53,32.24,25.69,3
21-03-2018 12:08:00,58.07,54.1,39.64,55.65,23.96,26.39,32.3,25.68,3
21-03-2018 12:09:00,57.55,53.75,39.76,55.62,23.68,26.71,32.09,25.72,3
21-03-2018 12:10:00,56.78,53.15,39.97,55.65,23.58,26.65,32,25.64,3
21-03-2018 12:11:00,56.26,52.59,40.15,55.85,23.06,27.18,32.29,25.76,3
21-03-2018 12:12:00,55.9,52.18,40.33,56.03,22.83,26.4,32.83,25.54,3
21-03-2018 12:13:00,55.9,51.8,39.78,56.18,22.59,26.4,32.68,25.62,3
21-03-2018 12:14:00,56.1,51.83,39.85,56.48,21.98,26.51,32.93,25.6,3
21-03-2018 12:15:00,56.89,51.89,38.75,56.74,21.76,26.29,32.67,25.46,3
21-03-2018 12:16:00,58.54,52.69,38.43,56.8,21.63,26.03,33.02,25.6,3
21-03-2018 12:17:00,60.2,52.98,37.06,56.5,21.64,26.15,32.84,25.61,3
21-03-2018 12:18:00,61.4,53.51,36.36,56.03,21.62,26.32,32.94,25.59,3
21-03-2018 12:19:00,62.62,54.6,37.06,55.44,22.04,26.13,32.41,25.66,3
21-03-2018 12:20:00,63,55.37,37.26,54.71,21.74,26.05,32.64,25.45,3
21-03-2018 12:21:00,62.53,55.75,37.24,54.71,22.19,25.33,33.29,25.7,3
21-03-2018 12:22:00,61.73,55.58,36.76,55.24,22.41,25.29,33.46,25.7,3
21-03-2018 12:23:00,60.6,54.99,36.79,54.94,22.48,25.5,33.33,25.7,3
21-03-2018 12:24:00,59.81,54.55,36.91,54.65,22.81,26,33.11,25.57,3
21-03-2018 12:25:00,59.37,54.34,37.28,54.47,22.97,25.7,33.09,25.64,3
21-03-2018 12:26:00,58.85,54.1,37.17,54.47,23.26,25.9,33.41,25.46,3
21-03-2018 12:27:00,58.41,53.84,37.35,54.39,23.05,26.01,32.79,25.62,3
21-03-2018 12:28:00,57.92,53.57,37.81,54.26,23.79,26.23,32.92,25.64,3
21-03-2018 12:29:00,57.54,53.39,38.23,54.09,23.41,26.46,32.54,25.68,3
21-03-2018 12:30:00,57.45,53.39,38.72,54.18,23.46,26.41,32.5,25.46,3
21-03-2018 12:31:00,57.28,53.36,39.09,54.24,23.3,26.18,32.63,25.76,3
21-03-2018 12:32:00,57.13,53.3,39.02,54.44,23.56,26.72,32.71,25.57,3
21-03-2018 12:33:00,56.81,53.07,39.01,54.36,23.86,26.02,32.59,25.64,3
21-03-2018 12:34:00,56.46,52.83,39.1,54.24,23.59,26.65,32.73,25.63,3
21-03-2018 12:35:00,56.64,52.98,39.76,54.3,23.53,26.84,32.73,25.61,3
21-03-2018 12:36:00,56.58,52.98,39.47,54.36,23.74,26.45,32.08,25.55,3
21-03-2018 12:37:00,56.46,53.04,40.1,54.47,23.61,26.56,32.12,25.61,3
21-03-2018 12:38:00,56.43,53.07,40.3,54.62,23.81,26.73,32.25,25.73,3
21-03-2018 12:39:00,56.23,52.98,40.51,54.65,23.75,26.26,32.21,25.57,3
21-03-2018 12:40:00,56.08,52.83,40.71,54.53,23.78,26.38,32.2,25.56,3
21-03-2018 12:41:00,56.29,52.89,40.3,54.44,23.83,26.49,32.16,25.53,3
21-03-2018 12:42:00,56.26,52.89,40.44,54.74,23.9,26.53,32.1,25.55,3
21-03-2018 12:43:00,56.19,52.72,39.83,54.88,23.89,26.62,31.96,25.72,3
21-03-2018 12:44:00,55.94,52.56,40.4,54.8,23.77,26.44,32.23,25.67,3
21-03-2018 12:45:00,55.69,52.09,39.97,54.47,23.47,26.77,32.04,25.64,3
21-03-2018 12:46:00,56.1,51.95,39.39,54.44,23.04,26.78,32.12,25.57,3
21-03-2018 12:47:00,56.31,51.8,39.22,54.91,22.89,26.71,31.92,25.64,3
21-03-2018 12:48:00,56.66,51.85,39.39,55.12,22.48,26.22,31.95,25.52,3
21-03-2018 12:49:00,57,52.01,39.42,55.21,22.42,26.23,32.01,25.59,3
21-03-2018 12:50:00,57.24,52.01,38.97,55.04,22.04,26.07,32.34,25.5,3
21-03-2018 12:51:00,58.44,52.36,38.3,54.88,22.05,26.1,32.45,25.57,3
21-03-2018 12:52:00,59.83,53.04,38.04,55.04,22.09,26.43,32.38,25.51,3
21-03-2018 12:53:00,60.96,53.68,38.09,55.12,21.58,26.13,32.59,25.45,3
21-03-2018 12:54:00,61.86,54.37,37.56,54.91,22.08,26.24,32.78,25.48,3
21-03-2018 12:55:00,61.96,54.84,37.44,54.39,21.93,25.83,32.39,25.45,3
21-03-2018 12:56:00,61.61,55.2,37.34,54.39,22.37,26.09,32.83,25.78,3
21-03-2018 12:57:00,60.54,54.9,37.44,54.62,22.57,25.44,32.84,25.58,3
21-03-2018 12:58:00,59.75,54.52,36.99,54.44,22.5,26.12,32.95,25.72,3
21-03-2018 12:59:00,59.06,54.04,36.55,54.3,23.05,25.91,33.09,25.39,3
21-03-2018 13:00:00,58.29,53.49,36.19,53.94,23.16,26.13,33.14,25.75,3
21-03-2018 13:01:00,58,53.31,36.56,53.68,23.39,26.29,33.08,25.61,3
21-03-2018 13:02:00,57.6,53.07,36.29,53.65,23.41,26.36,33.07,25.73,3
21-03-2018 13:03:00,57.28,52.81,36.36,53.53,23.8,26.12,33.05,25.73,3
21-03-2018 13:04:00,56.98,52.69,36.56,53.44,23.51,26.49,32.91,25.62,3
21-03-2018 13:05:00,56.48,52.33,36.34,53.3,23.33,26.31,32.87,25.7,3
21-03-2018 13:06:00,56.31,52.12,36.63,53.12,23.67,26.54,33.03,25.57,3
21-03-2018 13:07:00,56.16,52.04,36.36,53.06,23.38,26.83,33.29,25.68,3
21-03-2018 13:08:00,55.94,51.91,36.53,53.12,23.73,26.38,33.05,25.67,3
21-03-2018 13:09:00,55.73,51.88,36.65,53.12,23.65,26.62,33.12,25.67,3
21-03-2018 13:10:00,55.35,51.59,36.77,52.94,23.94,26.71,32.98,25.62,3
21-03-2018 13:11:00,55.23,51.5,36.99,52.83,23.86,26.51,33.03,25.7,3
21-03-2018 13:12:00,55.26,51.36,36.47,52.88,23.86,26.94,33.21,25.69,3
21-03-2018 13:13:00,55.08,51.24,36.26,52.88,23.85,26.48,33.04,25.67,3
21-03-2018 13:14:00,54.85,51.21,36.55,52.71,23.84,26.89,32.94,25.57,3
21-03-2018 13:15:00,54.55,50.92,36.38,52.44,24.06,26.8,33.43,25.61,3
21-03-2018 13:25:00,54.85,43.55,35.57,49.43,21.79,30.71,33.18,26.65,1
21-03-2018 13:26:00,56.19,43.78,35.79,50.1,21.41,30.57,33.17,26.57,1
21-03-2018 13:27:00,58.39,44.32,35.82,51.14,21.37,30.9,33.45,26.44,1
21-03-2018 13:28:00,60.37,44.49,35.49,51.75,21.26,30.61,33.04,26.54,1
21-03-2018 13:29:00,62.12,45.28,35.98,52.67,21.5,30.77,33.08,26.43,1
21-03-2018 13:30:00,61.68,45.48,36.23,52.88,21.46,30.78,32.87,26.43,1
21-03-2018 13:31:00,58.52,45.03,35.99,51.9,23.19,30.63,33.26,27.16,1
21-03-2018 13:32:00,56.98,44.8,36.37,51.11,23.52,30.73,32.75,27.46,1
21-03-2018 13:33:00,56.08,44.38,35.84,50.4,24.02,31.32,33.04,27.84,1
21-03-2018 13:34:00,55.4,44.44,36.06,50.11,24.46,30.99,33.41,27.94,1
21-03-2018 13:35:00,54.91,43.92,35.55,49.47,24.98,31.25,33.39,28.09,1
21-03-2018 13:36:00,54.23,44.18,36.06,49.4,24.65,31.14,33.22,28.29,1
21-03-2018 13:37:00,53.82,44.03,36.05,49.15,24.87,31.82,33.38,28.49,1
21-03-2018 13:38:00,53.32,44.04,36.53,48.84,24.89,31.64,33,28.73,1
21-03-2018 13:39:00,53,43.7,35.99,48.53,25.5,32.02,33.27,28.81,1
21-03-2018 13:40:00,52.7,43.76,36.14,48.32,25.58,31.92,33.29,28.85,1
21-03-2018 13:41:00,52.4,43.56,35.91,48.02,25.78,31.07,32.9,28.89,1
21-03-2018 13:42:00,52.14,43.59,36.18,47.97,25.64,31.77,32.86,29.08,1
21-03-2018 13:43:00,52.07,43.58,36.08,47.87,25.56,31.88,33.29,29.32,1
21-03-2018 13:44:00,51.75,43.26,35.6,47.56,25.86,32.1,33.75,29.14,1
21-03-2018 13:45:00,51.69,43.37,36.04,47.6,26.09,31.89,33.58,29.34,1
21-03-2018 13:46:00,51.4,43.13,35.64,47.26,25.85,31.77,33.41,29.64,1
21-03-2018 13:47:00,51.25,43.1,35.78,47.22,26.41,31.77,33.42,29.27,1
21-03-2018 13:48:00,51.28,43.13,35.69,47.15,26.38,32.06,33.3,29.4,1
21-03-2018 13:49:00,51.11,43.19,36.03,47.15,26.37,31.61,33.43,29.24,1
21-03-2018 13:50:00,50.97,43.26,36.17,47.24,26.3,32.31,33.74,29.4,1
21-03-2018 13:51:00,50.9,42.93,35.63,47.03,25.99,32.2,34.24,29.84,1
21-03-2018 13:52:00,50.63,42.77,35.58,46.76,26.41,32.74,33.51,29.73,1
21-03-2018 13:53:00,50.46,42.74,35.74,46.6,26.53,31.63,33.31,29.78,1
21-03-2018 13:54:00,50.49,42.87,35.65,46.76,26.49,32.53,33.77,29.63,1
21-03-2018 13:55:00,50.42,42.76,35.5,46.66,26.52,32.08,33.9,30.01,1
21-03-2018 13:56:00,49.98,42.74,35.83,46.42,26.45,32.48,33.73,29.83,1
21-03-2018 13:57:00,50.19,42.77,35.79,46.54,26.91,32.08,33.88,29.88,1
21-03-2018 13:58:00,50.05,42.53,35.21,46.31,26.94,31.96,33.96,29.81,1
21-03-2018 13:59:00,49.82,42.63,35.73,46.25,26.64,32.52,33.7,29.74,1
21-03-2018 14:05:00,50.29,41.68,35.46,42.47,24.7,33.68,33.61,32.63,5
21-03-2018 14:06:00,50.14,41.24,34.7,42,24.75,34.27,33.78,32.98,5
21-03-2018 14:07:00,49.91,41.49,35.36,41.94,24.4,34.42,33.88,33.05,5
21-03-2018 14:08:00,49.85,40.62,34.41,41.58,23.78,33.93,33.84,33.14,5
21-03-2018 14:09:00,49.86,40.6,35.16,41.33,23.66,33.84,33.28,32.66,5
21-03-2018 14:10:00,50.86,40.7,34.91,41.54,23.59,33.7,33.38,32.59,5
21-03-2018 14:11:00,52.8,40.8,34.91,41.71,23.51,33.52,33.62,32.85,5
21-03-2018 14:12:00,55.14,40.53,34.6,41.68,23.06,33.46,33.43,32.47,5
21-03-2018 14:13:00,54.3,41,35.05,41.95,23.23,33.93,33.55,32.61,5
21-03-2018 14:14:00,52.65,40.87,34.91,41.58,24.57,33.69,33.36,32.7,5
21-03-2018 14:15:00,51.88,41.18,35.21,41.8,25.51,33.93,33.63,32.89,5
21-03-2018 14:16:00,51.24,40.8,34.98,41.56,25.79,33.4,33.68,32.88,5
21-03-2018 14:17:00,50.59,41,35.08,41.56,26.31,33.58,33.66,33.01,5
21-03-2018 14:18:00,50.05,41.04,35.05,41.62,26.69,34.01,33.58,32.9,5
21-03-2018 14:19:00,49.56,40.94,34.88,41.49,26.93,33.66,33.66,32.93,5
21-03-2018 14:20:00,48.99,41,35.02,41.52,27.27,33.61,33.79,32.93,5
21-03-2018 14:21:00,48.93,41.31,35.11,41.61,27.28,33.85,34.12,33.27,5
21-03-2018 14:22:00,48.39,41.24,35.24,41.51,27.6,33.84,33.73,33.23,5
21-03-2018 14:23:00,48.21,41.14,35.21,41.56,27.61,34.12,33.6,33.31,5
21-03-2018 14:24:00,47.6,40.84,34.7,41.2,27.84,33.82,33.78,33.41,5
21-03-2018 14:25:00,47.12,40.91,34.98,41.16,28.14,33.84,33.81,33.3,5
21-03-2018 14:26:00,47.12,41.24,35.4,41.4,28.46,33.64,33.4,33.36,5
21-03-2018 14:27:00,47.14,41.38,35.34,41.56,28.73,34.08,33.73,33.32,5
21-03-2018 14:28:00,46.67,41.24,35.32,41.33,28.6,34.12,33.9,33.46,5
21-03-2018 14:29:00,46.58,41.38,35.46,41.46,29.15,33.48,33.58,33.3,5
21-03-2018 14:30:00,46.65,41.63,35.74,41.63,28.81,33.68,33.71,33.31,5
21-03-2018 14:31:00,46.47,41.56,35.86,41.61,28.94,33.49,33.19,33.26,5
21-03-2018 14:32:00,46.2,41.66,35.89,41.61,29.29,33.6,33.03,33.27,5
21-03-2018 14:33:00,46.2,41.88,36.08,41.74,29.28,33.36,33.14,33.31,5
21-03-2018 14:34:00,46.3,41.98,36.06,41.78,29.1,33.22,33.38,33.33,5
21-03-2018 14:35:00,46.36,42.15,36.34,41.98,29.15,33.59,33.02,33.07,5
21-03-2018 14:36:00,46.84,42.22,36.3,42.12,28.2,33.24,33.28,33.09,5
21-03-2018 14:37:00,46.94,42.39,36.63,42.23,27.16,33.51,32.87,32.99,5
21-03-2018 14:38:00,47.23,42.36,36.49,42.18,26.63,33.54,33.26,32.94,5
21-03-2018 14:39:00,47.62,42.22,36.35,42.11,26.2,33.64,33.23,32.95,5
21-03-2018 14:40:00,48.14,42.37,36.71,42.31,25.92,33.35,32.61,32.77,5
21-03-2018 14:41:00,48.76,42.26,36.64,42.39,25.35,32.89,32.67,32.54,5
21-03-2018 14:42:00,49.34,42.37,36.67,42.47,25.13,33.61,32.79,32.48,5
21-03-2018 14:43:00,49.85,42.5,36.67,42.61,24.59,33.23,33.16,32.58,5
21-03-2018 14:44:00,50.81,42.79,37.08,42.84,24.21,33.17,32.83,32.51,5
21-03-2018 14:45:00,52.43,42.81,36.86,43.05,23.93,33.19,32.89,32.61,5
21-03-2018 14:46:00,54.2,42.68,36.66,43.12,23.93,33.31,32.96,32.44,5
21-03-2018 14:47:00,53.03,42.57,36.63,42.95,24.83,33.15,33.02,32.63,5
21-03-2018 14:48:00,52.37,42.23,36.35,42.74,25.55,33.28,32.9,32.36,5
21-03-2018 14:49:00,51.31,42.03,36.02,42.54,26.16,33.23,32.74,32.42,5
21-03-2018 14:50:00,50.17,42.14,36.4,42.44,26.41,33.01,32.77,32.44,5
21-03-2018 14:51:00,50.33,42.45,36.64,42.68,27.1,33.25,32.78,32.45,5
21-03-2018 14:52:00,49.68,42.38,36.67,42.54,27.11,33.01,32.72,32.53,5
21-03-2018 14:53:00,49.24,42.45,36.66,42.61,27.21,33.47,32.67,32.46,5
21-03-2018 14:54:00,48.95,42.58,36.85,42.68,27.43,32.77,32.66,32.44,5
21-03-2018 14:55:00,49.35,43.35,37.75,43.32,27.78,32.87,32.58,32.64,5
21-03-2018 14:56:00,49.01,42.7,37.08,42.84,28.2,33.36,32.47,32.62,5
21-03-2018 14:57:00,48.37,42.93,37.17,42.91,28.07,32.68,32.73,32.44,5
21-03-2018 14:58:00,48.39,42.97,37.06,42.88,28.02,33.26,32.83,32.57,5
21-03-2018 14:59:00,48.02,43.03,37.27,42.95,28.35,32.78,32.92,32.55,5
21-03-2018 15:00:00,48.24,43.28,37.28,43.1,28.36,33.19,33.01,32.72,5
21-03-2018 15:01:00,48.21,43.24,37.35,43.04,28.56,32.98,32.59,32.7,5
21-03-2018 15:02:00,48.18,43.19,37.27,43.07,28.58,33.53,33.07,32.89,5
21-03-2018 15:03:00,48.1,43.67,37.41,43.26,28.47,33.38,33.01,32.94,5
21-03-2018 15:04:00,47.6,42.81,36.76,42.65,29.39,33.72,33.3,32.84,5
21-03-2018 15:05:00,47.12,42.81,36.86,42.65,28.44,32.59,33.19,32.92,5
21-03-2018 15:06:00,47.08,42.76,36.69,42.58,28.86,33.51,33.21,32.93,5
21-03-2018 15:07:00,47.25,42.54,36.46,42.37,28.37,33.33,33.17,32.86,5
21-03-2018 15:08:00,46.64,42.54,36.49,42.28,27.25,32.96,33.11,32.78,5
21-03-2018 15:09:00,46.25,42.47,36.43,42.28,26.92,33.57,33.08,32.82,5
21-03-2018 15:10:00,46.11,42.54,36.71,42.25,26.4,33.3,33.23,32.88,5
21-03-2018 15:11:00,46.06,42.47,36.71,42.23,25.62,33.41,33.07,32.63,5
21-03-2018 15:12:00,46.22,42.77,36.95,42.46,25.28,33.3,32.95,32.68,5
21-03-2018 15:13:00,46.33,42.93,37.25,42.54,24.93,33.32,32.79,32.69,5
21-03-2018 15:14:00,46.72,42.79,37.06,42.51,24.39,32.87,32.88,32.44,5
21-03-2018 15:15:00,48.31,42.72,37.03,42.58,24.49,33.01,32.72,32.25,5
21-03-2018 15:16:00,50.85,42.86,37.16,42.96,23.83,32.75,32.61,32.56,5
21-03-2018 15:17:00,52.94,43.26,37.67,43.48,23.41,32.86,32.83,32.06,5
21-03-2018 15:18:00,53.52,43.07,37.28,43.42,24.9,32.96,32.55,32.04,5
21-03-2018 15:19:00,52.41,43.28,37.62,43.45,25.68,32.96,32.45,32.17,5
21-03-2018 15:20:00,52.05,43.45,37.64,43.65,26.11,33.01,32.51,32.21,5
21-03-2018 15:21:00,51.75,43.48,37.62,43.64,26.34,32.78,32.75,32.28,5
21-03-2018 15:22:00,51.16,43.48,37.69,43.61,26.59,32.94,32.5,32.33,5
21-03-2018 15:23:00,51.16,43.71,37.78,43.71,27,32.83,32.81,32.37,5
21-03-2018 15:24:00,50.62,43.75,37.78,43.66,27.31,32.93,32.88,32.4,5
21-03-2018 15:25:00,50.3,43.68,37.72,43.66,27.05,33,32.7,32.64,5
21-03-2018 15:26:00,50.06,43.67,37.69,43.63,27.42,33.26,32.69,32.47,5
21-03-2018 15:27:00,49.72,43.78,37.9,43.66,27.85,32.8,32.79,32.41,5
21-03-2018 15:28:00,49.89,43.87,37.79,43.72,27.95,33.49,32.91,32.68,5
21-03-2018 15:29:00,49.64,44.04,37.76,43.74,28.43,33.37,33.29,32.92,5
21-03-2018 15:30:00,49.33,43.73,37.46,43.4,28.09,33.4,33.3,32.98,5
21-03-2018 15:31:00,48.55,43.15,37.14,43.06,28.2,33.52,32.94,32.84,5
21-03-2018 15:44:00,51.85,44.36,38.27,47.33,24.42,31.49,28.75,32.65,1
21-03-2018 15:45:00,53.04,44.38,38.09,47.93,23.38,31.24,28.37,32.91,1
21-03-2018 15:46:00,54.06,44.38,37.72,48.46,22.88,30.56,27.78,32.53,1
21-03-2018 15:47:00,55.08,44.49,37.72,49.08,22.31,31.23,27.38,32.54,1
21-03-2018 15:48:00,55.81,44.87,37.85,49.77,21.97,30.45,27.12,32.49,1
21-03-2018 15:49:00,56.86,45.18,38.08,50.51,21.72,30.68,27.03,32.74,1
21-03-2018 15:50:00,58.81,45.65,38.15,51.52,21.52,30.42,26.81,32.7,1
21-03-2018 15:51:00,60.55,46.31,38.66,52.55,21.52,30.14,26.73,32.88,1
21-03-2018 15:52:00,53.46,44.43,37.98,44.67,26.02,32.87,32.13,33.18,5
21-03-2018 15:53:00,52.72,44.16,38.04,44.32,26.32,33.04,32.38,32.75,5
21-03-2018 15:54:00,52.55,44.16,37.86,44.42,26.83,32.59,32.3,33,5
21-03-2018 15:55:00,51.89,44.22,37.98,44.27,26.81,33.84,32.49,33.09,5
21-03-2018 15:56:00,51.69,43.98,37.75,44.03,27.16,33.33,32.49,32.98,5
21-03-2018 15:57:00,51.12,43.71,37.69,43.84,27.55,33.43,32.52,33.11,5
21-03-2018 15:58:00,50.7,43.77,37.69,43.84,27.22,32.7,32.51,32.97,5
21-03-2018 15:59:00,50.66,43.94,37.88,43.89,27.87,32.92,32.75,32.98,5
21-03-2018 16:00:00,50.39,43.87,37.79,43.79,27.93,33.35,32.78,33.09,5
21-03-2018 16:01:00,49.98,43.98,37.85,43.72,27.99,33.32,32.76,33.08,5
21-03-2018 16:02:00,49.95,44.25,38.26,44.01,28.07,32.98,32.96,32.75,5
21-03-2018 16:03:00,49.97,44.38,38.41,44.13,28.3,32.87,32.73,33.03,5
21-03-2018 16:04:00,49.93,44.59,38.65,44.26,28.51,32.93,32.9,32.59,5
21-03-2018 16:05:00,49.23,44.77,38.97,44.36,27.98,33.02,32.77,32.68,5
21-03-2018 16:06:00,48.21,44.64,38.73,44.14,27.23,32.94,32.42,32.78,5
21-03-2018 16:07:00,47.83,44.7,38.79,44.17,26.54,33.15,32.47,32.5,5
21-03-2018 16:08:00,47.91,44.94,39.15,44.34,25.92,32.95,32.29,32.58,5
21-03-2018 16:09:00,47.93,45.18,39.49,44.52,25.45,32.46,32.41,32.7,5
21-03-2018 16:10:00,48.24,45.25,39.52,44.59,24.83,33,32.16,32.61,5
21-03-2018 16:11:00,48.53,45.28,39.37,44.55,24.71,32.74,32.16,32.5,5
21-03-2018 16:12:00,49.11,45.21,39.34,44.57,24.13,32.86,32.16,32.71,5
21-03-2018 16:13:00,51.06,45.14,39.39,44.8,23.95,32.62,32.21,32.4,5
21-03-2018 16:14:00,53.2,45.07,39.28,44.95,23.64,32.97,31.99,32.25,5
21-03-2018 16:15:00,55.49,44.77,38.91,44.99,23.49,32.65,32.04,32.56,5
21-03-2018 16:16:00,55.41,44.77,39.01,44.95,24.84,32.85,32.25,32.66,5
21-03-2018 16:17:00,54.76,44.9,39.11,44.97,25.34,32.83,32.12,32.54,5
21-03-2018 16:18:00,54.2,44.81,39.13,45.01,25.83,33.05,32.11,32.5,5
21-03-2018 16:19:00,53.34,44.85,39.13,44.92,26.04,32.67,31.93,32.27,5
21-03-2018 16:20:00,53.07,44.95,39.15,45.04,26.56,33.13,32.19,32.5,5
21-03-2018 16:21:00,52.69,45.09,39.18,44.97,26.87,32.58,32.09,32.69,5
21-03-2018 16:22:00,52.33,45.16,39.35,44.99,27.15,33.17,32.1,32.35,5
21-03-2018 16:23:00,52.04,45.28,39.39,44.96,27.3,32.77,32.41,32.55,5
21-03-2018 16:24:00,51.91,45.42,39.61,45.17,27.44,32.63,32.34,32.53,5
21-03-2018 16:25:00,51.71,45.46,39.74,45.23,27.3,33.01,32.33,32.23,5
21-03-2018 16:26:00,51.41,45.28,39.13,44.99,27.67,32.58,32.34,32.28,5
21-03-2018 16:27:00,50.95,45.35,39.5,44.99,28.06,32.98,32.35,32.28,5
21-03-2018 16:28:00,50.79,45.49,39.61,44.96,28.1,32.77,32.38,32.21,5
21-03-2018 16:29:00,50.74,45.59,39.81,45.1,28.11,32.7,32.37,32.34,5
21-03-2018 16:30:00,50.47,45.51,39.74,45.06,28.04,32.61,32.09,32.25,5
21-03-2018 16:31:00,50.4,45.54,39.74,45.13,28.24,32.54,32.34,32.2,5
21-03-2018 16:32:00,49.92,45.13,39.3,44.83,28.52,32.5,32.22,32.39,5
21-03-2018 16:33:00,49.49,44.89,38.98,44.58,28.66,32.53,32.39,32.52,5
21-03-2018 16:34:00,49.37,45.05,39.01,44.54,28.62,32.71,32.54,32.51,5
21-03-2018 16:35:00,49.14,44.71,38.71,44.24,28.69,32.81,32.52,32.46,5
21-03-2018 16:36:00,49.07,44.98,39.08,44.45,28.62,32.89,32.54,32.53,5
21-03-2018 16:37:00,49.06,44.88,38.98,44.45,28.78,32.64,32.52,32.52,5
21-03-2018 16:38:00,0,44.91,39.1,44.38,28.03,33.21,32.53,32.48,5
21-03-2018 16:39:00,48.15,44.74,38.85,44.24,27.17,32.78,32.36,32.35,5
21-03-2018 16:40:00,48.12,44.51,38.64,43.98,26.43,33.38,32.54,32.5,5
21-03-2018 16:41:00,48.13,44.61,38.72,44.05,26.18,32.79,32.37,32.46,5
21-03-2018 16:42:00,48.31,44.31,38.52,43.89,25.87,32.71,32.05,32.55,5
21-03-2018 16:43:00,48.53,44.27,38.49,43.92,25.27,32.56,32.22,32.57,5
21-03-2018 16:44:00,48.78,44.03,38.23,43.75,24.66,32.96,32.14,32.47,5
21-03-2018 16:45:00,49.09,44.2,38.45,43.85,24.59,32.75,32.2,32.48,5
21-03-2018 16:46:00,50.41,44.24,38.52,44.03,24.25,32.7,31.98,32.22,5
21-03-2018 16:47:00,52.59,44.54,38.75,44.44,24.03,32.56,32.05,32.23,5
21-03-2018 16:48:00,54.59,44.59,38.72,44.78,23.48,32.81,31.91,32.3,5
21-03-2018 16:49:00,54.79,44.58,38.72,44.85,24.73,32.77,31.99,32.33,5
21-03-2018 16:50:00,54.14,44.72,39.06,44.88,25.38,32.51,31.99,32.08,5
21-03-2018 16:51:00,53.61,44.79,39.06,44.88,25.77,32.53,31.99,32.11,5
21-03-2018 16:52:00,53.02,44.86,39.17,44.92,26.09,32.8,32.19,32.32,5
21-03-2018 16:53:00,52.55,44.83,39.03,44.92,26.36,32.76,32.11,32.17,5
21-03-2018 16:54:00,52.16,44.86,39.14,44.85,26.7,32.48,32.05,32.16,5
21-03-2018 16:55:00,51.92,44.93,39.1,44.88,27.02,32.04,32.12,32.23,5
21-03-2018 16:56:00,51.44,44.93,39.17,44.78,27.34,32.6,32.06,32.09,5
21-03-2018 16:57:00,51.14,45.03,39.17,44.81,27.58,32.84,32.02,32.14,5
21-03-2018 16:58:00,50.9,44.96,39.17,44.83,27.72,32.95,32.12,32.29,5
21-03-2018 16:59:00,50.69,44.83,39.03,44.67,27.89,32.56,32.18,32.29,5
21-03-2018 17:00:00,50.31,44.79,39.04,44.6,28,32.59,32.23,32.26,5
21-03-2018 17:01:00,50.05,44.86,38.91,44.53,27.86,32.53,32.16,32.35,5
21-03-2018 17:02:00,49.7,44.79,38.87,44.36,27.99,32.24,32.21,32.26,5
21-03-2018 17:03:00,49.15,44.77,39.12,44.29,28.34,32.02,32.09,31.96,5
21-03-2018 17:04:00,49.19,44.7,38.92,44.39,28.24,32.04,32.11,32.21,5
21-03-2018 17:05:00,49.08,44.77,38.94,44.39,28.53,32.12,32.3,31.98,5
21-03-2018 17:06:00,48.99,44.87,39.12,44.43,28.32,32.16,32.18,31.95,5
21-03-2018 17:07:00,48.85,44.74,38.98,44.33,28.53,32.39,32.09,32.1,5
21-03-2018 17:08:00,48.47,44.63,38.73,44.16,28.57,32.11,32.17,32.12,5
21-03-2018 17:09:00,48.33,44.67,38.88,44.22,28.45,32.44,32.14,31.99,5
21-03-2018 17:10:00,48.44,44.8,38.98,44.33,28.85,32.22,32.06,31.78,5
21-03-2018 17:11:00,47.71,44.8,39.09,44.27,27.36,32.3,32.16,31.84,5
21-03-2018 17:12:00,47.27,44.8,38.92,44.13,26.98,32.68,31.93,32.13,5
21-03-2018 17:13:00,47.12,44.6,38.73,43.96,26.46,32.76,32.05,32.27,5
21-03-2018 17:14:00,47.25,44.74,38.98,44,26.17,32.35,32.04,31.85,5
21-03-2018 17:15:00,47.56,44.7,38.95,44.13,25.22,32.03,31.91,32.06,5
21-03-2018 17:16:00,47.98,44.77,39.09,44.25,24.7,32.41,31.65,32.09,5
21-03-2018 17:17:00,54.11,51.74,39.44,45.17,25.13,26.71,31.68,31.78,2
21-03-2018 17:18:00,53.11,51.2,39.4,45.09,25.47,27.27,31.63,32.04,2
21-03-2018 17:19:00,52.55,50.78,39.54,45.13,26.27,27.69,31.64,31.94,2
21-03-2018 17:20:00,51.81,50.16,39.44,44.99,26.56,27.87,31.71,32.05,2
21-03-2018 17:21:00,51.48,49.82,39.44,44.99,26.57,28.14,31.67,31.77,2
21-03-2018 17:22:00,51.02,49.44,39.51,44.99,26.48,28.74,31.78,31.79,2
21-03-2018 17:23:00,50.84,49.3,39.68,45.06,27.01,28.64,31.81,32.01,2
21-03-2018 17:24:00,50.54,49.09,39.78,45.09,26.72,28.85,31.71,31.92,2
21-03-2018 17:25:00,50.1,48.71,39.47,44.79,27.23,28.49,31.85,31.79,2
21-03-2018 17:26:00,49.89,48.44,39.44,44.69,27.19,28.92,31.68,31.99,2
21-03-2018 17:27:00,49.92,48.5,39.71,44.93,27.3,28.96,31.83,31.67,2
21-03-2018 17:28:00,49.82,48.5,39.68,44.96,27.41,28.91,31.86,31.71,2
21-03-2018 17:29:00,49.79,48.4,39.9,45.09,27.69,29.23,31.89,31.76,2
21-03-2018 17:30:00,49.75,48.42,39.91,45.09,27.39,28.74,31.98,31.79,2
21-03-2018 17:31:00,49.58,48.22,39.68,44.92,27.56,28.98,31.84,32.12,2
21-03-2018 17:32:00,49.34,48.02,39.49,44.76,27.58,28.93,31.96,31.8,2
21-03-2018 17:33:00,49.55,48.15,39.76,44.99,27.29,29.02,31.73,31.69,2
21-03-2018 17:34:00,49.27,47.99,39.79,44.96,27.63,29.4,31.76,31.65,2
21-03-2018 17:35:00,49.34,48.02,39.86,45.03,27.66,29.37,31.54,31.77,2
21-03-2018 17:36:00,49.34,48.01,39.93,45.09,27.44,29.11,31.83,31.82,2
21-03-2018 17:37:00,49.27,47.98,40,45.06,27.39,29.41,32.04,31.7,2
21-03-2018 17:38:00,49.37,48.01,40.1,45.16,27.96,29.3,31.83,31.71,2
21-03-2018 17:39:00,49.34,48.05,40.1,45.3,27.78,29.3,31.58,31.56,2
21-03-2018 17:40:00,49.27,48.05,40.07,45.19,27.77,29.56,31.73,31.7,2
21-03-2018 17:41:00,49.11,47.88,39.84,44.96,27.81,29.38,31.85,31.81,2
21-03-2018 17:42:00,48.9,47.64,39.74,44.86,27.48,29.33,31.64,31.6,2
21-03-2018 17:43:00,48.9,47.6,39.7,44.79,27.63,28.97,31.65,31.52,2
21-03-2018 17:44:00,48.9,47.67,40.07,45.04,27.67,29.33,31.68,31.25,2
21-03-2018 17:45:00,48.9,47.64,39.77,44.96,27.71,29.51,31.56,31.44,2
21-03-2018 17:46:00,48.87,47.6,39.81,44.93,27.69,29.52,31.6,31.67,2
21-03-2018 17:47:00,48.9,47.6,39.97,45.03,27.95,29.28,31.77,31.42,2
21-03-2018 17:48:00,48.9,47.6,39.74,44.93,27.73,29.3,31.65,31.53,2
21-03-2018 17:49:00,48.73,47.57,39.88,44.97,27.72,29.58,31.64,31.36,2
21-03-2018 17:50:00,48.87,47.64,40.12,45.11,27.67,29.18,31.53,31.58,2
21-03-2018 17:51:00,48.83,47.67,40.26,45.21,27.92,29.29,31.44,31.21,2
21-03-2018 17:52:00,48.8,47.64,40.19,45.21,27.79,29.06,31.52,31.3,2
21-03-2018 17:53:00,48.7,47.5,39.98,45.07,27.82,29.25,31.31,31.51,2
21-03-2018 17:54:00,48.76,47.57,40.26,45.21,27.76,29.07,31.63,31.37,2
21-03-2018 17:55:00,48.97,47.71,40.51,45.42,27.67,29.28,31.32,31.2,2
21-03-2018 17:56:00,48.9,47.77,40.54,45.45,27.8,29.05,31.26,31.26,2
21-03-2018 17:57:00,49.04,47.81,40.61,45.56,27.91,29.49,31.45,31.07,2
21-03-2018 17:58:00,49,47.75,40.64,45.56,28,28.85,31.28,31.12,2
21-03-2018 17:59:00,48.67,47.41,40.68,45.52,27.53,29.17,31.37,31.11,2
21-03-2018 18:00:00,49.65,47.77,40.58,45.43,26.35,28.74,31.23,31.07,2
21-03-2018 18:01:00,50.49,48.21,40.72,45.64,25.45,27.46,31.03,31.05,2
21-03-2018 18:02:00,51.36,48.85,40.83,45.71,24.41,26.84,30.84,30.93,2
21-03-2018 18:03:00,52.13,49.4,40.59,45.62,23.64,26.35,30.67,31.18,2
21-03-2018 18:04:00,52.89,49.94,40.29,45.56,23,26.04,30.78,30.94,2
21-03-2018 18:05:00,53.56,50.52,40.29,45.6,22.73,25.91,30.5,30.89,2
21-03-2018 18:06:00,54.36,51.23,40.84,46.08,22.23,25.18,30.46,31.02,2
21-03-2018 18:07:00,55.14,51.73,40.91,46.31,21.88,24.96,30.42,30.95,2
21-03-2018 18:08:00,57.44,53.35,41,46.6,21.12,24.46,30.54,30.67,2
21-03-2018 18:09:00,59.91,55.2,40.94,46.83,21.33,24.6,30.39,30.74,2
21-03-2018 18:10:00,61.65,56.58,40.84,47.03,21.47,24.5,30.17,31.01,2
21-03-2018 18:11:00,63.46,57.93,40.67,47.03,21.49,24.46,30.25,30.99,2
21-03-2018 18:12:00,60.51,57.31,41.08,47.25,22.69,24.34,30.09,30.67,2
21-03-2018 18:13:00,57.22,55.1,41.05,47.18,24.14,25.77,30.12,30.77,2
21-03-2018 18:14:00,55.7,53.9,40.95,46.97,24.67,26.17,30.23,30.61,2
21-03-2018 18:15:00,54.64,52.94,40.98,46.83,25.22,27.07,30.49,30.59,2
21-03-2018 18:16:00,53.88,52.29,41.05,46.72,25.83,27.14,30.72,30.69,2
21-03-2018 18:17:00,52.96,51.55,40.81,46.44,25.83,27.57,30.79,30.98,2
21-03-2018 18:18:00,52.49,51.17,40.88,46.31,26.21,27.5,30.89,30.66,2
21-03-2018 18:19:00,52.25,50.9,41.12,46.47,26.33,27.86,30.83,30.52,2
21-03-2018 18:20:00,51.51,47.24,41.33,48.85,26.67,30.25,28.91,30.5,1
21-03-2018 18:21:00,51.51,47.1,41.33,48.92,26.78,29.96,28.92,30.43,1
21-03-2018 18:22:00,51.48,47.09,41.33,48.95,26.64,30.26,29,30.45,1
21-03-2018 18:23:00,51.42,46.93,41.33,48.92,26.44,30.08,29.19,30.55,1
21-03-2018 18:24:00,51.51,46.79,41.16,48.86,26.29,29.96,28.67,30.48,1
21-03-2018 18:25:00,51.6,47.02,41.57,49.06,26.5,30.02,28.82,30.49,1
21-03-2018 18:26:00,51.57,47.06,41.62,49.16,26.07,30.19,28.7,30.3,1
21-03-2018 18:27:00,51.54,46.96,41.43,49.1,26.32,29.71,28.79,30.62,1
21-03-2018 18:28:00,51.51,47.05,41.67,49.14,26.19,30.17,28.78,30.39,1
21-03-2018 18:29:00,51.48,46.89,41.54,49.07,26.21,30.09,28.86,30.35,1
21-03-2018 18:30:00,51.46,46.83,41.47,49,26.33,30.02,28.86,30.43,1
21-03-2018 18:31:00,51.51,46.99,41.52,49.14,26.57,30.36,28.85,30.14,1
21-03-2018 18:32:00,51.6,47.09,41.79,49.27,26.07,30.2,28.93,30.48,1
21-03-2018 18:33:00,51.63,47.05,41.75,49.27,26.17,30.13,28.84,30.35,1
21-03-2018 18:34:00,51.51,47.02,41.81,49.2,26.29,29.97,28.74,30.42,1
21-03-2018 18:35:00,51.43,46.89,41.67,49.1,26.5,30.53,28.81,30.8,1
21-03-2018 18:36:00,51.57,47.09,41.85,49.27,26.5,30.49,28.66,30.2,1
21-03-2018 18:37:00,51.63,47.13,41.96,49.34,26.26,29.81,28.73,30.24,1
21-03-2018 18:38:00,51.69,47.22,42.09,49.4,26.44,30.15,28.75,30.4,1
21-03-2018 18:39:00,51.82,47.13,42.16,49.4,25.86,30.08,28.59,30.38,1
21-03-2018 18:40:00,52.58,47.1,42.03,49.59,25.17,29.72,28.31,30.25,1
21-03-2018 18:41:00,52.91,47.25,42.36,49.91,24.43,29.92,27.96,30.03,1
21-03-2018 18:42:00,-6,47.3,42.36,50.22,23.57,29.54,27.47,30.31,1
21-03-2018 18:43:00,53.42,47.3,42.43,50.4,23.03,29.55,27.22,30.37,1
21-03-2018 18:44:00,53.53,47.31,42.5,50.62,22.56,29.17,26.74,30.3,1
21-03-2018 18:45:00,53.86,47.38,42.67,50.87,21.71,29.11,26.58,30.24,1
21-03-2018 18:46:00,54.18,47.49,42.77,51.17,21.77,28.53,26.25,30.37,1
21-03-2018 18:47:00,55.93,48.01,42.91,51.95,21.33,28.83,25.99,30.02,1
21-03-2018 18:48:00,58.51,48.75,42.9,53.18,21.41,28.62,25.82,30.4,1
21-03-2018 18:49:00,60.54,49.25,42.84,54.18,21.14,29.29,25.69,30.48,1
21-03-2018 18:50:00,62.08,49.45,42.32,54.83,21.03,28.37,25.7,30.45,1
21-03-2018 18:51:00,62,49.56,42.03,54.97,21.79,28.59,25.63,30.51,1
21-03-2018 18:52:00,59.78,49.44,42.09,54.33,22.98,28.72,26.19,30.27,1
21-03-2018 18:53:00,58.53,49.2,42.09,53.74,23.39,29.37,26.61,30.32,1
21-03-2018 18:54:00,57.8,48.82,41.82,53.2,23.67,29.16,26.93,30.44,1
21-03-2018 18:55:00,57.07,48.62,41.68,52.82,24.15,29.18,27.19,30.38,1
21-03-2018 18:56:00,56.26,48.28,41.52,52.28,24.14,29.55,27.32,30.43,1
21-03-2018 18:57:00,55.49,47.97,41.49,51.83,24.59,29.39,27.55,30.26,1
21-03-2018 18:58:00,55.11,47.83,41.35,51.51,24.81,29.6,27.71,30.38,1
21-03-2018 18:59:00,54.87,48.03,41.79,51.47,24.69,29.96,27.53,30.31,1
21-03-2018 19:00:00,54.49,47.96,41.97,51.3,24.94,29.32,27.8,30.12,1
21-03-2018 19:01:00,54.14,47.83,41.85,51.05,25.22,29.81,27.73,30.42,1
21-03-2018 19:02:00,53.91,47.7,41.79,50.85,25.32,29.77,27.9,30.21,1
21-03-2018 19:03:00,53.49,47.41,41.52,50.48,25.62,29.71,27.96,30.35,1
21-03-2018 19:04:00,53.29,47.25,41.38,50.27,25.66,29.73,28.27,30.43,1
21-03-2018 19:05:00,53.17,47.31,41.45,50.27,25.55,29.66,28.3,30.22,1
21-03-2018 19:06:00,53.08,47.31,41.52,50.24,25.59,29.85,27.98,30.35,1
21-03-2018 19:07:00,52.96,47.34,41.75,50.17,25.61,30.16,28.32,30.44,1
21-03-2018 19:08:00,52.82,47.25,41.68,50.04,25.65,30.1,28.36,30.45,1
21-03-2018 19:09:00,52.64,47.21,41.79,49.93,25.53,29.66,28.27,30.29,1
21-03-2018 19:10:00,52.69,47.38,42,49.99,25.88,29.44,28.22,30.28,1
21-03-2018 19:11:00,52.72,47.58,42.3,50.16,25.74,29.4,28.3,30.18,1
21-03-2018 19:12:00,52.69,47.65,42.44,50.16,26.01,30.17,28.45,30.21,1
21-03-2018 19:13:00,53.43,51.34,46.89,49.31,25.91,28.19,27.15,27.42,6
21-03-2018 19:14:00,53.46,51.31,46.83,49.37,25.93,28.12,27.13,27.42,6
21-03-2018 19:15:00,53.46,51.22,46.83,49.4,25.91,28.1,27.12,27.4,6
21-03-2018 19:16:00,53.49,51.15,46.76,49.38,25.9,28.07,27.1,27.36,6
21-03-2018 19:17:00,53.52,51.12,46.67,49.48,25.9,28.04,27.09,27.32,6
21-03-2018 19:18:00,53.55,51.05,46.67,49.55,25.92,28.04,27.07,27.32,6
21-03-2018 19:19:00,53.61,50.98,46.7,49.65,25.92,28.03,27.04,27.31,6
21-03-2018 19:20:00,53.61,50.98,46.76,49.72,25.91,28,27.05,27.29,6
21-03-2018 19:21:00,53.64,50.95,46.77,49.75,25.91,27.99,27,27.26,6
21-03-2018 19:22:00,53.67,50.95,46.88,49.82,25.92,27.98,26.99,27.26,6
21-03-2018 19:23:00,53.67,50.96,46.91,49.89,25.89,27.94,26.98,27.24,6
21-03-2018 19:24:00,53.67,50.96,47.01,49.95,25.87,27.91,26.95,27.2,6
21-03-2018 19:25:00,53.7,50.99,47.11,49.99,25.87,27.91,26.95,27.22,6
21-03-2018 19:26:00,53.73,50.99,47.18,50.06,25.87,27.88,26.92,27.19,6
21-03-2018 19:27:00,53.73,51.03,47.21,50.13,25.9,27.89,26.91,27.19,6
21-03-2018 19:28:00,53.73,51.06,47.28,50.16,25.85,27.81,26.89,27.14,6
21-03-2018 19:29:00,53.73,51.09,47.34,50.23,25.85,27.82,26.88,27.16,6
21-03-2018 19:30:00,53.73,51.13,47.41,50.33,25.84,27.79,26.86,27.13,6
21-03-2018 19:31:00,53.73,51.16,47.48,50.4,25.86,27.78,26.85,27.13,6
21-03-2018 19:32:00,53.73,51.2,47.52,50.43,25.83,27.77,26.82,27.11,6
21-03-2018 19:33:00,53.73,51.23,47.55,50.5,25.83,27.73,26.8,27.12,6
21-03-2018 19:34:00,53.73,51.26,47.72,50.53,25.85,27.71,26.79,27.11,6
21-03-2018 19:35:00,53.73,51.29,47.79,50.6,25.83,27.7,26.76,27.09,6
21-03-2018 19:36:00,53.75,51.29,47.85,50.7,25.82,27.68,26.76,27.11,6
21-03-2018 19:37:00,53.75,51.34,47.89,50.74,25.81,27.66,26.75,27.09,6
21-03-2018 19:38:00,53.75,51.37,47.89,50.8,25.82,27.64,26.73,27.08,6
21-03-2018 19:39:00,53.75,51.4,48.05,50.87,25.81,27.6,26.73,27.04,6
21-03-2018 19:40:00,53.75,51.43,48.28,50.94,25.81,27.57,26.69,27.02,6
21-03-2018 19:41:00,53.75,51.5,48.46,50.97,25.81,27.56,26.67,26.99,6
21-03-2018 19:42:00,53.75,51.58,48.62,51.04,25.77,27.54,26.65,26.98,6
21-03-2018 19:43:00,53.75,51.64,48.73,51.11,25.8,27.52,26.65,26.98,6
21-03-2018 19:44:00,53.78,51.85,48.79,51.17,25.81,27.48,26.63,26.96,6
21-03-2018 19:45:00,53.78,52.03,48.83,51.23,25.79,27.5,26.63,26.95,6
21-03-2018 19:46:00,53.78,51.91,48.97,51.23,25.81,27.46,26.63,26.93,6
21-03-2018 19:47:00,53.78,52.03,49.07,51.29,25.81,27.38,26.62,26.9,6
21-03-2018 19:48:00,53.78,52,49.2,51.34,25.78,27.41,26.59,26.89,6
21-03-2018 19:49:00,53.75,52.14,49.17,51.37,25.75,27.4,26.57,26.89,6
21-03-2018 19:50:00,53.75,52.24,48.97,51.4,25.8,27.39,26.56,26.86,6
21-03-2018 19:51:00,53.78,52.2,48.63,51.46,25.8,27.38,26.58,26.87,6
21-03-2018 19:52:00,53.78,52.14,48.5,51.5,25.8,27.36,26.55,26.87,6
21-03-2018 19:53:00,53.78,52.09,48.26,51.55,25.77,27.35,26.56,26.86,6
21-03-2018 19:54:00,53.75,52.09,48.17,51.58,25.76,27.29,26.52,26.85,6
21-03-2018 19:55:00,53.75,51.97,48.03,51.61,25.78,27.33,26.52,26.82,6
21-03-2018 19:56:00,53.78,51.79,47.73,51.64,25.78,27.31,26.51,26.85,6
21-03-2018 19:57:00,53.78,51.79,47.66,51.7,25.77,27.31,26.51,26.86,6
21-03-2018 19:58:00,53.78,51.67,47.83,51.72,25.75,27.31,26.51,26.87,6
21-03-2018 19:59:00,53.78,51.73,48.14,51.75,25.79,27.28,26.49,26.87,6
21-03-2018 20:00:00,53.81,51.88,48.33,51.79,25.75,27.27,26.49,26.84,6
21-03-2018 20:01:00,53.78,51.88,48.57,51.79,25.76,27.26,26.47,26.85,6
21-03-2018 20:02:00,53.78,51.88,48.63,51.82,25.76,27.2,26.45,26.83,6
21-03-2018 20:03:00,53.78,51.98,48.23,51.85,25.81,27.21,26.49,26.9,6
21-03-2018 20:04:00,53.75,51.91,48.06,51.88,25.79,27.19,26.47,26.85,6
21-03-2018 20:05:00,53.75,51.88,48.09,51.91,25.78,27.2,26.47,26.87,6
21-03-2018 20:06:00,53.72,51.95,48.03,51.97,25.81,27.18,26.49,26.91,6
21-03-2018 20:07:00,53.7,51.71,47.7,51.97,25.83,27.16,26.48,26.89,6
21-03-2018 20:08:00,53.7,51.56,47.49,52,25.78,27.14,26.46,26.94,6
21-03-2018 20:09:00,53.67,51.56,47.49,52.05,25.83,27.16,26.43,26.93,6
21-03-2018 20:10:00,53.64,51.5,47.46,52.08,25.79,27.15,26.42,26.91,6
21-03-2018 20:11:00,53.64,51.53,47.46,52.11,25.81,27.14,26.41,26.95,6
21-03-2018 20:12:00,53.61,51.41,47.29,52.14,25.83,27.19,26.42,27,6
21-03-2018 20:13:00,53.55,51.3,47.26,52.2,25.87,27.25,26.52,27.08,6
21-03-2018 20:14:00,53.52,51.24,47.05,52.2,25.87,27.21,26.52,27.01,6
21-03-2018 20:15:00,53.52,51.24,47.02,52.23,25.85,27.17,26.46,26.98,6
21-03-2018 20:16:00,53.52,51.21,47.12,52.23,25.83,27.17,26.44,26.96,6
21-03-2018 20:17:00,53.46,51.35,47.16,52.26,25.85,27.21,26.44,27.03,6
21-03-2018 20:18:00,53.4,51.35,47.12,52.29,25.83,27.15,26.42,27,6
21-03-2018 20:19:00,53.37,51.3,47.05,52.29,25.83,27.11,26.38,26.96,6
21-03-2018 20:20:00,53.34,51.36,47.12,52.32,25.83,27.12,26.4,27,6
21-03-2018 20:21:00,53.31,51.33,47.05,52.35,25.82,27.11,26.39,26.98,6
21-03-2018 20:22:00,53.29,51.36,47.12,52.35,25.79,27.11,26.37,26.97,6
21-03-2018 20:23:00,53.29,51.42,47.19,52.35,25.78,27.12,26.33,26.97,6
21-03-2018 20:24:00,53.26,51.5,47.22,52.35,25.81,27.11,26.34,26.96,6
21-03-2018 20:25:00,53.2,51.62,47.29,52.38,25.84,27.22,26.36,27.09,6
21-03-2018 20:26:00,53.11,51.62,47.32,52.35,25.84,27.2,26.4,27.13,6
21-03-2018 20:27:00,53.05,51.71,47.43,52.35,25.87,27.23,26.41,27.22,6
21-03-2018 20:28:00,53.05,51.8,47.46,52.35,25.87,27.27,26.42,27.31,6
21-03-2018 20:29:00,52.96,51.74,47.41,52.35,25.93,27.31,26.43,27.31,6
21-03-2018 20:30:00,52.93,51.77,47.41,52.32,25.89,27.27,26.42,27.31,6
21-03-2018 20:31:00,52.85,51.82,47.38,52.35,25.89,27.25,26.39,27.2,6
21-03-2018 20:32:00,52.85,51.8,47.36,52.32,25.88,27.19,26.36,27.12,6
21-03-2018 20:33:00,52.78,51.83,47.39,52.32,25.89,27.2,26.36,27.13,6
21-03-2018 20:34:00,52.72,51.83,47.39,52.32,25.83,27.16,26.33,27.08,6
21-03-2018 20:35:00,52.75,51.85,47.49,52.35,25.83,27.13,26.32,27.02,6
21-03-2018 20:36:00,52.72,51.98,47.7,52.35,25.82,27.11,26.3,27.03,6
21-03-2018 20:37:00,52.7,52.04,47.79,52.35,25.83,27.09,26.28,27.01,6
21-03-2018 20:38:00,52.67,52.15,47.92,52.35,25.81,27.04,26.27,26.97,6
21-03-2018 20:39:00,52.67,52.27,48.13,52.33,25.8,27.03,26.26,26.97,6
21-03-2018 20:40:00,52.64,52.42,48.23,52.36,25.76,26.99,26.25,26.97,6
21-03-2018 20:41:00,52.64,52.48,48.26,52.36,25.75,26.97,26.25,26.91,6
21-03-2018 20:42:00,52.64,52.62,48.43,52.36,25.74,26.96,26.22,26.92,6
21-03-2018 20:43:00,52.64,52.72,48.53,52.36,25.75,26.98,26.24,26.89,6
21-03-2018 20:44:00,52.64,52.72,48.43,52.38,25.74,26.93,26.21,26.87,6
21-03-2018 20:45:00,52.64,52.72,48.4,52.38,25.73,26.93,26.2,26.84,6
21-03-2018 20:46:00,52.64,52.74,48.5,52.41,25.73,26.9,26.18,26.81,6
21-03-2018 20:47:00,52.64,52.74,48.47,52.41,25.69,26.91,26.16,26.82,6
21-03-2018 20:48:00,52.64,52.72,48.41,52.44,25.67,26.89,26.16,26.8,6
21-03-2018 20:49:00,52.67,52.51,48.5,52.44,25.67,26.87,26.16,26.9,6
21-03-2018 20:50:00,52.67,52.72,48.53,52.44,25.7,26.86,26.15,26.88,6
21-03-2018 20:51:00,52.67,52.65,48.57,52.47,25.69,26.87,26.14,26.84,6
21-03-2018 20:52:00,52.64,52.78,48.57,52.47,25.68,26.87,26.13,26.8,6
21-03-2018 20:53:00,52.61,52.83,48.63,52.47,25.7,26.83,26.11,26.76,6
21-03-2018 20:54:00,52.58,52.89,48.73,52.47,25.69,26.84,26.12,26.74,6
21-03-2018 20:55:00,52.58,52.98,48.8,52.47,25.67,26.81,26.1,26.74,6
21-03-2018 20:56:00,52.55,53.07,48.87,52.47,25.67,26.83,26.1,26.72,6
21-03-2018 20:57:00,52.52,53.16,49.04,52.47,25.69,26.84,26.1,26.75,6
,,,,,,,,,
,,,,,,,,,
,,,,,,,,,
,,,,,,,,,
,,,,,,,,,
,,,,,,,,,
,,,,,,,,,
,,,,,,,,,
,,,,,,,,s,
