Timestamp,EX1_FAN_IN_RH_ITL,EX1_FAN_OUT_RH_ITL,FA1_FAN_IN_RH_ITL,FA1_FAN_OUT_RH_ITL,class
19-03-2018 12:35:00,68.63,47.14,34.82,54.85,1
19-03-2018 12:36:00,68.8,47.04,34.56,54.82,1
19-03-2018 12:37:00,68.96,47.09,34.57,54.82,1
19-03-2018 12:38:00,69.18,47.42,35.01,55.09,1
19-03-2018 12:39:00,69.04,47.42,35.09,55.03,1
19-03-2018 12:40:00,69.07,47.89,35.63,55.33,1
19-03-2018 12:41:00,69.16,48.06,35.87,55.47,1
19-03-2018 12:42:00,68.69,47.28,34.79,54.97,1
19-03-2018 12:43:00,68.2,47.09,34.76,54.65,1
19-03-2018 12:44:00,67.43,47.04,34.86,54.5,1
19-03-2018 12:45:00,66.42,46.12,34.03,53.64,1
19-03-2018 12:46:00,65.35,46.06,34.46,53.34,1
19-03-2018 12:47:00,64.21,45.45,33.97,52.66,1
19-03-2018 12:48:00,63.34,45.55,34.69,52.43,1
19-03-2018 12:49:00,62.7,45.38,34.53,52.15,1
19-03-2018 12:50:00,61.79,45.35,34.98,51.91,1
19-03-2018 12:51:00,61.29,45.37,35.24,51.85,1
19-03-2018 12:52:00,60.77,45.03,34.76,51.47,1
19-03-2018 12:53:00,60.03,44.8,34.84,51.05,1
19-03-2018 12:54:00,59.83,44.96,35.13,51.11,1
19-03-2018 12:55:00,59.28,44.45,34.67,50.61,1
19-03-2018 12:56:00,58.87,44.68,35.23,50.64,1
19-03-2018 12:57:00,58.48,44.72,35.44,50.5,1
19-03-2018 12:58:00,58.1,44.42,34.86,50.14,1
19-03-2018 12:59:00,57.81,44.23,34.73,49.99,1
19-03-2018 13:00:00,57.46,44.23,34.95,49.82,1
19-03-2018 13:01:00,56.87,43.86,34.79,49.42,1
19-03-2018 13:02:00,55.58,43.23,34.59,48.54,1
19-03-2018 13:03:00,55.14,43.19,34.82,48.39,1
19-03-2018 13:04:00,55.03,42.76,34.19,48.09,1
19-03-2018 13:05:00,55.08,42.52,33.76,47.99,1
19-03-2018 13:06:00,55.32,42.62,34.41,48.11,1
19-03-2018 13:07:00,55.7,42.56,34.17,48.21,1
19-03-2018 13:08:00,55.96,42.5,33.99,48.32,1
19-03-2018 13:09:00,56.31,42.81,34.17,48.73,1
19-03-2018 13:10:00,56.66,42.77,34.27,48.9,1
19-03-2018 13:11:00,56.86,42.93,34.74,49.02,1
19-03-2018 13:12:00,57.03,43.1,34.78,49.25,1
19-03-2018 13:13:00,57.06,43.03,34.71,49.22,1
19-03-2018 13:14:00,57.06,42.96,34.64,49.32,1
19-03-2018 13:15:00,57.18,43.24,35.21,49.4,1
19-03-2018 13:16:00,57.2,43.31,35.28,49.56,1
19-03-2018 13:17:00,57.29,43.26,34.95,49.63,1
19-03-2018 13:18:00,57.29,43.31,35.39,49.6,1
19-03-2018 13:19:00,57.35,43.39,35.45,49.71,1
19-03-2018 13:20:00,57.35,43.66,35.86,49.95,1
19-03-2018 13:21:00,57.26,43.9,36.07,50.08,1
19-03-2018 13:22:00,57.29,43.58,35.56,49.89,1
19-03-2018 13:23:00,56.25,44.25,36.41,50.18,1
19-03-2018 13:24:00,54.82,44.11,36.46,49.56,1
19-03-2018 13:25:00,53.88,44.16,36.88,49.18,1
19-03-2018 13:26:00,53.18,43.92,36.47,48.76,1
19-03-2018 13:27:00,52.53,43.42,35.82,48.11,1
19-03-2018 13:28:00,52.12,43.19,35.7,47.79,1
19-03-2018 13:29:00,51.68,42.83,35.28,47.28,1
19-03-2018 13:30:00,51.17,42.58,35.29,46.92,1
19-03-2018 13:31:00,50.71,42.29,34.92,46.41,1
19-03-2018 13:32:00,50.26,42.23,35,46.21,1
19-03-2018 13:33:00,49.95,42.19,35.15,46.1,1
19-03-2018 13:34:00,49.75,42.04,34.93,45.95,1
19-03-2018 13:35:00,49.51,41.9,34.97,45.68,1
19-03-2018 13:36:00,49.23,41.97,35.11,45.64,1
19-03-2018 13:37:00,49,41.76,34.85,45.37,1
19-03-2018 13:38:00,48.7,41.78,35.15,45.2,1
19-03-2018 13:39:00,48.56,41.74,35.11,45.1,1
19-03-2018 13:40:00,48.49,41.94,35.29,45.32,1
19-03-2018 13:41:00,48.48,41.68,34.85,45.12,1
19-03-2018 13:42:00,49.41,41.76,35,45.37,1
19-03-2018 13:43:00,50.4,42.11,35.57,45.83,1
19-03-2018 13:44:00,50.92,41.55,34.61,45.64,1
19-03-2018 13:45:00,51.46,41.78,35.02,46.03,1
19-03-2018 13:46:00,54.27,49.5,35.97,42.46,2
19-03-2018 13:47:00,54.68,50.21,36.11,42.7,2
19-03-2018 13:48:00,55,50.63,35.89,42.62,2
19-03-2018 13:49:00,55.32,50.88,35.64,42.21,2
19-03-2018 13:50:00,55.05,51.56,35.73,42.29,2
19-03-2018 13:51:00,52.27,49.89,35.47,42.11,2
19-03-2018 13:52:00,50.82,48.67,35.34,41.9,2
19-03-2018 13:53:00,49.54,47.61,35.25,41.68,2
19-03-2018 13:54:00,48.75,46.96,35.21,41.53,2
19-03-2018 13:55:00,48.33,46.64,35.08,41.49,2
19-03-2018 13:56:00,47.64,46.05,35.14,41.25,2
19-03-2018 13:57:00,47.2,45.64,35.44,41.29,2
19-03-2018 13:58:00,47.15,45.66,35.88,41.55,2
19-03-2018 13:59:00,47.02,45.61,35.84,41.62,2
19-03-2018 14:00:00,46.8,45.37,35.91,41.72,2
19-03-2018 14:01:00,46.32,45,35.53,41.22,2
19-03-2018 14:02:00,46.39,45.03,36.2,41.65,2
19-03-2018 14:03:00,46.32,44.96,35.79,41.45,2
19-03-2018 14:04:00,46.31,44.98,36.24,41.7,2
19-03-2018 14:05:00,46.22,44.91,36.06,41.67,2
19-03-2018 14:06:00,46.19,44.88,36.08,41.69,2
19-03-2018 14:07:00,46.07,44.83,36.02,41.55,2
19-03-2018 14:08:00,46.24,44.87,35.93,41.62,2
19-03-2018 14:09:00,46.11,44.83,35.34,41.49,2
19-03-2018 14:10:00,45.46,44.29,34.93,40.65,2
19-03-2018 14:11:00,45.32,44.12,35.37,40.88,2
19-03-2018 14:12:00,45.43,44.23,35.71,41.32,2
19-03-2018 14:13:00,45.36,44.16,35.64,41.18,2
19-03-2018 14:14:00,45.5,44.29,36.11,41.43,2
19-03-2018 14:15:00,45.5,44.27,36.01,41.45,2
19-03-2018 14:16:00,45.54,44.41,36.44,41.72,2
19-03-2018 14:17:00,45.71,44.58,35.99,41.68,2
19-03-2018 14:18:00,46.02,44.72,35.89,41.78,2
19-03-2018 14:19:00,47.41,45.45,35.82,41.88,2
19-03-2018 14:20:00,48.98,46.41,35.84,41.95,2
19-03-2018 14:21:00,50.08,47.09,35.47,41.67,2
19-03-2018 14:22:00,50.92,47.63,36.21,42.09,2
19-03-2018 14:23:00,51.63,48.29,36.52,42.45,2
19-03-2018 14:24:00,52.28,48.85,36.27,42.53,2
19-03-2018 14:25:00,53.07,49.53,36.37,42.73,2
19-03-2018 14:26:00,54.42,50.52,36.5,42.87,2
19-03-2018 14:27:00,56.95,52.2,35.88,42.77,2
19-03-2018 14:28:00,58.98,53.7,35.74,42.63,2
19-03-2018 14:29:00,60.75,55.02,35.79,42.91,2
19-03-2018 14:30:00,62.15,56.34,36.03,43.4,2
19-03-2018 14:31:00,62.15,56.78,36.27,43.71,2
19-03-2018 14:32:00,55.75,53.34,36.27,43.36,2
19-03-2018 14:33:00,53.36,51.48,35.91,42.93,2
19-03-2018 14:34:00,52.17,50.34,36.05,42.66,2
19-03-2018 14:35:00,50.97,49.16,35.59,42.32,2
19-03-2018 14:36:00,50.35,48.71,36.06,42.56,2
19-03-2018 14:37:00,49.81,48.36,36.2,42.72,2
19-03-2018 14:38:00,49.33,47.81,36.13,42.38,2
19-03-2018 14:39:00,48.58,47.13,36.02,42.04,2
19-03-2018 14:40:00,48.12,46.86,36.05,42.06,2
19-03-2018 14:41:00,48.01,46.65,36.05,42.19,2
19-03-2018 14:42:00,47.67,46.48,36.11,42.23,2
19-03-2018 14:43:00,47.56,46.31,36.07,42.12,2
19-03-2018 14:44:00,47.49,46.28,36.11,42.19,2
19-03-2018 14:45:00,47.31,46.09,36.26,42.14,2
19-03-2018 14:46:00,47.18,45.99,36.19,42.04,2
19-03-2018 14:47:00,47.22,46.03,36.18,42.25,2
19-03-2018 14:48:00,48.5,46.73,36.27,42.32,2
19-03-2018 14:49:00,50.72,47.9,35.87,42.16,2
19-03-2018 14:50:00,51.73,48.57,35.92,42.08,2
19-03-2018 14:51:00,52.53,49.15,35.82,42.19,2
19-03-2018 14:52:00,53.15,49.56,35.35,41.81,2
19-03-2018 14:53:00,53.74,50.05,35.6,42.1,2
19-03-2018 14:54:00,54.44,50.67,35.4,42.13,2
19-03-2018 14:55:00,55.37,51.32,35.56,42.27,2
19-03-2018 14:56:00,57.1,52.44,35.55,42.32,2
19-03-2018 14:57:00,59.12,53.88,35.56,42.55,2
19-03-2018 14:58:00,60.78,55.02,35.12,42.42,2
19-03-2018 14:59:00,61.86,56.13,35.39,42.84,2
19-03-2018 15:00:00,62.93,57.02,35.37,42.97,2
19-03-2018 15:01:00,62.93,57.25,35.56,43.16,2
19-03-2018 15:02:00,57.71,54.79,35.45,42.69,2
19-03-2018 15:03:00,53.74,51.81,34.91,42.24,2
19-03-2018 15:04:00,52.17,50.29,35.11,41.9,2
19-03-2018 15:05:00,50.91,49.09,34.96,41.55,2
19-03-2018 15:06:00,50.05,48.28,34.78,41.39,2
19-03-2018 15:07:00,48.8,47.31,34.56,41,2
19-03-2018 15:08:00,48.63,46.96,34.71,41.13,2
19-03-2018 15:09:00,48.05,46.55,34.35,40.78,2
19-03-2018 15:10:00,47.63,46.14,34.39,40.71,2
19-03-2018 15:11:00,47.48,46.03,34.49,40.91,2
19-03-2018 15:12:00,46.94,45.58,34.08,40.46,2
19-03-2018 15:13:00,46.6,45.17,34.17,40.39,2
19-03-2018 15:14:00,46.29,45.03,34.45,40.48,2
19-03-2018 15:15:00,46.31,45.08,34.76,40.66,2
19-03-2018 15:16:00,46.28,44.91,34.63,40.56,2
19-03-2018 15:17:00,48.93,46.25,34.41,40.66,2
19-03-2018 15:18:00,50.76,47.38,33.89,40.39,2
19-03-2018 15:19:00,51.65,47.92,34.07,40.33,2
19-03-2018 15:20:00,52.09,48.28,34.15,40.59,2
19-03-2018 15:21:00,52.45,48.54,34.05,40.61,2
19-03-2018 15:22:00,52.75,48.69,33.64,40.33,2
19-03-2018 15:23:00,53.04,48.91,33.54,40.33,2
19-03-2018 15:24:00,53.89,49.43,33.32,40.17,2
19-03-2018 15:25:00,55.9,51,33.22,40.31,2
19-03-2018 15:26:00,57.29,52.11,33.42,40.65,2
19-03-2018 15:27:00,57.76,52.62,33.41,40.65,2
19-03-2018 15:28:00,58,52.85,33.28,40.6,2
19-03-2018 15:29:00,57.55,52.79,33.1,40.53,2
19-03-2018 15:30:00,52.16,49.86,33.12,40.16,2
19-03-2018 15:31:00,50.06,48.07,33.38,40.21,2
19-03-2018 15:32:00,48.46,46.84,33.25,39.91,2
19-03-2018 15:33:00,47.6,46.14,33.65,40.11,2
19-03-2018 15:34:00,47.05,45.65,33.93,40.21,2
19-03-2018 15:35:00,46.53,45.11,33.85,40.03,2
19-03-2018 15:36:00,46.22,44.92,34.05,40.2,2
19-03-2018 15:37:00,45.67,44.47,33.48,39.82,2
19-03-2018 15:38:00,45.26,44.13,33.97,39.89,2
19-03-2018 15:39:00,45.12,43.96,33.69,39.86,2
19-03-2018 15:40:00,44.87,43.64,33.57,39.65,2
19-03-2018 15:41:00,44.7,43.53,33.79,39.68,2
19-03-2018 15:42:00,44.43,43.32,33.69,39.59,2
19-03-2018 15:43:00,44.49,43.35,33.75,39.78,2
19-03-2018 15:44:00,44.39,43.29,33.18,39.49,2
19-03-2018 15:45:00,43.84,42.87,33.28,39.27,2
19-03-2018 15:46:00,43.88,42.84,33.41,39.33,2
19-03-2018 15:47:00,43.84,42.84,33.6,39.44,2
19-03-2018 15:48:00,43.91,42.84,33.65,39.47,2
19-03-2018 15:49:00,45.41,43.52,33.79,39.71,2
19-03-2018 15:50:00,47.2,44.63,33.54,39.65,2
19-03-2018 15:51:00,48.71,45.54,33.59,39.75,2
19-03-2018 15:52:00,49.79,46.28,33.54,39.79,2
19-03-2018 15:53:00,50.64,46.84,33.38,39.77,2
19-03-2018 15:54:00,51.33,47.44,33.71,40.04,2
19-03-2018 15:55:00,51.96,47.96,33.95,40.19,2
19-03-2018 15:56:00,53.07,48.75,33.95,40.36,2
19-03-2018 15:57:00,54.79,50.16,33.99,40.63,2
19-03-2018 15:58:00,55.9,51.14,33.93,40.63,2
19-03-2018 15:59:00,55.87,51.26,33.99,40.64,2
19-03-2018 16:00:00,55.52,51.23,33.99,40.78,2
19-03-2018 16:01:00,55.26,51.11,34.33,40.91,2
19-03-2018 16:02:00,54.42,50.81,34.05,40.81,2
19-03-2018 16:03:00,50.58,48.63,33.85,40.5,2
19-03-2018 16:04:00,48.88,47.23,33.83,40.36,2
19-03-2018 16:05:00,47.68,46.12,33.76,40.14,2
19-03-2018 16:06:00,46.93,45.53,33.83,40.14,2
19-03-2018 16:07:00,46.27,45.04,33.79,39.93,2
19-03-2018 16:08:00,0,44.68,34.01,40.06,2
19-03-2018 16:09:00,45.57,44.44,33.95,40.03,2
19-03-2018 16:10:00,45.23,44.13,33.95,39.93,2
19-03-2018 16:11:00,44.94,43.88,33.91,39.85,2
19-03-2018 16:12:00,44.84,43.73,33.92,39.88,2
19-03-2018 16:13:00,44.6,43.46,33.91,39.7,2
19-03-2018 16:14:00,44.43,43.35,33.79,39.7,2
19-03-2018 16:15:00,44.38,43.31,33.99,39.77,2
19-03-2018 16:16:00,44.29,43.28,34.33,39.94,2
19-03-2018 16:17:00,44.42,43.34,34.79,40.24,2
19-03-2018 16:18:00,44.58,43.53,35,40.45,2
19-03-2018 16:19:00,44.64,43.57,35.21,40.59,2
19-03-2018 16:20:00,44.58,43.57,35.07,40.62,2
19-03-2018 16:21:00,45.61,43.85,35.18,40.62,2
19-03-2018 16:22:00,47.07,44.66,35.05,40.59,2
19-03-2018 16:23:00,48.08,45.28,35.05,40.64,2
19-03-2018 16:24:00,48.95,45.91,34.95,40.64,2
19-03-2018 16:25:00,49.6,46.3,34.73,40.48,2
19-03-2018 16:26:00,50.33,46.76,34.59,40.48,2
19-03-2018 16:27:00,50.82,47.15,34.84,40.66,2
19-03-2018 16:28:00,51.4,47.65,35.21,40.98,2
19-03-2018 16:29:00,52.96,48.8,35.01,41.06,2
19-03-2018 16:30:00,55,50.47,35.18,41.36,2
19-03-2018 16:31:00,56.42,51.73,35.42,41.67,2
19-03-2018 16:32:00,56.68,52.11,35.59,41.78,2
19-03-2018 16:33:00,56.28,52.03,35.57,42.04,2
19-03-2018 16:34:00,53.48,51.14,35.6,41.9,2
19-03-2018 16:35:00,50.98,49.09,35.66,41.74,2
19-03-2018 16:36:00,49.57,47.99,35.84,41.84,2
19-03-2018 16:37:00,48.61,47.19,35.86,41.83,2
19-03-2018 16:38:00,48.06,46.6,35.99,41.68,2
19-03-2018 16:39:00,47.44,46.19,36.11,41.71,2
19-03-2018 16:40:00,46.96,45.83,36.13,41.68,2
19-03-2018 16:41:00,46.47,45.39,36.01,41.43,2
19-03-2018 16:42:00,46.23,45.15,36.06,41.46,2
19-03-2018 16:43:00,45.93,44.87,35.63,41.26,2
19-03-2018 16:44:00,45.72,44.65,35.94,41.33,2
19-03-2018 16:45:00,45.61,44.58,36.04,41.39,2
19-03-2018 16:46:00,45.57,44.58,36.06,41.43,2
19-03-2018 16:47:00,45.64,44.54,36.23,41.49,2
19-03-2018 16:48:00,45.57,44.57,36.53,41.69,2
19-03-2018 16:49:00,45.63,44.6,36.64,41.79,2
19-03-2018 16:50:00,45.66,44.64,36.78,41.9,2
19-03-2018 16:51:00,45.7,44.69,36.82,41.96,2
19-03-2018 16:52:00,45.46,44.42,36.79,41.86,2
19-03-2018 16:53:00,45.49,44.49,36.92,41.9,2
19-03-2018 16:54:00,45.56,44.62,36.99,42,2
19-03-2018 16:55:00,45.77,44.59,37.12,42.13,2
19-03-2018 16:56:00,47.09,45.19,37.09,42.18,2
19-03-2018 16:57:00,48.26,45.9,36.92,42.07,2
19-03-2018 16:58:00,49.54,46.7,37.02,42.26,2
19-03-2018 16:59:00,50.59,47.41,36.76,42.16,2
19-03-2018 17:00:00,51.57,48.17,36.8,42.3,2
19-03-2018 17:01:00,52.48,48.89,36.79,42.42,2
19-03-2018 17:02:00,53.42,49.67,36.92,42.65,2
19-03-2018 17:03:00,54.2,50.35,36.92,42.79,2
19-03-2018 17:04:00,55.58,51.37,37.06,42.93,2
19-03-2018 17:05:00,57.32,52.64,36.9,43.03,2
19-03-2018 17:06:00,58.08,53.34,36.9,43.12,2
19-03-2018 17:07:00,57.55,53.2,36.97,43.22,2
19-03-2018 17:08:00,57.16,53.03,37.11,43.32,2
19-03-2018 17:09:00,56.39,52.73,36.68,43.09,2
19-03-2018 17:10:00,52.71,50.98,36.78,42.85,2
19-03-2018 17:11:00,51.06,49.41,36.95,42.81,2
19-03-2018 17:12:00,49.99,48.52,37.12,42.84,2
19-03-2018 17:13:00,49.24,47.86,36.95,42.66,2
19-03-2018 17:14:00,48.32,47.11,36.78,42.42,2
19-03-2018 17:15:00,47.94,46.72,36.78,42.38,2
19-03-2018 17:16:00,47.7,46.44,36.95,42.4,2
19-03-2018 17:17:00,47.15,46.06,36.92,42.3,2
19-03-2018 17:18:00,46.94,45.79,36.47,42,2
19-03-2018 17:19:00,46.5,45.44,36.61,41.97,2
19-03-2018 17:20:00,46.43,45.34,36.78,42.03,2
19-03-2018 17:21:00,46.28,45.26,36.92,42.13,2
19-03-2018 17:22:00,46.19,45.16,36.88,42.09,2
19-03-2018 17:23:00,46.08,45.12,37.05,42.19,2
19-03-2018 17:24:00,46.07,45.12,37.22,42.32,2
19-03-2018 17:25:00,46.07,45.05,37.21,42.32,2
19-03-2018 17:26:00,46.67,45.15,36.92,42.25,2
19-03-2018 17:27:00,47.84,45.82,37.34,42.36,2
19-03-2018 17:28:00,48.72,46.29,37.24,42.4,2
19-03-2018 17:29:00,49.35,46.69,37.24,42.4,2
19-03-2018 17:30:00,49.94,47.05,37.31,42.55,2
19-03-2018 17:31:00,50.72,47.58,37.43,42.7,2
19-03-2018 17:32:00,51.31,48.06,37.27,42.63,2
19-03-2018 17:33:00,52.11,48.7,37.44,42.81,2
19-03-2018 17:34:00,54.15,50.18,37.33,43,2
19-03-2018 17:35:00,56.77,52.17,37.21,43.23,2
19-03-2018 17:36:00,58.61,53.61,37.37,43.43,2
19-03-2018 17:37:00,59.57,54.49,37.4,43.67,2
19-03-2018 17:38:00,59.57,54.76,37.49,43.78,2
19-03-2018 17:39:00,55.08,52.79,37.28,43.51,2
19-03-2018 17:40:00,52.5,50.77,37.33,43.31,2
19-03-2018 17:41:00,51.17,49.54,37.11,43.03,2
19-03-2018 17:42:00,50.09,48.58,37.25,43,2
19-03-2018 17:43:00,49.37,48,37.42,42.95,2
19-03-2018 17:44:00,48.66,47.38,37.15,42.68,2
19-03-2018 17:45:00,48.18,46.96,37.18,42.68,2
19-03-2018 17:46:00,47.87,46.65,37.15,42.6,2
19-03-2018 17:47:00,47.56,46.35,37.18,42.49,2
19-03-2018 17:48:00,47.28,46.16,37.35,42.56,2
19-03-2018 17:49:00,47.11,45.95,37.28,42.46,2
19-03-2018 17:50:00,46.8,45.75,37.23,42.39,2
19-03-2018 17:51:00,46.63,45.51,37.05,42.26,2
19-03-2018 17:52:00,46.26,45.2,36.88,42.02,2
19-03-2018 17:53:00,46.22,45.22,37.02,42.16,2
19-03-2018 17:54:00,46.28,45.16,37.02,42.16,2
19-03-2018 17:55:00,46.02,45.03,36.92,42.02,2
19-03-2018 17:56:00,46.02,44.99,37.02,42.12,2
19-03-2018 17:57:00,46.02,44.96,37.06,42.12,2
19-03-2018 17:58:00,45.97,44.98,37.06,42.14,2
19-03-2018 17:59:00,46.48,45.12,37.05,42.18,2
19-03-2018 18:00:00,48.14,46.02,37.06,42.23,2
19-03-2018 18:01:00,49.74,46.96,36.92,42.26,2
19-03-2018 18:02:00,51,47.82,36.99,42.39,2
19-03-2018 18:03:00,51.83,48.46,36.91,42.41,2
19-03-2018 18:04:00,52.45,49.01,36.82,42.41,2
19-03-2018 18:05:00,53.01,49.46,37.09,42.69,2
19-03-2018 18:06:00,53.53,49.91,37.09,42.73,2
19-03-2018 18:07:00,54.07,50.33,37.27,42.9,2
19-03-2018 18:08:00,55.2,51.26,37.38,43.05,2
19-03-2018 18:09:00,56.77,52.35,37.34,43.29,2
19-03-2018 18:10:00,0,52.7,37.3,43.35,2
19-03-2018 18:11:00,56.65,52.62,37.41,43.39,2
19-03-2018 18:12:00,56.31,52.53,37.51,43.46,2
19-03-2018 18:13:00,55.11,52.2,37.51,43.46,2
19-03-2018 18:14:00,52.21,50.51,37.62,43.48,2
19-03-2018 18:15:00,50.85,49.31,37.72,43.35,2
19-03-2018 18:16:00,49.89,48.53,37.92,43.37,2
19-03-2018 18:17:00,49.15,47.93,38.02,43.37,2
19-03-2018 18:18:00,48.76,47.52,38.24,43.44,2
19-03-2018 18:19:00,48.32,47.18,38.44,43.51,2
19-03-2018 18:20:00,48.04,46.93,38.58,43.58,2
19-03-2018 18:21:00,47.77,46.72,38.58,43.53,2
19-03-2018 18:22:00,47.56,46.54,38.58,43.53,2
19-03-2018 18:23:00,47.38,46.37,38.82,43.53,2
19-03-2018 18:24:00,47.28,46.26,38.94,43.67,2
19-03-2018 18:25:00,47.21,46.22,39.06,43.74,2
19-03-2018 18:26:00,47.08,46.12,39.05,43.74,2
19-03-2018 18:27:00,47.04,46.06,39.05,43.8,2
19-03-2018 18:28:00,46.96,46.05,39.17,43.74,2
19-03-2018 18:29:00,47.06,46.15,39.6,44.04,2
19-03-2018 18:30:00,47.13,46.18,39.7,44.18,2
19-03-2018 18:31:00,47.2,46.22,39.91,44.32,2
19-03-2018 18:32:00,47.2,46.22,40.07,44.45,2
19-03-2018 18:33:00,47.89,46.42,40.17,44.55,2
19-03-2018 18:34:00,48.74,46.89,40.31,44.66,2
19-03-2018 18:35:00,49.44,47.26,40.41,44.76,2
19-03-2018 18:36:00,50.23,47.82,40.52,44.94,2
19-03-2018 18:37:00,50.95,48.37,40.45,45.01,2
19-03-2018 18:38:00,51.6,48.87,40.48,45.09,2
19-03-2018 18:39:00,52.31,49.48,40.59,45.26,2
19-03-2018 18:40:00,53.1,50.14,40.66,45.47,2
19-03-2018 18:41:00,55.32,51.7,40.66,45.6,2
19-03-2018 18:42:00,57.76,53.49,40.66,46.02,2
19-03-2018 18:43:00,59.8,55.14,40.83,46.31,2
19-03-2018 18:44:00,61.11,56.16,40.88,46.57,2
19-03-2018 18:45:00,61.4,56.67,40.97,46.73,2
19-03-2018 18:46:00,57.3,54.84,41.08,46.63,2
19-03-2018 18:47:00,54.97,53.25,41.14,46.55,2
19-03-2018 18:48:00,53.76,52.24,41.28,46.49,2
19-03-2018 18:49:00,52.76,51.43,41.25,46.35,2
19-03-2018 18:50:00,52.07,50.83,41.25,46.28,2
19-03-2018 18:51:00,51.58,50.38,41.32,46.21,2
19-03-2018 18:52:00,51.16,49.94,41.25,46.1,2
19-03-2018 18:53:00,50.76,49.56,41.11,45.96,2
19-03-2018 18:54:00,50.49,49.31,41.25,45.93,2
19-03-2018 18:55:00,50.28,49.11,41.32,45.93,2
19-03-2018 18:56:00,50.05,48.94,41.42,45.96,2
20-03-2018 09:40:00,56.58,48.78,41.55,52.31,1
20-03-2018 09:41:00,56.49,48.54,41.47,52.26,1
20-03-2018 09:42:00,56.46,48.51,41.87,52.17,1
20-03-2018 09:43:00,56.34,48.78,42.32,52.4,1
20-03-2018 09:44:00,56.26,48.54,42.18,52.32,1
20-03-2018 09:45:00,56.13,48.44,42.24,52.29,1
20-03-2018 09:46:00,56.02,48.2,41.85,52.2,1
20-03-2018 09:47:00,55.9,47.63,41.1,51.82,1
20-03-2018 09:48:00,55.72,47.49,40.88,51.75,1
20-03-2018 09:49:00,55.72,47.16,40.9,51.35,1
20-03-2018 09:50:00,55.7,47.04,40.59,51.32,1
20-03-2018 09:51:00,56.52,47.44,41.04,51.71,1
20-03-2018 09:52:00,57.93,47.92,41.11,52.53,1
20-03-2018 09:53:00,59.8,48.65,41.35,53.3,1
20-03-2018 09:54:00,61.15,48.89,40.92,54.06,1
20-03-2018 09:55:00,62.25,49.43,41.7,54.62,1
20-03-2018 09:56:00,62.25,49.35,41.09,54.62,1
20-03-2018 09:57:00,60.39,48.95,41.36,54.01,1
20-03-2018 09:58:00,58.55,48.25,41.29,53.06,1
20-03-2018 09:59:00,57.59,47.77,40.84,52.47,1
20-03-2018 10:00:00,57.41,47.7,40.97,52.44,1
20-03-2018 10:01:00,58.61,48.01,41.08,52.85,1
20-03-2018 10:02:00,60.12,48.47,41.18,53.47,1
20-03-2018 10:03:00,61.31,48.95,41.49,54.15,1
20-03-2018 10:04:00,61.78,49.09,41.36,54.39,1
20-03-2018 10:05:00,61.75,49.11,41.26,54.42,1
20-03-2018 10:06:00,61.21,49.21,41.56,54.36,1
20-03-2018 10:07:00,49.89,46.46,40.85,47.64,4
20-03-2018 10:08:00,49.58,46.49,40.95,47.47,4
20-03-2018 10:09:00,49.34,46.56,41.05,47.47,4
20-03-2018 10:10:00,49.17,46.7,41.16,47.37,4
20-03-2018 10:11:00,49.05,46.63,41.01,47.46,4
20-03-2018 10:12:00,48.76,46.72,41.16,47.25,4
20-03-2018 10:13:00,48.58,46.66,41.25,47.12,4
20-03-2018 10:14:00,48.47,46.72,41.31,47.12,4
20-03-2018 10:15:00,48.34,46.99,41.52,47.12,4
20-03-2018 10:16:00,48.24,46.99,41.45,47.27,4
20-03-2018 10:17:00,48.16,46.82,41.35,47.31,4
20-03-2018 10:18:00,47.96,46.41,40.94,46.83,4
20-03-2018 10:19:00,47.72,46.62,41.11,46.67,4
20-03-2018 10:20:00,47.67,46.68,41.18,46.7,4
20-03-2018 10:21:00,47.67,46.86,41.42,46.93,4
20-03-2018 10:22:00,47.57,46.68,41.11,46.86,4
20-03-2018 10:23:00,47.54,46.72,41.21,46.76,4
20-03-2018 10:24:00,47.5,46.86,41.36,46.83,4
20-03-2018 10:25:00,47.44,46.96,41.5,46.89,4
20-03-2018 10:26:00,47.47,47.22,41.57,47.16,4
20-03-2018 10:27:00,47.37,46.71,41.12,46.89,4
20-03-2018 10:28:00,47.29,46.91,41.39,46.89,4
20-03-2018 10:29:00,47.29,46.93,41.22,46.99,4
20-03-2018 10:30:00,47.18,46.76,41.14,46.85,4
20-03-2018 10:31:00,47.09,46.76,41.21,46.78,4
20-03-2018 10:32:00,47.09,46.48,40.81,46.89,4
20-03-2018 10:33:00,46.99,46.45,40.72,46.71,4
20-03-2018 10:34:00,47.05,46.35,40.76,46.75,4
20-03-2018 10:35:00,47.01,46.35,40.55,46.75,4
20-03-2018 10:36:00,46.99,46.28,40.6,46.71,4
20-03-2018 10:37:00,46.99,46.15,40.5,46.61,4
20-03-2018 10:38:00,46.99,46.28,40.63,46.68,4
20-03-2018 10:39:00,47.05,46.25,40.6,46.68,4
20-03-2018 10:40:00,47.09,46.01,40.26,46.68,4
20-03-2018 10:41:00,47.05,46.15,40.5,46.64,4
20-03-2018 10:42:00,47.06,46.08,40.49,46.58,4
20-03-2018 10:43:00,47.09,46.52,40.86,46.64,4
20-03-2018 10:44:00,47.18,45.94,40.22,46.68,4
20-03-2018 10:45:00,47.05,45.91,40.15,46.51,4
20-03-2018 10:46:00,46.99,46.22,40.52,46.51,4
20-03-2018 10:47:00,46.92,45.98,40.15,46.58,4
20-03-2018 10:48:00,46.92,46.28,40.52,46.64,4
20-03-2018 10:49:00,46.96,46.35,40.55,46.75,4
20-03-2018 10:50:00,47.16,46.26,40.5,46.96,4
20-03-2018 10:51:00,47.28,46.39,40.74,47.16,4
20-03-2018 10:52:00,47.44,46.57,40.95,47.38,4
20-03-2018 10:53:00,47.58,46.88,41.22,47.57,4
20-03-2018 10:54:00,47.72,46.98,41.39,47.69,4
20-03-2018 10:55:00,47.89,46.86,41.23,47.89,4
20-03-2018 10:56:00,48.02,46.62,40.93,48.03,4
20-03-2018 10:57:00,48.06,46.51,40.93,48.13,4
20-03-2018 10:58:00,48.1,46.58,41,48.2,4
20-03-2018 10:59:00,48.24,46.46,40.79,48.3,4
20-03-2018 11:00:00,48.27,46.59,40.94,48.34,4
20-03-2018 11:01:00,52.04,43.59,37.41,47.6,1
20-03-2018 11:02:00,52.45,43.67,37.43,47.89,1
20-03-2018 11:03:00,53.1,43.95,37.74,48.34,1
20-03-2018 11:04:00,53.71,44.23,37.97,48.92,1
20-03-2018 11:05:00,54.39,44.57,38.3,49.4,1
20-03-2018 11:06:00,55.93,44.61,37.88,49.92,1
20-03-2018 11:07:00,58,45.47,38.5,51.1,1
20-03-2018 11:08:00,59.91,46.25,38.75,52.23,1
20-03-2018 11:09:00,61.25,46.59,38.52,52.85,1
20-03-2018 11:10:00,62.1,47.1,38.64,53.5,1
20-03-2018 11:11:00,59.17,46.72,38.69,52.73,1
20-03-2018 11:12:00,57.45,46.27,38.37,51.95,1
20-03-2018 11:13:00,56.37,46.26,38.72,51.53,1
20-03-2018 11:14:00,55.43,45.5,37.74,50.61,1
20-03-2018 11:15:00,54.82,45.39,38.05,50.24,1
20-03-2018 11:16:00,54.26,45.35,38.16,49.89,1
20-03-2018 11:17:00,53.41,45.22,38.36,49.44,1
20-03-2018 11:18:00,53.08,45.28,38.58,49.34,1
20-03-2018 11:19:00,52.49,44.77,38,48.73,1
20-03-2018 11:20:00,51.96,44.3,37.4,48.15,1
20-03-2018 11:21:00,51.6,44.34,37.71,47.97,1
20-03-2018 11:22:00,51.25,44.03,37.45,47.57,1
20-03-2018 11:23:00,51.13,44.44,38.07,47.77,1
20-03-2018 11:24:00,51.03,44.25,37.66,47.73,1
20-03-2018 11:25:00,50.99,44.32,37.88,47.73,1
20-03-2018 11:26:00,50.69,44.11,37.49,47.48,1
20-03-2018 11:27:00,50.02,43.55,37.11,46.74,1
20-03-2018 11:28:00,49.95,43.61,37.28,46.78,1
20-03-2018 11:29:00,49.82,43.82,37.7,46.81,1
20-03-2018 11:30:00,49.75,43.58,37.2,46.67,1
20-03-2018 11:31:00,49.85,43.35,36.69,46.53,1
20-03-2018 11:32:00,51.11,43.43,36.75,46.84,1
20-03-2018 11:33:00,51.91,43.78,37.49,47.47,1
20-03-2018 11:34:00,52.17,43.55,36.88,47.55,1
20-03-2018 11:35:00,52.65,43.75,37.21,48.01,1
20-03-2018 11:36:00,52.65,43.8,37.17,48.08,1
20-03-2018 11:37:00,53.01,43.09,36.33,47.79,1
20-03-2018 11:38:00,53.21,43.23,36.53,48.01,1
20-03-2018 11:39:00,53.36,42.83,35.98,47.88,1
20-03-2018 11:40:00,54.01,43.21,36.27,48.32,1
20-03-2018 11:41:00,56.25,43.64,36.18,49.4,1
20-03-2018 11:42:00,58.61,44.33,36.41,50.52,1
20-03-2018 11:43:00,60.5,44.56,35.76,51.52,1
20-03-2018 11:44:00,61.66,45.03,36.33,52.07,1
20-03-2018 11:45:00,62.57,45.73,36.82,52.67,1
20-03-2018 11:46:00,60.94,45.77,37.1,52.43,1
20-03-2018 11:47:00,57.33,45.37,37.28,51.37,1
20-03-2018 11:48:00,56.16,45.25,37.4,50.73,1
20-03-2018 11:49:00,54.91,44.67,36.81,49.75,1
20-03-2018 11:50:00,54.32,44.66,37.2,49.5,1
20-03-2018 11:51:00,53.38,44.35,37.06,48.92,1
20-03-2018 11:52:00,52.85,43.84,36.17,48.31,1
20-03-2018 11:53:00,52.2,42.85,34.63,47.32,1
20-03-2018 11:54:00,51.11,42.19,34.17,46.51,1
20-03-2018 11:55:00,50.65,42.06,34.49,46.2,1
20-03-2018 11:56:00,50.08,41.92,34.47,45.93,1
20-03-2018 11:57:00,50.14,42.21,34.95,46.09,1
20-03-2018 11:58:00,50.07,42.42,35.43,46.18,1
20-03-2018 11:59:00,50.06,42.75,36.02,46.38,1
20-03-2018 12:00:00,49.96,42.84,36.23,46.47,1
20-03-2018 12:01:00,49.98,43.19,36.73,46.57,1
20-03-2018 12:02:00,50.02,43.32,37.11,46.7,1
20-03-2018 12:03:00,49.85,43.26,37.08,46.5,1
20-03-2018 12:04:00,49.58,43.19,36.98,46.39,1
20-03-2018 12:05:00,49.71,43.67,37.66,46.76,1
20-03-2018 12:06:00,49.7,43.56,37.53,46.7,1
20-03-2018 12:07:00,50.69,43.78,37.6,47.03,1
20-03-2018 12:08:00,51.75,43.76,37.35,47.43,1
20-03-2018 12:09:00,52.49,44.01,37.94,47.94,1
20-03-2018 12:10:00,53.23,43.78,37.24,48.13,1
20-03-2018 12:11:00,53.77,44.27,37.84,48.66,1
20-03-2018 12:12:00,54.3,44,37.23,48.83,1
20-03-2018 12:13:00,54.76,44.42,37.82,49.38,1
20-03-2018 12:14:00,55.52,44.25,37.4,49.53,1
20-03-2018 12:15:00,56.81,44.65,37.62,50.3,1
20-03-2018 12:16:00,58.72,44.49,36.73,50.78,1
20-03-2018 12:17:00,60.5,45.3,37.11,51.87,1
20-03-2018 12:18:00,61.86,45.54,36.94,52.43,1
20-03-2018 12:19:00,62.74,45.86,37.19,52.85,1
20-03-2018 12:20:00,62.65,46.07,37.06,52.94,1
20-03-2018 12:21:00,57.97,45.49,37.18,51.69,1
20-03-2018 12:22:00,56.46,45.11,37.08,50.8,1
20-03-2018 12:23:00,55.41,44.83,36.9,50.18,1
20-03-2018 12:24:00,54.38,44.55,36.9,49.53,1
20-03-2018 12:25:00,53.67,44.37,36.73,49.11,1
20-03-2018 12:26:00,53.2,44.34,37.17,48.77,1
20-03-2018 12:27:00,52.78,44.22,36.82,48.53,1
20-03-2018 12:28:00,52.11,43.85,36.76,48.02,1
20-03-2018 12:29:00,51.93,44.18,37.58,48.07,1
20-03-2018 12:30:00,51.72,44.06,37.28,47.94,1
20-03-2018 12:31:00,51.28,43.73,36.94,47.53,1
20-03-2018 12:32:00,51.13,43.9,37.45,47.55,1
20-03-2018 12:33:00,50.99,43.75,37.08,47.45,1
20-03-2018 12:34:00,50.86,43.61,36.95,47.34,1
20-03-2018 12:35:00,50.65,43.63,37.12,47.27,1
20-03-2018 12:36:00,50.25,43.14,36.39,46.79,1
20-03-2018 12:37:00,50.11,43,36.25,46.65,1
20-03-2018 12:38:00,49.84,42.77,36.25,46.41,1
20-03-2018 12:39:00,49.6,42.62,35.79,46.25,1
20-03-2018 12:40:00,49.5,42.18,35.28,45.83,1
20-03-2018 12:41:00,51.07,42.74,36.05,46.45,1
20-03-2018 12:42:00,51.91,43.01,36.3,47.01,1
20-03-2018 12:43:00,52.2,42.86,36,47.2,1
20-03-2018 12:44:00,52.53,42.63,35.69,47.15,1
20-03-2018 12:45:00,52.91,42.65,35.88,47.34,1
20-03-2018 12:46:00,53.21,42.82,36.14,47.72,1
20-03-2018 12:47:00,58.81,51.35,36.32,48.12,3
20-03-2018 12:48:00,58.61,51.77,36.21,48.32,3
20-03-2018 12:49:00,58.09,51.8,36.02,48.86,3
20-03-2018 12:50:00,57.19,51.39,36.02,48.9,3
20-03-2018 12:51:00,56.42,50.92,36.16,48.5,3
20-03-2018 12:52:00,55.96,50.48,35.58,48.34,3
20-03-2018 12:53:00,55.67,50.37,36.09,48.41,3
20-03-2018 12:54:00,55.78,50.58,36.33,48.59,3
20-03-2018 12:55:00,55.87,50.82,36.53,49.19,3
20-03-2018 12:56:00,55.67,50.85,36.53,49.63,3
20-03-2018 12:57:00,55.29,50.58,36.09,49.8,3
20-03-2018 12:58:00,54.91,50.34,35.9,49.64,3
20-03-2018 12:59:00,54.79,50.21,36.36,49.4,3
20-03-2018 13:00:00,54.94,50.34,36.34,49.68,3
20-03-2018 13:01:00,55,50.47,36.31,50.18,3
20-03-2018 13:02:00,54.79,50.37,36.14,50.32,3
20-03-2018 13:03:00,54.59,50.27,36.29,50.35,3
20-03-2018 13:04:00,54.3,50.07,36.31,50.16,3
20-03-2018 13:05:00,54,49.76,35.92,49.99,3
20-03-2018 13:06:00,54.23,49.83,36.56,49.85,3
20-03-2018 13:07:00,54.3,50.03,36.3,50.14,3
20-03-2018 13:08:00,54.3,50.13,36.43,50.6,3
20-03-2018 13:09:00,54.2,50.07,36.08,50.77,3
20-03-2018 13:10:00,54,50.03,36.69,50.77,3
20-03-2018 13:11:00,53.71,49.76,36.79,50.4,3
20-03-2018 13:12:00,53.68,49.49,36.27,50.27,3
20-03-2018 13:13:00,53.77,49.39,36.21,50.74,3
20-03-2018 13:14:00,53.79,49.29,36.51,51.01,3
20-03-2018 13:15:00,53.88,49.02,36.34,51.23,3
20-03-2018 13:16:00,53.91,48.72,36.24,51.17,3
20-03-2018 13:17:00,53.97,48.66,36.38,50.9,3
20-03-2018 13:18:00,54.36,48.83,36.87,50.47,3
20-03-2018 13:19:00,55.29,49.34,36.34,50.7,3
20-03-2018 13:20:00,57.01,50.32,36.43,51.04,3
20-03-2018 13:21:00,58.17,51.09,36.19,51.2,3
20-03-2018 15:28:00,57.52,45.1,37.3,51.23,1
20-03-2018 15:29:00,59.38,45.17,36.47,51.82,1
20-03-2018 15:30:00,61.04,45.19,36.14,52.35,1
20-03-2018 15:31:00,61.88,45.06,35.66,52.49,1
20-03-2018 15:32:00,59.68,45.02,35.82,52.14,1
20-03-2018 15:33:00,57.54,44.85,36.07,51.28,1
20-03-2018 15:34:00,56.43,44.87,36.38,50.78,1
20-03-2018 15:35:00,55.7,44.66,36.27,50.34,1
20-03-2018 15:36:00,54.84,44.45,36.18,49.82,1
20-03-2018 15:37:00,54.17,44.07,36.01,49.37,1
20-03-2018 15:38:00,53.65,44.01,36.12,48.92,1
20-03-2018 15:39:00,53.17,43.93,35.8,48.62,1
20-03-2018 15:40:00,52.4,43.52,35.83,48.04,1
20-03-2018 15:41:00,52.06,43.52,36.07,47.83,1
20-03-2018 15:42:00,51.67,43.45,36.18,47.56,1
20-03-2018 15:43:00,51.49,43.52,36.32,47.52,1
20-03-2018 15:44:00,51.37,43.73,36.69,47.58,1
20-03-2018 15:45:00,51.26,43.49,36.25,47.31,1
20-03-2018 15:46:00,50.76,43.03,35.85,46.9,1
20-03-2018 15:47:00,50.44,43.22,36.3,46.8,1
20-03-2018 15:48:00,50.31,43.05,36.17,46.64,1
20-03-2018 15:49:00,50.54,43.09,35.92,46.69,1
20-03-2018 15:50:00,51.96,43.68,36.41,47.58,1
20-03-2018 15:51:00,52.91,43.52,36.12,47.79,1
20-03-2018 15:52:00,53.33,43.35,35.84,47.92,1
20-03-2018 15:53:00,53.94,43.35,35.77,48.22,1
20-03-2018 15:54:00,54.39,43.29,35.79,48.34,1
20-03-2018 15:55:00,54.97,43.41,35.72,48.69,1
20-03-2018 15:56:00,55.43,43.38,35.66,48.93,1
20-03-2018 15:57:00,54.5,42.24,35.83,43.4,5
20-03-2018 15:58:00,53.56,42.09,35.79,42.98,5
20-03-2018 15:59:00,52.85,42.14,35.73,42.82,5
20-03-2018 16:00:00,52.38,42.14,36.05,42.84,5
20-03-2018 16:01:00,51.94,42.11,35.98,42.84,5
20-03-2018 16:02:00,51.56,41.83,35.63,42.51,5
20-03-2018 16:03:00,50.12,41.27,35.05,41.95,5
20-03-2018 16:04:00,49.37,41.27,35.29,41.74,5
20-03-2018 16:05:00,48.96,41.2,35.29,41.81,5
20-03-2018 16:06:00,48.52,41.29,35.53,41.77,5
20-03-2018 16:07:00,48.37,41.49,35.7,41.87,5
20-03-2018 16:08:00,48.03,41.42,35.28,41.77,5
20-03-2018 16:09:00,47.28,41.17,35.31,41.45,5
20-03-2018 16:10:00,47.01,41.2,35.34,41.49,5
20-03-2018 16:11:00,47.1,41.24,35.33,41.52,5
20-03-2018 16:12:00,46.55,41.13,35.37,41.42,5
20-03-2018 16:13:00,46.55,41.13,35.12,41.35,5
20-03-2018 16:14:00,48.85,41.04,35.33,41.52,5
20-03-2018 16:15:00,48.15,41.17,35.47,41.5,5
20-03-2018 16:16:00,47.83,41.15,35.43,41.5,5
20-03-2018 16:17:00,47.65,41.55,35.72,41.77,5
20-03-2018 16:18:00,47.57,41.71,35.8,41.67,5
20-03-2018 16:19:00,47.65,41.24,35.47,41.46,5
20-03-2018 16:20:00,47.94,41.55,35.85,41.68,5
20-03-2018 16:21:00,48.64,41.62,35.89,41.81,5
20-03-2018 16:22:00,50.82,41.13,35.34,41.65,5
20-03-2018 16:23:00,52.88,41.37,35.5,42.05,5
20-03-2018 16:24:00,51.71,41,35.34,41.59,5
20-03-2018 16:25:00,51.09,41.34,35.72,41.9,5
20-03-2018 16:26:00,50.44,41.3,35.47,41.85,5
20-03-2018 16:27:00,49.66,41.37,35.47,41.74,5
20-03-2018 16:28:00,48.91,41,35.05,41.46,5
20-03-2018 16:29:00,48.5,41.13,35.24,41.46,5
20-03-2018 16:30:00,48.12,41.16,35.28,41.52,5
20-03-2018 16:31:00,47.97,41.13,35.15,41.49,5
20-03-2018 16:32:00,47.49,41.06,35.26,41.35,5
20-03-2018 16:33:00,47.22,41.09,35.29,41.32,5
20-03-2018 16:34:00,46.6,41.04,35.29,41.21,5
20-03-2018 16:35:00,46.53,41.17,35.61,41.35,5
20-03-2018 16:36:00,46.65,41.34,35.4,41.52,5
20-03-2018 16:37:00,46.24,41.24,35.28,41.37,5
20-03-2018 16:38:00,46.03,41.24,35.41,41.23,5
20-03-2018 16:39:00,45.77,41.37,35.56,41.39,5
20-03-2018 16:40:00,45.86,41.44,35.56,41.51,5
20-03-2018 16:41:00,45.79,41.3,35.61,41.39,5
20-03-2018 16:42:00,45.57,41.62,35.94,41.52,5
20-03-2018 16:43:00,45.74,41.96,36.21,41.69,5
20-03-2018 16:44:00,45.43,41.65,35.97,41.52,5
20-03-2018 16:45:00,45.12,41.49,35.88,41.46,5
20-03-2018 16:46:00,44.93,41.6,36.14,41.53,5
20-03-2018 16:47:00,45.32,42.07,36.38,41.87,5
20-03-2018 16:48:00,45.45,41.94,36.07,41.76,5
20-03-2018 16:49:00,46.18,42.1,36.31,41.89,5
20-03-2018 16:50:00,46.37,42.23,36.55,42,5
20-03-2018 16:51:00,46.8,42.27,36.47,42.18,5
20-03-2018 16:52:00,47.28,42.44,36.56,42.25,5
20-03-2018 16:53:00,47.83,42.44,36.56,42.21,5
20-03-2018 16:54:00,48.52,42.1,36.19,42.07,5
20-03-2018 16:55:00,48.94,42.1,36.4,42.12,5
20-03-2018 16:56:00,49.35,42.13,36.29,42.29,5
20-03-2018 16:57:00,49.99,42.2,36.55,42.36,5
20-03-2018 16:58:00,51.44,42.07,36.33,42.37,5
20-03-2018 16:59:00,53.52,42.51,36.8,42.84,5
20-03-2018 17:00:00,53.76,42.54,36.73,43.01,5
20-03-2018 17:01:00,52.27,42.44,36.65,42.84,5
20-03-2018 17:02:00,51.37,42.71,37.19,42.95,5
20-03-2018 17:03:00,50.82,42.27,36.33,42.58,5
20-03-2018 17:04:00,49.64,42,36.26,42.19,5
20-03-2018 17:05:00,48.92,41.45,35.65,41.74,5
20-03-2018 17:06:00,48.15,41.52,35.9,41.81,5
20-03-2018 17:07:00,48.26,41.72,35.85,41.92,5
20-03-2018 17:08:00,47.72,41.25,35.33,41.5,5
20-03-2018 17:09:00,47.21,41.36,35.47,41.5,5
20-03-2018 17:10:00,46.96,41.37,35.33,41.52,5
20-03-2018 17:11:00,46.76,41.41,35.5,41.49,5
20-03-2018 17:12:00,46.69,41.49,35.72,41.55,5
20-03-2018 17:13:00,46.44,41.55,35.56,41.52,5
20-03-2018 17:14:00,46.2,41.51,35.63,41.49,5
20-03-2018 17:15:00,45.86,41.24,35.4,41.35,5
20-03-2018 17:16:00,45.65,41.36,35.61,41.35,5
20-03-2018 17:17:00,45.52,41.15,35.29,41.25,5
20-03-2018 17:18:00,45.27,41.24,35.26,41.17,5
20-03-2018 17:19:00,44.97,41.04,35.09,40.97,5
20-03-2018 17:20:00,44.93,41.27,35.54,41.18,5
20-03-2018 17:21:00,44.99,41.39,35.72,41.28,5
20-03-2018 17:22:00,45.83,41.29,35.61,41.35,5
20-03-2018 17:23:00,45.93,41.49,35.83,41.49,5
20-03-2018 17:24:00,45.38,41.65,36.04,41.46,5
20-03-2018 17:25:00,45.5,41.39,35.66,41.33,5
20-03-2018 17:26:00,45.65,41.57,35.87,41.48,5
20-03-2018 17:27:00,45.9,41.84,36.19,41.65,5
20-03-2018 17:28:00,46.47,42,36.31,41.76,5
20-03-2018 17:29:00,46.88,41.97,36.39,41.83,5
20-03-2018 17:30:00,48.09,42.14,36.59,42.07,5
20-03-2018 17:31:00,50.44,42.18,36.75,42.42,5
20-03-2018 17:32:00,52.68,42.35,36.66,42.75,5
20-03-2018 17:33:00,52,42.58,36.69,42.89,5
20-03-2018 17:34:00,51.29,42.52,36.55,42.61,5
20-03-2018 17:35:00,50.59,42.62,36.97,42.61,5
20-03-2018 17:36:00,50.01,42.31,36.63,42.54,5
20-03-2018 17:37:00,49.66,42.7,37.11,42.81,5
20-03-2018 17:38:00,49.25,42.46,36.68,42.58,5
20-03-2018 17:39:00,47.72,42.63,36.38,44.98,1
20-03-2018 17:40:00,47.83,42.73,36.54,45.15,1
20-03-2018 17:41:00,47.86,42.73,36.75,45.18,1
20-03-2018 17:42:00,47.86,42.66,36.56,45.12,1
20-03-2018 17:43:00,48.03,42.7,36.47,45.25,1
20-03-2018 17:44:00,48.19,42.8,36.72,45.41,1
20-03-2018 17:45:00,48.21,42.93,37.01,45.41,1
20-03-2018 17:46:00,48.34,43.02,37.06,45.53,1
20-03-2018 17:47:00,48.31,42.93,36.82,45.5,1
20-03-2018 17:48:00,48.41,43.02,36.96,45.6,1
20-03-2018 17:49:00,48.41,43.02,36.96,45.63,1
20-03-2018 17:50:00,48.28,42.88,36.93,45.5,1
20-03-2018 17:51:00,48.41,42.95,37,45.56,1
20-03-2018 17:52:00,48.41,43.02,36.96,45.67,1
20-03-2018 17:53:00,48.41,43.05,37.05,45.7,1
20-03-2018 17:54:00,48.41,43.02,37.01,45.7,1
20-03-2018 17:55:00,48.34,43.09,37.25,45.67,1
20-03-2018 17:56:00,48.38,43.15,37.39,45.7,1
20-03-2018 17:57:00,48.51,43.4,37.67,45.91,1
20-03-2018 17:58:00,48.58,43.42,37.45,46.01,1
20-03-2018 17:59:00,48.58,43.5,37.95,46.01,1
20-03-2018 18:00:00,48.65,43.5,37.87,46.04,1
20-03-2018 18:01:00,49.34,43.71,38.29,46.32,1
20-03-2018 18:02:00,50.18,43.75,37.95,46.67,1
20-03-2018 18:03:00,50.81,43.73,37.87,46.94,1
20-03-2018 18:04:00,51.19,43.8,38.04,47.22,1
20-03-2018 18:05:00,51.64,43.78,38.04,47.48,1
20-03-2018 18:06:00,52.07,44.13,38.46,47.93,1
20-03-2018 18:07:00,52.37,44.29,38.47,48.25,1
20-03-2018 18:08:00,52.9,44.29,38.4,48.6,1
20-03-2018 18:09:00,54.68,44.62,38.17,49.4,1
20-03-2018 18:10:00,57,45.16,38.24,50.44,1
20-03-2018 18:11:00,59.21,46.12,38.82,51.76,1
20-03-2018 18:12:00,60.19,46.53,38.85,52.44,1
20-03-2018 18:13:00,58,46.53,38.98,52.11,1
20-03-2018 18:14:00,56.13,45.9,38.33,51.14,1
20-03-2018 18:15:00,55.46,46.04,39.01,50.85,1
20-03-2018 18:16:00,55.06,46.21,39.44,50.67,1
20-03-2018 18:17:00,54.38,46.2,39.62,50.4,1
20-03-2018 18:18:00,53.79,46.06,39.62,49.96,1
20-03-2018 18:19:00,53.17,45.8,39.52,49.48,1
20-03-2018 18:20:00,52.82,45.83,39.77,49.4,1
20-03-2018 18:21:00,52.53,45.86,39.84,49.27,1
20-03-2018 18:22:00,52.26,45.45,39.17,48.9,1
20-03-2018 18:23:00,51.97,45.47,39.44,48.79,1
20-03-2018 18:24:00,51.65,45.3,39.33,48.59,1
20-03-2018 18:25:00,51.37,44.99,38.9,48.22,1
20-03-2018 18:26:00,51.37,45.13,39.2,48.31,1
20-03-2018 18:27:00,51.29,45.1,38.96,48.24,1
20-03-2018 18:28:00,50.92,44.65,38.4,47.77,1
20-03-2018 18:29:00,50.85,44.85,39,47.86,1
20-03-2018 18:30:00,50.96,45.09,39.47,48,1
20-03-2018 18:31:00,50.72,44.99,39.35,47.83,1
20-03-2018 18:32:00,50.85,45.33,39.89,48.1,1
20-03-2018 18:33:00,50.88,45.54,40.13,48.23,1
20-03-2018 18:34:00,50.55,45.06,39.24,47.83,1
20-03-2018 18:35:00,50.35,44.92,39.14,47.67,1
20-03-2018 18:36:00,50.41,45.06,39.55,47.73,1
20-03-2018 18:37:00,50.31,44.82,38.96,47.56,1
20-03-2018 18:38:00,50.24,44.65,38.69,47.45,1
20-03-2018 18:39:00,50.18,44.58,38.72,47.42,1
20-03-2018 18:40:00,50.11,44.65,38.96,47.38,1
20-03-2018 18:41:00,50.14,44.78,39.14,47.45,1
20-03-2018 18:42:00,50.34,45.02,39.56,47.62,1
20-03-2018 18:43:00,50.18,44.89,39.18,47.52,1
20-03-2018 18:44:00,50.21,44.89,39.21,47.55,1
20-03-2018 18:45:00,50.14,44.82,39.14,47.52,1
20-03-2018 18:46:00,50.21,44.82,39.17,47.48,1
20-03-2018 18:47:00,50.34,44.95,39.3,47.62,1
20-03-2018 18:48:00,50.37,44.97,39.27,47.65,1
20-03-2018 18:49:00,50.79,44.87,39.19,47.69,1
20-03-2018 18:50:00,51.46,44.82,39.05,47.93,1
20-03-2018 18:51:00,52.24,45.03,39.33,48.33,1
20-03-2018 18:52:00,52.94,45.31,39.65,48.85,1
20-03-2018 18:53:00,53.53,45.42,39.45,49.27,1
20-03-2018 18:54:00,54.06,45.47,39.44,49.5,1
20-03-2018 18:55:00,54.42,45.54,39.65,49.76,1
20-03-2018 18:56:00,54.97,45.82,40.04,50.2,1
20-03-2018 18:57:00,56.1,46.09,39.72,50.82,1
20-03-2018 18:58:00,58.42,46.6,39.62,51.79,1
20-03-2018 18:59:00,60.37,47.28,40.1,52.88,1
20-03-2018 19:00:00,57.1,47,40.56,52.37,4
20-03-2018 19:01:00,56.69,47.11,40.88,52.2,4
20-03-2018 19:02:00,56.34,47.28,41.26,51.93,4
20-03-2018 19:03:00,55.94,47.43,41.49,51.75,4
20-03-2018 19:04:00,55.61,47.56,41.82,51.63,4
20-03-2018 19:05:00,55.38,47.7,42.1,51.55,4
20-03-2018 19:06:00,55.11,47.94,42.35,51.46,4
20-03-2018 19:07:00,55.06,48.08,42.63,51.46,4
20-03-2018 19:08:00,54.87,48.21,42.8,51.48,4
20-03-2018 19:09:00,54.76,48.35,42.98,51.46,4
20-03-2018 19:10:00,54.62,48.43,43.18,51.46,4
20-03-2018 19:11:00,54.55,48.6,43.36,51.46,4
20-03-2018 19:12:00,54.46,48.73,43.6,51.46,4
20-03-2018 19:13:00,54.35,48.8,43.67,51.46,4
20-03-2018 19:14:00,54.38,48.94,43.91,51.48,4
20-03-2018 19:15:00,54.32,49.11,44.09,51.48,4
20-03-2018 19:16:00,54.23,49.27,44.29,51.51,4
20-03-2018 19:17:00,54.23,49.38,44.42,51.51,4
20-03-2018 19:18:00,54.17,49.45,44.47,51.51,4
20-03-2018 19:19:00,54.11,49.62,44.64,51.54,4
20-03-2018 19:20:00,54.14,49.72,44.74,51.51,4
20-03-2018 19:21:00,54.05,49.69,44.97,51.75,4
20-03-2018 19:22:00,53.93,49.89,45.14,51.45,4
20-03-2018 19:23:00,53.46,49.82,44.82,50.75,4
20-03-2018 19:24:00,52.85,49.5,44.44,50.14,4
20-03-2018 19:25:00,52.25,49.23,43.99,49.61,4
20-03-2018 19:26:00,51.69,48.95,43.61,49.34,4
20-03-2018 19:27:00,51.04,48.71,43.22,48.79,4
20-03-2018 19:28:00,50.4,48.53,43.25,48.47,4
20-03-2018 19:29:00,49.95,48.36,43.11,48.34,4
20-03-2018 19:30:00,49.67,48.29,43.11,48.2,4
20-03-2018 19:31:00,49.56,48.29,43.15,48.19,4
20-03-2018 19:32:00,49.6,48.29,43.22,48.12,4
20-03-2018 19:33:00,49.5,48.12,43.11,48.19,4
20-03-2018 19:34:00,49.47,48.17,43.26,48.24,4
20-03-2018 19:35:00,49.75,48.37,43.51,48.37,4
20-03-2018 19:36:00,0,48.55,43.83,48.62,4
20-03-2018 19:37:00,50.36,48.72,44,48.86,4
20-03-2018 19:38:00,50.63,48.86,43.92,49.14,4
20-03-2018 19:39:00,50.74,48.89,44.09,49.21,4
20-03-2018 19:40:00,50.95,49.08,44.4,49.45,4
20-03-2018 19:41:00,51.14,49.24,44.67,49.59,4
20-03-2018 19:42:00,51.24,49.42,44.8,49.69,4
20-03-2018 19:43:00,51.33,49.55,44.91,49.73,4
20-03-2018 19:44:00,51.42,49.65,45.05,49.93,4
20-03-2018 19:45:00,51.48,49.73,45.08,49.97,4
20-03-2018 19:46:00,51.51,49.89,45.22,50,4
20-03-2018 19:47:00,51.57,50.03,45.35,50.14,4
20-03-2018 19:48:00,51.57,50.1,45.45,50.14,4
20-03-2018 19:49:00,51.54,50.17,45.5,50.18,4
20-03-2018 19:50:00,51.57,50.37,45.67,50.21,4
20-03-2018 19:51:00,51.62,50.5,45.73,50.34,4
20-03-2018 19:52:00,51.66,50.44,45.56,50.41,4
20-03-2018 19:53:00,51.6,50.44,45.73,50.27,4
20-03-2018 19:54:00,51.69,50.47,45.73,50.44,4
20-03-2018 19:55:00,51.72,50.54,45.83,50.44,4
20-03-2018 19:56:00,51.75,50.55,45.83,50.55,4
20-03-2018 19:57:00,51.75,50.55,45.86,50.52,4
20-03-2018 19:58:00,51.78,50.55,45.84,50.59,4
20-03-2018 19:59:00,51.78,50.55,45.83,50.65,4
20-03-2018 20:00:00,51.8,50.55,45.8,50.69,4
20-03-2018 20:01:00,51.83,50.75,46.03,50.69,4
20-03-2018 20:02:00,51.86,50.82,46.01,50.69,4
20-03-2018 20:03:00,51.83,50.85,46.03,50.65,4
20-03-2018 20:04:00,51.78,51.02,46.13,50.65,4
20-03-2018 20:05:00,51.75,50.98,46.06,50.62,4
20-03-2018 20:06:00,51.72,50.96,46.04,50.65,4
20-03-2018 20:07:00,51.75,50.96,46.08,50.69,4
20-03-2018 20:08:00,51.72,50.96,45.77,50.59,4
20-03-2018 20:09:00,51.72,50.92,46.04,50.72,4
20-03-2018 20:10:00,51.75,51.13,46.24,50.88,4
20-03-2018 20:11:00,51.72,51.43,46.6,50.47,4
20-03-2018 20:12:00,51.39,51.12,46.17,49.61,4
20-03-2018 20:13:00,50.7,50.97,46.08,48.75,4
20-03-2018 20:14:00,50.05,50.79,45.73,48.19,4
20-03-2018 20:15:00,49.44,50.09,45.02,47.6,4
20-03-2018 20:16:00,48.71,49.88,44.8,47.22,4
20-03-2018 20:17:00,48.32,49.67,44.56,47.12,4
20-03-2018 20:18:00,48.05,49.8,44.66,47.05,4
20-03-2018 20:19:00,47.75,49.69,44.49,47.12,4
20-03-2018 20:20:00,47.85,49.63,44.42,47.15,4
20-03-2018 20:21:00,47.92,49.46,44.35,47.25,4
20-03-2018 20:22:00,48.02,49.36,44.19,47.36,4
20-03-2018 20:23:00,48.15,49.37,44.33,47.42,4
20-03-2018 20:24:00,48.5,49.54,44.75,47.61,4
20-03-2018 20:25:00,48.75,49.71,44.79,47.86,4
21-03-2018 03:40:00,54.84,54.72,52.42,60.57,6
21-03-2018 03:41:00,54.87,54.72,52.47,60.57,6
21-03-2018 03:42:00,54.91,54.75,52.47,60.57,6
21-03-2018 03:43:00,54.94,54.87,52.42,60.62,6
21-03-2018 03:44:00,54.94,54.87,52.5,60.62,6
21-03-2018 03:45:00,54.97,54.9,52.39,60.57,6
21-03-2018 03:46:00,54.97,54.84,52.47,60.62,6
21-03-2018 03:47:00,54.97,54.9,52.47,60.57,6
21-03-2018 03:48:00,54.99,54.93,52.5,60.62,6
21-03-2018 03:49:00,55.02,55.02,52.53,60.62,6
21-03-2018 03:50:00,55.02,55.02,52.53,60.62,6
21-03-2018 03:51:00,55.05,55.02,52.56,60.62,6
21-03-2018 03:52:00,55.05,55.02,52.56,60.62,6
21-03-2018 03:53:00,55.05,54.99,52.56,60.62,6
21-03-2018 03:54:00,55.05,54.99,52.59,60.62,6
21-03-2018 03:55:00,55.08,55.02,52.65,60.62,6
21-03-2018 03:56:00,55.08,55.1,52.65,60.62,6
21-03-2018 03:57:00,55.11,55.13,52.59,60.62,6
21-03-2018 03:58:00,55.11,55.13,52.59,60.62,6
21-03-2018 03:59:00,55.14,55.13,52.56,60.62,6
21-03-2018 04:00:00,55.14,55.13,52.56,60.62,6
21-03-2018 04:01:00,55.14,55.16,52.53,60.62,6
21-03-2018 04:02:00,55.14,55.23,52.56,60.62,6
21-03-2018 04:03:00,55.14,55.2,52.53,60.6,6
21-03-2018 04:04:00,55.14,55.2,52.68,60.62,6
21-03-2018 04:05:00,55.16,55.28,52.65,60.62,6
21-03-2018 04:06:00,55.2,55.34,52.68,60.62,6
21-03-2018 04:07:00,55.2,55.34,52.53,60.62,6
21-03-2018 04:08:00,55.2,55.4,52.47,60.62,6
21-03-2018 04:09:00,55.2,55.37,52.42,60.62,6
21-03-2018 04:10:00,55.2,55.4,52.53,60.57,6
21-03-2018 04:11:00,55.2,55.4,52.5,60.57,6
21-03-2018 04:12:00,55.2,55.4,52.5,60.57,6
21-03-2018 04:13:00,55.2,55.42,52.47,60.57,6
21-03-2018 04:14:00,55.2,55.42,52.5,60.57,6
21-03-2018 04:15:00,55.23,55.42,52.53,60.54,6
21-03-2018 04:16:00,55.23,55.49,52.53,60.51,6
21-03-2018 04:17:00,55.23,55.42,52.53,60.51,6
21-03-2018 04:18:00,55.2,55.52,52.56,60.47,6
21-03-2018 04:19:00,55.23,55.42,52.59,60.47,6
21-03-2018 04:20:00,55.23,55.4,52.71,60.47,6
21-03-2018 04:21:00,55.23,55.37,52.74,60.51,6
21-03-2018 04:22:00,55.26,55.37,52.77,60.51,6
21-03-2018 04:23:00,55.26,55.42,52.77,60.51,6
21-03-2018 04:24:00,55.26,55.45,52.74,60.51,6
21-03-2018 04:25:00,55.26,55.42,52.74,60.47,6
21-03-2018 04:26:00,55.26,55.42,52.74,60.47,6
21-03-2018 04:27:00,55.26,55.37,52.8,60.51,6
21-03-2018 04:28:00,55.26,55.42,52.86,60.51,6
21-03-2018 04:29:00,55.26,55.49,52.88,60.54,6
21-03-2018 04:30:00,55.26,55.52,52.91,60.54,6
21-03-2018 04:31:00,55.26,55.52,52.91,60.54,6
21-03-2018 04:32:00,55.26,55.46,52.94,60.54,6
21-03-2018 04:33:00,55.26,55.52,52.98,60.51,6
21-03-2018 04:34:00,55.26,55.49,53.09,60.54,6
21-03-2018 04:35:00,55.29,55.55,53.1,60.51,6
21-03-2018 04:36:00,55.29,55.52,53.06,60.54,6
21-03-2018 04:37:00,55.29,55.58,53.15,60.57,6
21-03-2018 04:38:00,55.32,55.61,53.15,60.57,6
21-03-2018 04:39:00,55.32,55.64,53.12,60.57,6
21-03-2018 04:40:00,55.32,55.58,53.12,60.54,6
21-03-2018 04:41:00,55.32,55.61,53.15,60.57,6
21-03-2018 04:42:00,55.32,55.61,53.18,60.62,6
21-03-2018 04:43:00,55.32,55.64,53.18,60.62,6
21-03-2018 04:44:00,55.32,55.67,53.18,60.62,6
21-03-2018 04:45:00,55.34,55.72,53.21,60.6,6
21-03-2018 04:46:00,55.34,55.75,53.23,60.57,6
21-03-2018 04:47:00,55.34,55.78,53.21,60.51,6
21-03-2018 04:48:00,55.34,55.84,53.27,60.51,6
21-03-2018 04:49:00,55.34,55.78,53.3,60.51,6
21-03-2018 04:50:00,55.34,55.7,53.21,60.51,6
21-03-2018 04:51:00,55.37,55.7,53.3,60.51,6
21-03-2018 04:52:00,55.37,55.78,53.3,60.51,6
21-03-2018 04:53:00,55.37,55.78,53.3,60.51,6
21-03-2018 04:54:00,55.37,55.84,53.33,60.51,6
21-03-2018 04:55:00,55.37,55.9,53.33,60.47,6
21-03-2018 04:56:00,55.37,55.9,53.39,60.44,6
21-03-2018 04:57:00,55.37,55.87,53.42,60.42,6
21-03-2018 04:58:00,55.37,55.78,53.45,60.42,6
21-03-2018 04:59:00,55.37,55.96,53.54,60.42,6
21-03-2018 05:00:00,55.37,55.81,53.45,60.39,6
21-03-2018 05:01:00,55.37,55.81,53.24,60.39,6
21-03-2018 05:02:00,55.37,55.9,53.33,60.39,6
21-03-2018 05:03:00,55.37,55.9,53.33,60.36,6
21-03-2018 05:04:00,55.37,55.9,53.42,60.33,6
21-03-2018 05:05:00,55.37,55.84,53.45,60.33,6
21-03-2018 05:06:00,55.37,55.9,53.51,60.3,6
21-03-2018 05:07:00,55.4,55.9,53.54,60.27,6
21-03-2018 05:08:00,55.4,55.9,53.59,60.27,6
21-03-2018 05:09:00,55.43,55.87,53.47,60.24,6
21-03-2018 05:10:00,55.43,55.9,53.3,60.21,6
21-03-2018 05:11:00,55.43,55.9,53.36,60.18,6
21-03-2018 05:12:00,55.43,55.9,53.41,60.15,6
21-03-2018 05:13:00,55.43,55.9,53.41,60.12,6
21-03-2018 05:14:00,55.46,55.93,53.41,60.09,6
21-03-2018 05:15:00,55.49,55.93,53.41,60.06,6
21-03-2018 05:16:00,55.49,55.96,53.44,60,6
21-03-2018 05:17:00,55.52,55.99,53.41,59.98,6
21-03-2018 05:18:00,55.52,55.93,53.36,59.95,6
21-03-2018 05:19:00,55.52,55.96,53.47,59.92,6
21-03-2018 05:20:00,55.52,55.99,53.53,59.89,6
21-03-2018 05:21:00,55.55,55.93,53.56,59.83,6
21-03-2018 05:22:00,55.55,55.93,53.36,59.77,6
21-03-2018 05:23:00,55.58,55.99,53.36,59.68,6
21-03-2018 05:24:00,55.61,56.05,53.47,59.62,6
21-03-2018 05:25:00,55.61,56.07,53.5,59.56,6
21-03-2018 05:26:00,55.61,56.02,53.53,59.56,6
21-03-2018 05:27:00,55.64,55.99,53.53,59.51,6
21-03-2018 05:28:00,55.64,56.02,53.59,59.41,6
21-03-2018 05:29:00,55.67,55.99,53.56,59.33,6
21-03-2018 05:30:00,55.67,56.02,53.59,59.24,6
21-03-2018 05:31:00,55.73,56.08,53.41,59.12,6
21-03-2018 05:32:00,55.75,56.13,53.41,59.06,6
21-03-2018 05:33:00,55.75,56.1,53.36,59,6
21-03-2018 05:34:00,55.75,56.1,53.44,58.92,6
21-03-2018 05:35:00,55.78,56.13,53.45,58.8,6
21-03-2018 05:36:00,55.78,56.16,53.39,58.65,6
21-03-2018 10:32:00,55.49,51.95,45.88,54.59,1
21-03-2018 10:33:00,55.2,51.31,45.54,53.97,1
21-03-2018 10:34:00,55.14,50.76,45.06,53.67,1
21-03-2018 10:35:00,55.14,50.66,45.42,53.65,1
21-03-2018 10:36:00,55.35,50.4,45.09,53.44,1
21-03-2018 10:37:00,55.72,50.7,45.68,53.88,1
21-03-2018 10:38:00,56.04,50.63,45.25,53.97,1
21-03-2018 10:39:00,56.39,50.4,44.83,53.91,1
21-03-2018 10:40:00,56.68,50.16,44.56,54,1
21-03-2018 10:41:00,57.04,50.19,44.53,54.03,1
21-03-2018 10:42:00,57.35,50.56,45.06,54.47,1
21-03-2018 10:43:00,57.88,50.18,44.23,54.47,1
21-03-2018 10:44:00,59.01,50.18,43.9,54.71,1
21-03-2018 10:45:00,60.26,50.87,44.51,55.53,1
21-03-2018 10:46:00,61.95,51.3,44.33,56.32,1
21-03-2018 10:47:00,63.32,51.12,43.51,56.59,1
21-03-2018 10:48:00,64.22,51.52,43.78,56.97,1
21-03-2018 10:49:00,64.14,51.5,43.8,57,1
21-03-2018 10:50:00,62.86,51.08,43.69,56.59,1
21-03-2018 10:51:00,61.63,50.86,44.14,55.91,1
21-03-2018 10:52:00,60.96,50.72,44.19,55.68,1
21-03-2018 10:53:00,61.22,51.07,44.69,55.94,1
21-03-2018 10:54:00,62.04,51.13,44.41,56.24,1
21-03-2018 10:55:00,63.11,51.56,44.75,56.83,1
21-03-2018 10:56:00,64.59,51.65,44.17,57.19,1
21-03-2018 10:57:00,65.95,52.27,44.38,57.92,1
21-03-2018 10:58:00,67.05,52.5,44.38,58.48,1
21-03-2018 10:59:00,67.08,52.47,44.12,58.51,1
21-03-2018 11:00:00,65.27,51.91,43.98,57.8,1
21-03-2018 11:01:00,63.4,51.04,43.5,56.8,1
21-03-2018 11:02:00,62.04,50.47,43.29,56.07,1
21-03-2018 11:03:00,62.15,50.74,44.26,56.21,1
21-03-2018 11:04:00,63.19,50.98,43.85,56.48,1
21-03-2018 11:05:00,64.44,51.38,43.77,57.13,1
21-03-2018 11:06:00,65.78,51.66,43.74,57.62,1
21-03-2018 11:07:00,66.8,51.79,43.38,58.06,1
21-03-2018 11:08:00,67.57,52.17,43.87,58.45,1
21-03-2018 11:09:00,68.21,52.41,44.11,58.71,1
21-03-2018 11:10:00,67.63,52.14,43.71,58.54,1
21-03-2018 11:11:00,65.15,51.61,43.59,57.65,1
21-03-2018 11:12:00,63.34,50.98,43.76,56.65,1
21-03-2018 11:13:00,62.47,50.85,43.96,56.42,1
21-03-2018 11:14:00,63.31,50.84,43.51,56.65,1
21-03-2018 11:15:00,64.59,51.01,43.29,57.06,1
21-03-2018 11:16:00,62.65,56.4,43.64,57.33,3
21-03-2018 11:17:00,63.64,57.05,43.9,57.33,3
21-03-2018 11:18:00,64.22,57.16,43.1,56.97,3
21-03-2018 11:19:00,65.19,57.99,43.99,56.8,3
21-03-2018 11:20:00,65.4,58.58,43.78,57.65,3
21-03-2018 11:21:00,64.79,58.67,43.58,58.06,3
21-03-2018 11:22:00,63.8,58.34,43.55,58.13,3
21-03-2018 11:23:00,62.9,57.75,42.55,57.77,3
21-03-2018 11:24:00,62.08,57.31,43,57.45,3
21-03-2018 11:25:00,61.74,57.1,43.45,57.1,3
21-03-2018 11:26:00,61.37,56.9,42.93,57.21,3
21-03-2018 11:27:00,61.02,56.87,44.25,57.3,3
21-03-2018 11:28:00,60.76,56.72,44.16,57.35,3
21-03-2018 11:29:00,60.26,56.49,44.18,57.42,3
21-03-2018 11:30:00,59.88,56.19,44.32,57.21,3
21-03-2018 11:31:00,59.82,56.07,44.32,57.32,3
21-03-2018 11:32:00,59.5,55.78,43.97,57.48,3
21-03-2018 11:33:00,59.03,55.52,44.44,57.54,3
21-03-2018 11:34:00,58.77,55.07,43.92,57.56,3
21-03-2018 11:35:00,58.67,54.78,43.87,57.83,3
21-03-2018 11:36:00,58.47,54.27,43.45,57.51,3
21-03-2018 11:37:00,58.99,54.39,43.32,57.48,3
21-03-2018 11:38:00,59.32,54.39,42.51,57.77,3
21-03-2018 11:39:00,60.15,54.96,43.1,58.06,3
21-03-2018 11:40:00,61.51,55.4,42.11,58.21,3
21-03-2018 11:41:00,62.74,55.87,41.39,58,3
21-03-2018 11:42:00,63.79,56.58,41.7,57.56,3
21-03-2018 11:43:00,64.81,57.4,41.81,57.51,3
21-03-2018 11:44:00,65.04,57.78,40.88,57.59,3
21-03-2018 11:45:00,64.44,58.08,41.16,57.48,3
21-03-2018 11:46:00,63.39,57.72,41.19,57.56,3
21-03-2018 11:47:00,62.31,57.16,41.27,57.13,3
21-03-2018 11:48:00,61.79,56.87,41.1,57,3
21-03-2018 11:49:00,61.33,56.55,40.83,56.91,3
21-03-2018 11:50:00,60.96,56.31,40.97,56.83,3
21-03-2018 11:51:00,60.19,55.99,41.23,56.74,3
21-03-2018 11:52:00,59.61,55.55,40.9,56.5,3
21-03-2018 11:53:00,59.5,55.42,41.1,56.48,3
21-03-2018 11:54:00,59.35,55.28,41.04,56.45,3
21-03-2018 11:55:00,59.12,55.22,40.99,56.48,3
21-03-2018 11:56:00,58.83,54.95,40.38,56.45,3
21-03-2018 11:57:00,58.39,54.46,39.64,56.18,3
21-03-2018 11:58:00,58.13,54.28,39.85,55.88,3
21-03-2018 11:59:00,58.07,54.1,39.64,55.65,3
21-03-2018 12:00:00,57.55,53.75,39.76,55.62,3
21-03-2018 12:01:00,56.78,53.15,39.97,55.65,3
21-03-2018 12:02:00,56.26,52.59,40.15,55.85,3
21-03-2018 12:03:00,55.9,52.18,40.33,56.03,3
21-03-2018 12:04:00,55.9,51.8,39.78,56.18,3
21-03-2018 12:05:00,56.1,51.83,39.85,56.48,3
21-03-2018 12:06:00,56.89,51.89,38.75,56.74,3
21-03-2018 12:07:00,58.54,52.69,38.43,56.8,3
21-03-2018 12:08:00,60.2,52.98,37.06,56.5,3
21-03-2018 12:09:00,61.4,53.51,36.36,56.03,3
21-03-2018 12:10:00,62.62,54.6,37.06,55.44,3
21-03-2018 12:11:00,63,55.37,37.26,54.71,3
21-03-2018 12:12:00,62.53,55.75,37.24,54.71,3
21-03-2018 12:13:00,61.73,55.58,36.76,55.24,3
21-03-2018 12:14:00,60.6,54.99,36.79,54.94,3
21-03-2018 12:15:00,59.81,54.55,36.91,54.65,3
21-03-2018 12:16:00,59.37,54.34,37.28,54.47,3
21-03-2018 12:17:00,58.85,54.1,37.17,54.47,3
21-03-2018 12:18:00,58.41,53.84,37.35,54.39,3
21-03-2018 12:19:00,57.92,53.57,37.81,54.26,3
21-03-2018 12:20:00,57.54,53.39,38.23,54.09,3
21-03-2018 12:21:00,57.45,53.39,38.72,54.18,3
21-03-2018 12:22:00,57.28,53.36,39.09,54.24,3
21-03-2018 12:23:00,57.13,53.3,39.02,54.44,3
21-03-2018 12:24:00,56.81,53.07,39.01,54.36,3
21-03-2018 12:25:00,56.46,52.83,39.1,54.24,3
21-03-2018 12:26:00,56.64,52.98,39.76,54.3,3
21-03-2018 12:27:00,56.58,52.98,39.47,54.36,3
21-03-2018 12:28:00,56.46,53.04,40.1,54.47,3
21-03-2018 12:29:00,56.43,53.07,40.3,54.62,3
21-03-2018 12:30:00,56.23,52.98,40.51,54.65,3
21-03-2018 12:31:00,56.08,52.83,40.71,54.53,3
21-03-2018 12:32:00,56.29,52.89,40.3,54.44,3
21-03-2018 12:33:00,56.26,52.89,40.44,54.74,3
21-03-2018 12:34:00,56.19,52.72,39.83,54.88,3
21-03-2018 12:35:00,55.94,52.56,40.4,54.8,3
21-03-2018 12:36:00,55.69,52.09,39.97,54.47,3
21-03-2018 12:37:00,56.1,51.95,39.39,54.44,3
21-03-2018 12:38:00,56.31,51.8,39.22,54.91,3
21-03-2018 12:39:00,56.66,51.85,39.39,55.12,3
21-03-2018 12:40:00,57,52.01,39.42,55.21,3
21-03-2018 12:41:00,57.24,52.01,38.97,55.04,3
21-03-2018 12:42:00,58.44,52.36,38.3,54.88,3
21-03-2018 12:43:00,59.83,53.04,38.04,55.04,3
21-03-2018 12:44:00,60.96,53.68,38.09,55.12,3
21-03-2018 12:45:00,61.86,54.37,37.56,54.91,3
21-03-2018 12:46:00,61.96,54.84,37.44,54.39,3
21-03-2018 12:47:00,61.61,55.2,37.34,54.39,3
21-03-2018 12:48:00,60.54,54.9,37.44,54.62,3
21-03-2018 12:49:00,59.75,54.52,36.99,54.44,3
21-03-2018 12:50:00,59.06,54.04,36.55,54.3,3
21-03-2018 12:51:00,58.29,53.49,36.19,53.94,3
21-03-2018 12:52:00,58,53.31,36.56,53.68,3
21-03-2018 12:53:00,57.6,53.07,36.29,53.65,3
21-03-2018 12:54:00,57.28,52.81,36.36,53.53,3
21-03-2018 12:55:00,56.98,52.69,36.56,53.44,3
21-03-2018 12:56:00,56.48,52.33,36.34,53.3,3
21-03-2018 12:57:00,56.31,52.12,36.63,53.12,3
21-03-2018 12:58:00,56.16,52.04,36.36,53.06,3
21-03-2018 12:59:00,55.94,51.91,36.53,53.12,3
21-03-2018 13:00:00,55.73,51.88,36.65,53.12,3
21-03-2018 13:01:00,55.35,51.59,36.77,52.94,3
21-03-2018 13:02:00,55.23,51.5,36.99,52.83,3
21-03-2018 13:03:00,55.26,51.36,36.47,52.88,3
21-03-2018 13:04:00,55.08,51.24,36.26,52.88,3
21-03-2018 13:05:00,54.85,51.21,36.55,52.71,3
21-03-2018 13:06:00,54.55,50.92,36.38,52.44,3
21-03-2018 13:07:00,54.85,43.55,35.57,49.43,1
21-03-2018 13:08:00,56.19,43.78,35.79,50.1,1
21-03-2018 13:09:00,58.39,44.32,35.82,51.14,1
21-03-2018 13:10:00,60.37,44.49,35.49,51.75,1
21-03-2018 13:11:00,62.12,45.28,35.98,52.67,1
21-03-2018 13:12:00,61.68,45.48,36.23,52.88,1
21-03-2018 13:13:00,58.52,45.03,35.99,51.9,1
21-03-2018 13:14:00,56.98,44.8,36.37,51.11,1
21-03-2018 13:15:00,56.08,44.38,35.84,50.4,1
21-03-2018 13:16:00,55.4,44.44,36.06,50.11,1
21-03-2018 13:17:00,54.91,43.92,35.55,49.47,1
21-03-2018 13:18:00,54.23,44.18,36.06,49.4,1
21-03-2018 13:19:00,53.82,44.03,36.05,49.15,1
21-03-2018 13:20:00,53.32,44.04,36.53,48.84,1
21-03-2018 13:21:00,53,43.7,35.99,48.53,1
21-03-2018 13:22:00,52.7,43.76,36.14,48.32,1
21-03-2018 13:23:00,52.4,43.56,35.91,48.02,1
21-03-2018 13:24:00,52.14,43.59,36.18,47.97,1
21-03-2018 13:25:00,52.07,43.58,36.08,47.87,1
21-03-2018 13:26:00,51.75,43.26,35.6,47.56,1
21-03-2018 13:27:00,51.69,43.37,36.04,47.6,1
21-03-2018 13:28:00,51.4,43.13,35.64,47.26,1
21-03-2018 13:29:00,51.25,43.1,35.78,47.22,1
21-03-2018 13:30:00,51.28,43.13,35.69,47.15,1
21-03-2018 13:31:00,51.11,43.19,36.03,47.15,1
21-03-2018 13:32:00,50.97,43.26,36.17,47.24,1
21-03-2018 13:33:00,50.9,42.93,35.63,47.03,1
21-03-2018 13:34:00,50.63,42.77,35.58,46.76,1
21-03-2018 13:35:00,50.46,42.74,35.74,46.6,1
21-03-2018 13:36:00,50.49,42.87,35.65,46.76,1
21-03-2018 13:37:00,50.42,42.76,35.5,46.66,1
21-03-2018 13:38:00,49.98,42.74,35.83,46.42,1
21-03-2018 13:39:00,50.19,42.77,35.79,46.54,1
21-03-2018 13:40:00,50.05,42.53,35.21,46.31,1
21-03-2018 13:41:00,49.82,42.63,35.73,46.25,1
21-03-2018 13:42:00,50.29,41.68,35.46,42.47,5
21-03-2018 13:43:00,50.14,41.24,34.7,42,5
21-03-2018 13:44:00,49.91,41.49,35.36,41.94,5
21-03-2018 13:45:00,49.85,40.62,34.41,41.58,5
21-03-2018 13:46:00,49.86,40.6,35.16,41.33,5
21-03-2018 13:47:00,50.86,40.7,34.91,41.54,5
21-03-2018 13:48:00,52.8,40.8,34.91,41.71,5
21-03-2018 13:49:00,55.14,40.53,34.6,41.68,5
21-03-2018 13:50:00,54.3,41,35.05,41.95,5
21-03-2018 13:51:00,52.65,40.87,34.91,41.58,5
21-03-2018 13:52:00,51.88,41.18,35.21,41.8,5
21-03-2018 13:53:00,51.24,40.8,34.98,41.56,5
21-03-2018 13:54:00,50.59,41,35.08,41.56,5
21-03-2018 13:55:00,50.05,41.04,35.05,41.62,5
21-03-2018 13:56:00,49.56,40.94,34.88,41.49,5
21-03-2018 13:57:00,48.99,41,35.02,41.52,5
21-03-2018 13:58:00,48.93,41.31,35.11,41.61,5
21-03-2018 13:59:00,48.39,41.24,35.24,41.51,5
21-03-2018 14:00:00,48.21,41.14,35.21,41.56,5
21-03-2018 14:01:00,47.6,40.84,34.7,41.2,5
21-03-2018 14:02:00,47.12,40.91,34.98,41.16,5
21-03-2018 14:03:00,47.12,41.24,35.4,41.4,5
21-03-2018 14:04:00,47.14,41.38,35.34,41.56,5
21-03-2018 14:05:00,46.67,41.24,35.32,41.33,5
21-03-2018 14:06:00,46.58,41.38,35.46,41.46,5
21-03-2018 14:07:00,46.65,41.63,35.74,41.63,5
21-03-2018 14:08:00,46.47,41.56,35.86,41.61,5
21-03-2018 14:09:00,46.2,41.66,35.89,41.61,5
21-03-2018 14:10:00,46.2,41.88,36.08,41.74,5
21-03-2018 14:11:00,46.3,41.98,36.06,41.78,5
21-03-2018 14:12:00,46.36,42.15,36.34,41.98,5
21-03-2018 14:13:00,46.84,42.22,36.3,42.12,5
21-03-2018 14:14:00,46.94,42.39,36.63,42.23,5
21-03-2018 14:15:00,47.23,42.36,36.49,42.18,5
21-03-2018 14:16:00,47.62,42.22,36.35,42.11,5
21-03-2018 14:17:00,48.14,42.37,36.71,42.31,5
21-03-2018 14:18:00,48.76,42.26,36.64,42.39,5
21-03-2018 14:19:00,49.34,42.37,36.67,42.47,5
21-03-2018 14:20:00,49.85,42.5,36.67,42.61,5
21-03-2018 14:21:00,50.81,42.79,37.08,42.84,5
21-03-2018 14:22:00,52.43,42.81,36.86,43.05,5
21-03-2018 14:23:00,54.2,42.68,36.66,43.12,5
21-03-2018 14:24:00,53.03,42.57,36.63,42.95,5
21-03-2018 14:25:00,52.37,42.23,36.35,42.74,5
21-03-2018 14:26:00,51.31,42.03,36.02,42.54,5
21-03-2018 14:27:00,50.17,42.14,36.4,42.44,5
21-03-2018 14:28:00,50.33,42.45,36.64,42.68,5
21-03-2018 14:29:00,49.68,42.38,36.67,42.54,5
21-03-2018 14:30:00,49.24,42.45,36.66,42.61,5
21-03-2018 14:31:00,48.95,42.58,36.85,42.68,5
21-03-2018 14:32:00,49.35,43.35,37.75,43.32,5
21-03-2018 14:33:00,49.01,42.7,37.08,42.84,5
21-03-2018 14:34:00,48.37,42.93,37.17,42.91,5
21-03-2018 14:35:00,48.39,42.97,37.06,42.88,5
21-03-2018 14:36:00,48.02,43.03,37.27,42.95,5
21-03-2018 14:37:00,48.24,43.28,37.28,43.1,5
21-03-2018 14:38:00,48.21,43.24,37.35,43.04,5
21-03-2018 14:39:00,48.18,43.19,37.27,43.07,5
21-03-2018 14:40:00,48.1,43.67,37.41,43.26,5
21-03-2018 14:41:00,47.6,42.81,36.76,42.65,5
21-03-2018 14:42:00,47.12,42.81,36.86,42.65,5
21-03-2018 14:43:00,47.08,42.76,36.69,42.58,5
21-03-2018 14:44:00,47.25,42.54,36.46,42.37,5
21-03-2018 14:45:00,46.64,42.54,36.49,42.28,5
21-03-2018 14:46:00,46.25,42.47,36.43,42.28,5
21-03-2018 14:47:00,46.11,42.54,36.71,42.25,5
21-03-2018 14:48:00,46.06,42.47,36.71,42.23,5
21-03-2018 14:49:00,46.22,42.77,36.95,42.46,5
21-03-2018 14:50:00,46.33,42.93,37.25,42.54,5
21-03-2018 14:51:00,46.72,42.79,37.06,42.51,5
21-03-2018 14:52:00,48.31,42.72,37.03,42.58,5
21-03-2018 14:53:00,50.85,42.86,37.16,42.96,5
21-03-2018 14:54:00,52.94,43.26,37.67,43.48,5
21-03-2018 14:55:00,53.52,43.07,37.28,43.42,5
21-03-2018 14:56:00,52.41,43.28,37.62,43.45,5
21-03-2018 14:57:00,52.05,43.45,37.64,43.65,5
21-03-2018 14:58:00,51.75,43.48,37.62,43.64,5
21-03-2018 14:59:00,51.16,43.48,37.69,43.61,5
21-03-2018 15:00:00,51.16,43.71,37.78,43.71,5
21-03-2018 15:01:00,50.62,43.75,37.78,43.66,5
21-03-2018 15:02:00,50.3,43.68,37.72,43.66,5
21-03-2018 15:03:00,50.06,43.67,37.69,43.63,5
21-03-2018 15:04:00,49.72,43.78,37.9,43.66,5
21-03-2018 15:05:00,49.89,43.87,37.79,43.72,5
21-03-2018 15:06:00,49.64,44.04,37.76,43.74,5
21-03-2018 15:07:00,49.33,43.73,37.46,43.4,5
21-03-2018 15:08:00,48.55,43.15,37.14,43.06,5
21-03-2018 15:09:00,51.85,44.36,38.27,47.33,1
21-03-2018 15:10:00,53.04,44.38,38.09,47.93,1
21-03-2018 15:11:00,54.06,44.38,37.72,48.46,1
21-03-2018 15:12:00,55.08,44.49,37.72,49.08,1
21-03-2018 15:13:00,55.81,44.87,37.85,49.77,1
21-03-2018 15:14:00,56.86,45.18,38.08,50.51,1
21-03-2018 15:15:00,58.81,45.65,38.15,51.52,1
21-03-2018 15:16:00,60.55,46.31,38.66,52.55,1
21-03-2018 15:17:00,53.46,44.43,37.98,44.67,5
21-03-2018 15:18:00,52.72,44.16,38.04,44.32,5
21-03-2018 15:19:00,52.55,44.16,37.86,44.42,5
21-03-2018 15:20:00,51.89,44.22,37.98,44.27,5
21-03-2018 15:21:00,51.69,43.98,37.75,44.03,5
21-03-2018 15:22:00,51.12,43.71,37.69,43.84,5
21-03-2018 15:23:00,50.7,43.77,37.69,43.84,5
21-03-2018 15:24:00,50.66,43.94,37.88,43.89,5
21-03-2018 15:25:00,50.39,43.87,37.79,43.79,5
21-03-2018 15:26:00,49.98,43.98,37.85,43.72,5
21-03-2018 15:27:00,49.95,44.25,38.26,44.01,5
21-03-2018 15:28:00,49.97,44.38,38.41,44.13,5
21-03-2018 15:29:00,49.93,44.59,38.65,44.26,5
21-03-2018 15:30:00,49.23,44.77,38.97,44.36,5
21-03-2018 15:31:00,48.21,44.64,38.73,44.14,5
21-03-2018 15:32:00,47.83,44.7,38.79,44.17,5
21-03-2018 15:33:00,47.91,44.94,39.15,44.34,5
21-03-2018 15:34:00,47.93,45.18,39.49,44.52,5
21-03-2018 15:35:00,48.24,45.25,39.52,44.59,5
21-03-2018 15:36:00,48.53,45.28,39.37,44.55,5
21-03-2018 15:37:00,49.11,45.21,39.34,44.57,5
21-03-2018 15:38:00,51.06,45.14,39.39,44.8,5
21-03-2018 15:39:00,53.2,45.07,39.28,44.95,5
21-03-2018 15:40:00,55.49,44.77,38.91,44.99,5
21-03-2018 15:41:00,55.41,44.77,39.01,44.95,5
21-03-2018 15:42:00,54.76,44.9,39.11,44.97,5
21-03-2018 15:43:00,54.2,44.81,39.13,45.01,5
21-03-2018 15:44:00,53.34,44.85,39.13,44.92,5
21-03-2018 15:45:00,53.07,44.95,39.15,45.04,5
21-03-2018 15:46:00,52.69,45.09,39.18,44.97,5
21-03-2018 15:47:00,52.33,45.16,39.35,44.99,5
21-03-2018 15:48:00,52.04,45.28,39.39,44.96,5
21-03-2018 15:49:00,51.91,45.42,39.61,45.17,5
21-03-2018 15:50:00,51.71,45.46,39.74,45.23,5
21-03-2018 15:51:00,51.41,45.28,39.13,44.99,5
21-03-2018 15:52:00,50.95,45.35,39.5,44.99,5
21-03-2018 15:53:00,50.79,45.49,39.61,44.96,5
21-03-2018 15:54:00,50.74,45.59,39.81,45.1,5
21-03-2018 15:55:00,50.47,45.51,39.74,45.06,5
21-03-2018 15:56:00,50.4,45.54,39.74,45.13,5
21-03-2018 15:57:00,49.92,45.13,39.3,44.83,5
21-03-2018 15:58:00,49.49,44.89,38.98,44.58,5
21-03-2018 15:59:00,49.37,45.05,39.01,44.54,5
21-03-2018 16:00:00,49.14,44.71,38.71,44.24,5
21-03-2018 16:01:00,49.07,44.98,39.08,44.45,5
21-03-2018 16:02:00,49.06,44.88,38.98,44.45,5
21-03-2018 16:03:00,0,44.91,39.1,44.38,5
21-03-2018 16:04:00,48.15,44.74,38.85,44.24,5
21-03-2018 16:05:00,48.12,44.51,38.64,43.98,5
21-03-2018 16:06:00,48.13,44.61,38.72,44.05,5
21-03-2018 16:07:00,48.31,44.31,38.52,43.89,5
21-03-2018 16:08:00,48.53,44.27,38.49,43.92,5
21-03-2018 16:09:00,48.78,44.03,38.23,43.75,5
21-03-2018 16:10:00,49.09,44.2,38.45,43.85,5
21-03-2018 16:11:00,50.41,44.24,38.52,44.03,5
21-03-2018 16:12:00,52.59,44.54,38.75,44.44,5
21-03-2018 16:13:00,54.59,44.59,38.72,44.78,5
21-03-2018 16:14:00,54.79,44.58,38.72,44.85,5
21-03-2018 16:15:00,54.14,44.72,39.06,44.88,5
21-03-2018 16:16:00,53.61,44.79,39.06,44.88,5
21-03-2018 16:17:00,53.02,44.86,39.17,44.92,5
21-03-2018 16:18:00,52.55,44.83,39.03,44.92,5
21-03-2018 16:19:00,52.16,44.86,39.14,44.85,5
21-03-2018 16:20:00,51.92,44.93,39.1,44.88,5
21-03-2018 16:21:00,51.44,44.93,39.17,44.78,5
21-03-2018 16:22:00,51.14,45.03,39.17,44.81,5
21-03-2018 16:23:00,50.9,44.96,39.17,44.83,5
21-03-2018 16:24:00,50.69,44.83,39.03,44.67,5
21-03-2018 16:25:00,50.31,44.79,39.04,44.6,5
21-03-2018 16:26:00,50.05,44.86,38.91,44.53,5
21-03-2018 16:27:00,49.7,44.79,38.87,44.36,5
21-03-2018 16:28:00,49.15,44.77,39.12,44.29,5
21-03-2018 16:29:00,49.19,44.7,38.92,44.39,5
21-03-2018 16:30:00,49.08,44.77,38.94,44.39,5
21-03-2018 16:31:00,48.99,44.87,39.12,44.43,5
21-03-2018 16:32:00,48.85,44.74,38.98,44.33,5
21-03-2018 16:33:00,48.47,44.63,38.73,44.16,5
21-03-2018 16:34:00,48.33,44.67,38.88,44.22,5
21-03-2018 16:35:00,48.44,44.8,38.98,44.33,5
21-03-2018 16:36:00,47.71,44.8,39.09,44.27,5
21-03-2018 16:37:00,47.27,44.8,38.92,44.13,5
21-03-2018 16:38:00,47.12,44.6,38.73,43.96,5
21-03-2018 16:39:00,47.25,44.74,38.98,44,5
21-03-2018 16:40:00,47.56,44.7,38.95,44.13,5
21-03-2018 16:41:00,47.98,44.77,39.09,44.25,5
21-03-2018 16:42:00,54.11,51.74,39.44,45.17,2
21-03-2018 16:43:00,53.11,51.2,39.4,45.09,2
21-03-2018 16:44:00,52.55,50.78,39.54,45.13,2
21-03-2018 16:45:00,51.81,50.16,39.44,44.99,2
21-03-2018 16:46:00,51.48,49.82,39.44,44.99,2
21-03-2018 16:47:00,51.02,49.44,39.51,44.99,2
21-03-2018 16:48:00,50.84,49.3,39.68,45.06,2
21-03-2018 16:49:00,50.54,49.09,39.78,45.09,2
21-03-2018 16:50:00,50.1,48.71,39.47,44.79,2
21-03-2018 16:51:00,49.89,48.44,39.44,44.69,2
21-03-2018 16:52:00,49.92,48.5,39.71,44.93,2
21-03-2018 16:53:00,49.82,48.5,39.68,44.96,2
21-03-2018 16:54:00,49.79,48.4,39.9,45.09,2
21-03-2018 16:55:00,49.75,48.42,39.91,45.09,2
21-03-2018 16:56:00,49.58,48.22,39.68,44.92,2
21-03-2018 16:57:00,49.34,48.02,39.49,44.76,2
21-03-2018 16:58:00,49.55,48.15,39.76,44.99,2
21-03-2018 16:59:00,49.27,47.99,39.79,44.96,2
21-03-2018 17:00:00,49.34,48.02,39.86,45.03,2
21-03-2018 17:01:00,49.34,48.01,39.93,45.09,2
21-03-2018 17:02:00,49.27,47.98,40,45.06,2
21-03-2018 17:03:00,49.37,48.01,40.1,45.16,2
21-03-2018 17:04:00,49.34,48.05,40.1,45.3,2
21-03-2018 17:05:00,49.27,48.05,40.07,45.19,2
21-03-2018 17:06:00,49.11,47.88,39.84,44.96,2
21-03-2018 17:07:00,48.9,47.64,39.74,44.86,2
21-03-2018 17:08:00,48.9,47.6,39.7,44.79,2
21-03-2018 17:09:00,48.9,47.67,40.07,45.04,2
21-03-2018 17:10:00,48.9,47.64,39.77,44.96,2
21-03-2018 17:11:00,48.87,47.6,39.81,44.93,2
21-03-2018 17:12:00,48.9,47.6,39.97,45.03,2
21-03-2018 17:13:00,48.9,47.6,39.74,44.93,2
21-03-2018 17:14:00,48.73,47.57,39.88,44.97,2
21-03-2018 17:15:00,48.87,47.64,40.12,45.11,2
21-03-2018 17:16:00,48.83,47.67,40.26,45.21,2
21-03-2018 17:17:00,48.8,47.64,40.19,45.21,2
21-03-2018 17:18:00,48.7,47.5,39.98,45.07,2
21-03-2018 17:19:00,48.76,47.57,40.26,45.21,2
21-03-2018 17:20:00,48.97,47.71,40.51,45.42,2
21-03-2018 17:21:00,48.9,47.77,40.54,45.45,2
21-03-2018 17:22:00,49.04,47.81,40.61,45.56,2
21-03-2018 17:23:00,49,47.75,40.64,45.56,2
21-03-2018 17:24:00,48.67,47.41,40.68,45.52,2
21-03-2018 17:25:00,49.65,47.77,40.58,45.43,2
21-03-2018 17:26:00,50.49,48.21,40.72,45.64,2
21-03-2018 17:27:00,51.36,48.85,40.83,45.71,2
21-03-2018 17:28:00,52.13,49.4,40.59,45.62,2
21-03-2018 17:29:00,52.89,49.94,40.29,45.56,2
21-03-2018 17:30:00,53.56,50.52,40.29,45.6,2
21-03-2018 17:31:00,54.36,51.23,40.84,46.08,2
21-03-2018 17:32:00,55.14,51.73,40.91,46.31,2
21-03-2018 17:33:00,57.44,53.35,41,46.6,2
21-03-2018 17:34:00,59.91,55.2,40.94,46.83,2
21-03-2018 17:35:00,61.65,56.58,40.84,47.03,2
21-03-2018 17:36:00,63.46,57.93,40.67,47.03,2
21-03-2018 17:37:00,60.51,57.31,41.08,47.25,2
21-03-2018 17:38:00,57.22,55.1,41.05,47.18,2
21-03-2018 17:39:00,55.7,53.9,40.95,46.97,2
21-03-2018 17:40:00,54.64,52.94,40.98,46.83,2
21-03-2018 17:41:00,53.88,52.29,41.05,46.72,2
21-03-2018 17:42:00,52.96,51.55,40.81,46.44,2
21-03-2018 17:43:00,52.49,51.17,40.88,46.31,2
21-03-2018 17:44:00,52.25,50.9,41.12,46.47,2
21-03-2018 17:45:00,51.51,47.24,41.33,48.85,1
21-03-2018 17:46:00,51.51,47.1,41.33,48.92,1
21-03-2018 17:47:00,51.48,47.09,41.33,48.95,1
21-03-2018 17:48:00,51.42,46.93,41.33,48.92,1
21-03-2018 17:49:00,51.51,46.79,41.16,48.86,1
21-03-2018 17:50:00,51.6,47.02,41.57,49.06,1
21-03-2018 17:51:00,51.57,47.06,41.62,49.16,1
21-03-2018 17:52:00,51.54,46.96,41.43,49.1,1
21-03-2018 17:53:00,51.51,47.05,41.67,49.14,1
21-03-2018 17:54:00,51.48,46.89,41.54,49.07,1
21-03-2018 17:55:00,51.46,46.83,41.47,49,1
21-03-2018 17:56:00,51.51,46.99,41.52,49.14,1
21-03-2018 17:57:00,51.6,47.09,41.79,49.27,1
21-03-2018 17:58:00,51.63,47.05,41.75,49.27,1
21-03-2018 17:59:00,51.51,47.02,41.81,49.2,1
21-03-2018 18:00:00,51.43,46.89,41.67,49.1,1
21-03-2018 18:01:00,51.57,47.09,41.85,49.27,1
21-03-2018 18:02:00,51.63,47.13,41.96,49.34,1
21-03-2018 18:03:00,51.69,47.22,42.09,49.4,1
21-03-2018 18:04:00,51.82,47.13,42.16,49.4,1
21-03-2018 18:05:00,52.58,47.1,42.03,49.59,1
21-03-2018 18:06:00,52.91,47.25,42.36,49.91,1
21-03-2018 18:07:00,-6,47.3,42.36,50.22,1
21-03-2018 18:08:00,53.42,47.3,42.43,50.4,1
21-03-2018 18:09:00,53.53,47.31,42.5,50.62,1
21-03-2018 18:10:00,53.86,47.38,42.67,50.87,1
21-03-2018 18:11:00,54.18,47.49,42.77,51.17,1
21-03-2018 18:12:00,55.93,48.01,42.91,51.95,1
21-03-2018 18:13:00,58.51,48.75,42.9,53.18,1
21-03-2018 18:14:00,60.54,49.25,42.84,54.18,1
21-03-2018 18:15:00,62.08,49.45,42.32,54.83,1
21-03-2018 18:16:00,62,49.56,42.03,54.97,1
21-03-2018 18:17:00,59.78,49.44,42.09,54.33,1
21-03-2018 18:18:00,58.53,49.2,42.09,53.74,1
21-03-2018 18:19:00,57.8,48.82,41.82,53.2,1
21-03-2018 18:20:00,57.07,48.62,41.68,52.82,1
21-03-2018 18:21:00,56.26,48.28,41.52,52.28,1
21-03-2018 18:22:00,55.49,47.97,41.49,51.83,1
21-03-2018 18:23:00,55.11,47.83,41.35,51.51,1
21-03-2018 18:24:00,54.87,48.03,41.79,51.47,1
21-03-2018 18:25:00,54.49,47.96,41.97,51.3,1
21-03-2018 18:26:00,54.14,47.83,41.85,51.05,1
21-03-2018 18:27:00,53.91,47.7,41.79,50.85,1
21-03-2018 18:28:00,53.49,47.41,41.52,50.48,1
21-03-2018 18:29:00,53.29,47.25,41.38,50.27,1
21-03-2018 18:30:00,53.17,47.31,41.45,50.27,1
21-03-2018 18:31:00,53.08,47.31,41.52,50.24,1
21-03-2018 18:32:00,52.96,47.34,41.75,50.17,1
21-03-2018 18:33:00,52.82,47.25,41.68,50.04,1
21-03-2018 18:34:00,52.64,47.21,41.79,49.93,1
21-03-2018 18:35:00,52.69,47.38,42,49.99,1
21-03-2018 18:36:00,52.72,47.58,42.3,50.16,1
21-03-2018 18:37:00,52.69,47.65,42.44,50.16,1
21-03-2018 18:38:00,53.43,51.34,46.89,49.31,6
21-03-2018 18:39:00,53.46,51.31,46.83,49.37,6
21-03-2018 18:40:00,53.46,51.22,46.83,49.4,6
21-03-2018 18:41:00,53.49,51.15,46.76,49.38,6
21-03-2018 18:42:00,53.52,51.12,46.67,49.48,6
21-03-2018 18:43:00,53.55,51.05,46.67,49.55,6
21-03-2018 18:44:00,53.61,50.98,46.7,49.65,6
21-03-2018 18:45:00,53.61,50.98,46.76,49.72,6
21-03-2018 18:46:00,53.64,50.95,46.77,49.75,6
21-03-2018 18:47:00,53.67,50.95,46.88,49.82,6
21-03-2018 18:48:00,53.67,50.96,46.91,49.89,6
21-03-2018 18:49:00,53.67,50.96,47.01,49.95,6
21-03-2018 18:50:00,53.7,50.99,47.11,49.99,6
21-03-2018 18:51:00,53.73,50.99,47.18,50.06,6
21-03-2018 18:52:00,53.73,51.03,47.21,50.13,6
21-03-2018 18:53:00,53.73,51.06,47.28,50.16,6
21-03-2018 18:54:00,53.73,51.09,47.34,50.23,6
21-03-2018 18:55:00,53.73,51.13,47.41,50.33,6
21-03-2018 18:56:00,53.73,51.16,47.48,50.4,6
21-03-2018 18:57:00,53.73,51.2,47.52,50.43,6
21-03-2018 18:58:00,53.73,51.23,47.55,50.5,6
21-03-2018 18:59:00,53.73,51.26,47.72,50.53,6
21-03-2018 19:00:00,53.73,51.29,47.79,50.6,6
21-03-2018 19:01:00,53.75,51.29,47.85,50.7,6
21-03-2018 19:02:00,53.75,51.34,47.89,50.74,6
21-03-2018 19:03:00,53.75,51.37,47.89,50.8,6
21-03-2018 19:04:00,53.75,51.4,48.05,50.87,6
21-03-2018 19:05:00,53.75,51.43,48.28,50.94,6
21-03-2018 19:06:00,53.75,51.5,48.46,50.97,6
21-03-2018 19:07:00,53.75,51.58,48.62,51.04,6
21-03-2018 19:08:00,53.75,51.64,48.73,51.11,6
21-03-2018 19:09:00,53.78,51.85,48.79,51.17,6
21-03-2018 19:10:00,53.78,52.03,48.83,51.23,6
21-03-2018 19:11:00,53.78,51.91,48.97,51.23,6
21-03-2018 19:12:00,53.78,52.03,49.07,51.29,6
21-03-2018 19:13:00,53.78,52,49.2,51.34,6
21-03-2018 19:14:00,53.75,52.14,49.17,51.37,6
21-03-2018 19:15:00,53.75,52.24,48.97,51.4,6
21-03-2018 19:16:00,53.78,52.2,48.63,51.46,6
21-03-2018 19:17:00,53.78,52.14,48.5,51.5,6
21-03-2018 19:18:00,53.78,52.09,48.26,51.55,6
21-03-2018 19:19:00,53.75,52.09,48.17,51.58,6
21-03-2018 19:20:00,53.75,51.97,48.03,51.61,6
21-03-2018 19:21:00,53.78,51.79,47.73,51.64,6
21-03-2018 19:22:00,53.78,51.79,47.66,51.7,6
21-03-2018 19:23:00,53.78,51.67,47.83,51.72,6
21-03-2018 19:24:00,53.78,51.73,48.14,51.75,6
21-03-2018 19:25:00,53.81,51.88,48.33,51.79,6
21-03-2018 19:26:00,53.78,51.88,48.57,51.79,6
21-03-2018 19:27:00,53.78,51.88,48.63,51.82,6
21-03-2018 19:28:00,53.78,51.98,48.23,51.85,6
21-03-2018 19:29:00,53.75,51.91,48.06,51.88,6
21-03-2018 19:30:00,53.75,51.88,48.09,51.91,6
21-03-2018 19:31:00,53.72,51.95,48.03,51.97,6
21-03-2018 19:32:00,53.7,51.71,47.7,51.97,6
21-03-2018 19:33:00,53.7,51.56,47.49,52,6
21-03-2018 19:34:00,53.67,51.56,47.49,52.05,6
21-03-2018 19:35:00,53.64,51.5,47.46,52.08,6
21-03-2018 19:36:00,53.64,51.53,47.46,52.11,6
21-03-2018 19:37:00,53.61,51.41,47.29,52.14,6
21-03-2018 19:38:00,53.55,51.3,47.26,52.2,6
21-03-2018 19:39:00,53.52,51.24,47.05,52.2,6
21-03-2018 19:40:00,53.52,51.24,47.02,52.23,6
21-03-2018 19:41:00,53.52,51.21,47.12,52.23,6
21-03-2018 19:42:00,53.46,51.35,47.16,52.26,6
21-03-2018 19:43:00,53.4,51.35,47.12,52.29,6
21-03-2018 19:44:00,53.37,51.3,47.05,52.29,6
21-03-2018 19:45:00,53.34,51.36,47.12,52.32,6
21-03-2018 19:46:00,53.31,51.33,47.05,52.35,6
21-03-2018 19:47:00,53.29,51.36,47.12,52.35,6
21-03-2018 19:48:00,53.29,51.42,47.19,52.35,6
21-03-2018 19:49:00,53.26,51.5,47.22,52.35,6
21-03-2018 19:50:00,53.2,51.62,47.29,52.38,6
21-03-2018 19:51:00,53.11,51.62,47.32,52.35,6
21-03-2018 19:52:00,53.05,51.71,47.43,52.35,6
21-03-2018 19:53:00,53.05,51.8,47.46,52.35,6
21-03-2018 19:54:00,52.96,51.74,47.41,52.35,6
21-03-2018 19:55:00,52.93,51.77,47.41,52.32,6
21-03-2018 19:56:00,52.85,51.82,47.38,52.35,6
21-03-2018 19:57:00,52.85,51.8,47.36,52.32,6
21-03-2018 19:58:00,52.78,51.83,47.39,52.32,6
21-03-2018 19:59:00,52.72,51.83,47.39,52.32,6
21-03-2018 20:00:00,52.75,51.85,47.49,52.35,6
21-03-2018 20:01:00,52.72,51.98,47.7,52.35,6
21-03-2018 20:02:00,52.7,52.04,47.79,52.35,6
21-03-2018 20:03:00,52.67,52.15,47.92,52.35,6
21-03-2018 20:04:00,52.67,52.27,48.13,52.33,6
21-03-2018 20:05:00,52.64,52.42,48.23,52.36,6
21-03-2018 20:06:00,52.64,52.48,48.26,52.36,6
21-03-2018 20:07:00,52.64,52.62,48.43,52.36,6
21-03-2018 20:08:00,52.64,52.72,48.53,52.36,6
21-03-2018 20:09:00,52.64,52.72,48.43,52.38,6
21-03-2018 20:10:00,52.64,52.72,48.4,52.38,6
21-03-2018 20:11:00,52.64,52.74,48.5,52.41,6
21-03-2018 20:12:00,52.64,52.74,48.47,52.41,6
21-03-2018 20:13:00,52.64,52.72,48.41,52.44,6
21-03-2018 20:14:00,52.67,52.51,48.5,52.44,6
21-03-2018 20:15:00,52.67,52.72,48.53,52.44,6
21-03-2018 20:16:00,52.67,52.65,48.57,52.47,6
21-03-2018 20:17:00,52.64,52.78,48.57,52.47,6
21-03-2018 20:18:00,52.61,52.83,48.63,52.47,6
21-03-2018 20:19:00,52.58,52.89,48.73,52.47,6
21-03-2018 20:20:00,52.58,52.98,48.8,52.47,6
21-03-2018 20:21:00,52.55,53.07,48.87,52.47,6
21-03-2018 20:22:00,52.52,53.16,49.04,52.47,6
