Timestamp,EX1_FAN_IN_TEMP_ITL,EX1_FAN_OUT_TEMP_ITL,FA1_FAN_IN_TEMP_ITL,FA1_FAN_OUT_TEMP_ITL,class
19-03-2018  12:35:00,23.4,30.56,31.58,27.32,1
19-03-2018  12:36:00,23.21,30.67,31.81,27.01,1
19-03-2018  12:37:00,22.82,30.38,31.59,27.08,1
19-03-2018  12:38:00,23.09,30.27,31.59,27.28,1
19-03-2018  12:39:00,23.74,30.53,31.21,27.11,1
19-03-2018  12:40:00,23.29,29.82,31.49,27.11,1
19-03-2018  12:41:00,23.06,30.46,31.4,27.25,1
19-03-2018  12:42:00,22.99,30.58,31.93,27.15,1
19-03-2018  12:43:00,23.11,30.09,31.77,27.13,1
19-03-2018  12:44:00,23.5,30.61,31.61,27.28,1
19-03-2018  12:45:00,23.69,30.51,32.08,27.5,1
19-03-2018  12:46:00,23.05,30.07,31.78,27.45,1
19-03-2018  12:47:00,23.25,30.68,31.66,27.53,1
19-03-2018  12:48:00,23.52,30.74,31.2,27.54,1
19-03-2018  12:49:00,23.7,30.53,31.68,27.64,1
19-03-2018  12:50:00,24.31,30.63,31.85,27.65,1
19-03-2018  12:51:00,24.42,30.48,31.84,27.69,1
19-03-2018  12:52:00,24.14,30.73,31.7,27.96,1
19-03-2018  12:53:00,24.3,30.83,31.68,27.85,1
19-03-2018  12:54:00,24.43,30.82,31.94,28.18,1
19-03-2018  12:55:00,24.55,30.9,31.72,27.89,1
19-03-2018  12:56:00,24.59,30.6,31.7,28.21,1
19-03-2018  12:57:00,24.35,30.58,31.6,28.26,1
19-03-2018  12:58:00,24.75,30.53,31.73,28.09,1
19-03-2018  12:59:00,24.87,31.51,32.13,28.41,1
19-03-2018  13:00:00,24.96,31.08,32.13,28.15,1
19-03-2018  13:01:00,25.02,31.76,32.01,28.48,1
19-03-2018  13:02:00,24.55,30.88,31.75,28.08,1
19-03-2018  13:03:00,24.37,31.2,31.69,28.17,1
19-03-2018  13:04:00,23.66,31.21,32.46,28.06,1
19-03-2018  13:05:00,23.28,31.26,32.47,27.81,1
19-03-2018  13:06:00,23.06,30.59,31.63,27.77,1
19-03-2018  13:07:00,22.75,30.81,32.15,27.63,1
19-03-2018  13:08:00,22.74,30.42,32.2,27.28,1
19-03-2018  13:09:00,22.31,30.95,32.58,27.15,1
19-03-2018  13:10:00,22.31,30.81,32.58,27.17,1
19-03-2018  13:11:00,22.23,30.58,31.79,26.92,1
19-03-2018  13:12:00,21.73,30.47,31.93,26.8,1
19-03-2018  13:13:00,21.57,30.39,32.31,26.7,1
19-03-2018  13:14:00,21.67,30.45,32.35,26.74,1
19-03-2018  13:15:00,21.46,30.06,31.73,26.67,1
19-03-2018  13:16:00,21.32,30.23,31.97,26.41,1
19-03-2018  13:17:00,21.64,29.9,32.66,26.57,1
19-03-2018  13:18:00,21.27,30.07,31.77,26.38,1
19-03-2018  13:19:00,21.25,29.98,31.88,26.19,1
19-03-2018  13:20:00,21.25,29.5,31.89,26.25,1
19-03-2018  13:21:00,21.09,29.58,31.85,26.12,1
19-03-2018  13:22:00,20.98,29.76,31.68,26.04,1
19-03-2018  13:23:00,22.32,29.81,31.36,26.4,1
19-03-2018  13:24:00,23.45,29.88,31.07,26.91,1
19-03-2018  13:25:00,23.94,29.54,31.52,27.17,1
19-03-2018  13:26:00,24.37,30.53,31.63,27.53,1
19-03-2018  13:27:00,24.51,30.51,32.03,27.69,1
19-03-2018  13:28:00,24.78,30.7,32.62,28.16,1
19-03-2018  13:29:00,24.95,31.12,32.42,28.26,1
19-03-2018  13:30:00,25.29,31.28,32.57,28.56,1
19-03-2018  13:31:00,25.43,30.42,32.3,28.55,1
19-03-2018  13:32:00,25.61,30.97,32.16,28.75,1
19-03-2018  13:33:00,25.78,30.71,32.33,29.03,1
19-03-2018  13:34:00,26.28,31.3,32.72,29.23,1
19-03-2018  13:35:00,26,31.58,32.54,29.2,1
19-03-2018  13:36:00,26.21,31.53,32.4,29.08,1
19-03-2018  13:37:00,25.99,31.45,32.43,29.5,1
19-03-2018  13:38:00,26.39,31.91,31.99,29.21,1
19-03-2018  13:39:00,26.32,31.65,31.96,29.16,1
19-03-2018  13:40:00,26.39,31.08,32.04,29.34,1
19-03-2018  13:41:00,26.36,31.54,32.94,29.69,1
19-03-2018  13:42:00,25.79,31.92,32.73,29.21,1
19-03-2018  13:43:00,25.02,31.29,32.15,28.69,1
19-03-2018  13:44:00,23.9,31.37,32.32,28.41,1
19-03-2018  13:45:00,23.63,30.82,31.55,27.97,1
19-03-2018  13:46:00,21.52,25.53,31.46,30.94,2
19-03-2018  13:47:00,21.28,24.52,31.63,31.15,2
19-03-2018  13:48:00,21.28,24.83,32.07,31.32,2
19-03-2018  13:49:00,20.96,24.51,31.86,31.27,2
19-03-2018  13:50:00,21.89,24.73,31.51,31,2
19-03-2018  13:51:00,24.27,25.69,31.93,31.17,2
19-03-2018  13:52:00,25.02,26.45,31.96,31.44,2
19-03-2018  13:53:00,25.67,27.47,31.89,31.62,2
19-03-2018  13:54:00,26.05,27.58,32.08,31.82,2
19-03-2018  13:55:00,26.39,28.39,32.58,31.88,2
19-03-2018  13:56:00,26.48,27.94,32.21,32.06,2
19-03-2018  13:57:00,26.58,28.37,31.9,32.05,2
19-03-2018  13:58:00,27.06,28.33,31.58,31.85,2
19-03-2018  13:59:00,27.11,28.57,31.86,31.88,2
19-03-2018  14:00:00,26.96,28.7,31.82,32.05,2
19-03-2018  14:01:00,27.47,29.01,31.56,32.07,2
19-03-2018  14:02:00,27.37,29.16,31.71,31.98,2
19-03-2018  14:03:00,27.33,29.53,31.46,31.87,2
19-03-2018  14:04:00,27.54,29.42,31.44,31.82,2
19-03-2018  14:05:00,27.38,29.16,31.89,31.81,2
19-03-2018  14:06:00,27.71,29.15,31.88,31.87,2
19-03-2018  14:07:00,27.77,29.36,31.97,32,2
19-03-2018  14:08:00,27.7,29.48,31.92,32.02,2
19-03-2018  14:09:00,27.98,29.63,32.76,32.46,2
19-03-2018  14:10:00,28.11,29.44,32.11,32.27,2
19-03-2018  14:11:00,27.76,29.79,31.7,32.01,2
19-03-2018  14:12:00,28.08,29.6,31.81,31.85,2
19-03-2018  14:13:00,28.2,29.34,31.75,31.99,2
19-03-2018  14:14:00,28.02,29.25,31.48,31.76,2
19-03-2018  14:15:00,27.28,29.21,31.54,31.49,2
19-03-2018  14:16:00,27.59,29.47,31.38,31.48,2
19-03-2018  14:17:00,27.37,29.36,31.72,31.71,2
19-03-2018  14:18:00,27.7,29.25,31.67,31.67,2
19-03-2018  14:19:00,26.63,28.93,31.88,31.72,2
19-03-2018  14:20:00,25.45,27.91,32.17,31.54,2
19-03-2018  14:21:00,24.58,27.34,32.44,31.92,2
19-03-2018  14:22:00,23.87,27.03,31.96,31.54,2
19-03-2018  14:23:00,23.06,26.18,31.81,31.33,2
19-03-2018  14:24:00,22.13,25.85,31.65,31.11,2
19-03-2018  14:25:00,21.92,25.2,31.56,30.91,2
19-03-2018  14:26:00,21.95,25.05,31.78,31.11,2
19-03-2018  14:27:00,21.77,24.83,32.09,30.83,2
19-03-2018  14:28:00,21.4,24.52,31.83,30.78,2
19-03-2018  14:29:00,21.31,24.31,31.53,30.76,2
19-03-2018  14:30:00,21.51,24.61,31.74,30.9,2
19-03-2018  14:31:00,21.93,24.76,31.5,30.71,2
19-03-2018  14:32:00,23.84,25.32,31.69,30.76,2
19-03-2018  14:33:00,24.7,26.06,31.83,31.13,2
19-03-2018  14:34:00,25.07,27.09,32.02,31.35,2
19-03-2018  14:35:00,25.45,27.15,31.81,31.21,2
19-03-2018  14:36:00,25.97,27.81,31.5,31.05,2
19-03-2018  14:37:00,26.08,27.27,31.88,31.3,2
19-03-2018  14:38:00,26.08,27.73,31.71,31.45,2
19-03-2018  14:39:00,26.74,28.03,31.15,31.42,2
19-03-2018  14:40:00,26.92,28.03,31.22,31.2,2
19-03-2018  14:41:00,26.88,27.8,31.48,31.09,2
19-03-2018  14:42:00,26.9,28.24,31.28,30.93,2
19-03-2018  14:43:00,27.32,28.33,31.01,31.06,2
19-03-2018  14:44:00,27.11,28.4,31.39,31.23,2
19-03-2018  14:45:00,27.38,28.14,31.14,31.3,2
19-03-2018  14:46:00,27.28,28.59,31.47,31.23,2
19-03-2018  14:47:00,27.06,28.75,31.53,31.33,2
19-03-2018  14:48:00,26.77,28.51,31.48,31.32,2
19-03-2018  14:49:00,25.67,27.62,31.47,31.42,2
19-03-2018  14:50:00,24.5,27.54,31.29,31.05,2
19-03-2018  14:51:00,23.77,26.7,31.84,31.14,2
19-03-2018  14:52:00,23.14,26.02,31.55,31.19,2
19-03-2018  14:53:00,22.6,25.58,31.43,31.01,2
19-03-2018  14:54:00,21.73,25.14,31.62,30.84,2
19-03-2018  14:55:00,21.8,25.49,31.6,30.77,2
19-03-2018  14:56:00,21.61,24.91,31.3,30.76,2
19-03-2018  14:57:00,21.41,24.89,31.57,30.85,2
19-03-2018  14:58:00,21.5,24.5,31.36,30.7,2
19-03-2018  14:59:00,21.19,24.61,31.28,30.48,2
19-03-2018  15:00:00,21.61,24.54,31.24,30.44,2
19-03-2018  15:01:00,21.79,24.5,31.61,30.7,2
19-03-2018  15:02:00,22.61,24.53,31.8,30.82,2
19-03-2018  15:03:00,24.31,25.5,32.13,31,2
19-03-2018  15:04:00,24.92,26.71,32.14,31.28,2
19-03-2018  15:05:00,25.76,27.1,32.01,31.29,2
19-03-2018  15:06:00,25.91,27.16,32.22,31.69,2
19-03-2018  15:07:00,26.09,28.16,31.9,31.77,2
19-03-2018  15:08:00,26.59,28.09,32.03,31.57,2
19-03-2018  15:09:00,26.64,28.29,32.16,31.97,2
19-03-2018  15:10:00,26.95,28.25,32.04,31.83,2
19-03-2018  15:11:00,27.09,28.86,32.48,32.33,2
19-03-2018  15:12:00,27.35,28.95,32.43,32.25,2
19-03-2018  15:13:00,27.18,29.25,32.24,32.09,2
19-03-2018  15:14:00,27.75,29.53,32.3,32.36,2
19-03-2018  15:15:00,27.62,29.46,32.19,32.23,2
19-03-2018  15:16:00,27.48,29.39,32.14,32.15,2
19-03-2018  15:17:00,26.53,28.86,32.29,32.04,2
19-03-2018  15:18:00,25.45,28.41,32.19,32.18,2
19-03-2018  15:19:00,24.57,27.64,32.04,32.15,2
19-03-2018  15:20:00,24.15,26.78,32.2,31.77,2
19-03-2018  15:21:00,23.48,27.09,32.33,31.78,2
19-03-2018  15:22:00,22.8,26.14,32.53,31.77,2
19-03-2018  15:23:00,22.33,25.49,32.55,31.88,2
19-03-2018  15:24:00,21.95,25.38,32.49,31.69,2
19-03-2018  15:25:00,21.54,25.37,32.36,31.58,2
19-03-2018  15:26:00,21.39,24.87,32.4,31.73,2
19-03-2018  15:27:00,21.74,25.1,32.53,31.69,2
19-03-2018  15:28:00,21.56,24.94,32.41,31.54,2
19-03-2018  15:29:00,22.04,25.28,32.65,31.61,2
19-03-2018  15:30:00,24.18,25.42,32.32,31.58,2
19-03-2018  15:31:00,24.99,26.5,32.21,31.83,2
19-03-2018  15:32:00,25.5,27.5,32.06,31.57,2
19-03-2018  15:33:00,26.31,28.19,31.85,31.7,2
19-03-2018  15:34:00,26.67,27.89,31.83,31.87,2
19-03-2018  15:35:00,26.7,27.98,31.79,31.97,2
19-03-2018  15:36:00,27.21,28.47,31.99,31.89,2
19-03-2018  15:37:00,27.24,28.95,32.12,32.14,2
19-03-2018  15:38:00,27.29,28.84,32.06,31.85,2
19-03-2018  15:39:00,27.47,28.97,32.17,31.91,2
19-03-2018  15:40:00,27.41,28.85,32,32.15,2
19-03-2018  15:41:00,27.4,29.25,31.98,32.12,2
19-03-2018  15:42:00,27.46,29.24,31.99,32.07,2
19-03-2018  15:43:00,27.89,29.08,32.07,32.21,2
19-03-2018  15:44:00,27.94,29.47,32.25,32.36,2
19-03-2018  15:45:00,28.16,29.39,32.21,32.09,2
19-03-2018  15:46:00,27.85,29.11,31.96,32.28,2
19-03-2018  15:47:00,27.96,30.02,32.03,32.16,2
19-03-2018  15:48:00,28.01,29.92,31.82,32.08,2
19-03-2018  15:49:00,27.55,29.58,31.91,32.07,2
19-03-2018  15:50:00,26.15,29.34,31.87,31.99,2
19-03-2018  15:51:00,25.47,28.44,31.97,31.83,2
19-03-2018  15:52:00,24.54,27.39,31.66,31.69,2
19-03-2018  15:53:00,24,27.08,31.88,31.79,2
19-03-2018  15:54:00,23.4,26.3,31.77,31.54,2
19-03-2018  15:55:00,22.71,26.16,31.63,31.42,2
19-03-2018  15:56:00,22.74,25.92,31.97,31.45,2
19-03-2018  15:57:00,22.02,25.6,32.16,31.58,2
19-03-2018  15:58:00,22.08,25.18,31.88,31.44,2
19-03-2018  15:59:00,21.8,25.01,31.84,31.4,2
19-03-2018  16:00:00,22,24.96,31.88,31.09,2
19-03-2018  16:01:00,22.18,25.5,31.74,31.38,2
19-03-2018  16:02:00,22.45,25.24,31.86,31.26,2
19-03-2018  16:03:00,24.03,26.05,31.98,31.48,2
19-03-2018  16:04:00,25.47,26.79,32.11,31.61,2
19-03-2018  16:05:00,26.36,27.28,32.16,31.64,2
19-03-2018  16:06:00,26.61,28.38,32.05,31.93,2
19-03-2018  16:07:00,26.67,28.44,32.16,31.83,2
19-03-2018  16:08:00,27.17,28.53,31.87,31.96,2
19-03-2018  16:09:00,27.14,28.73,32.02,32.07,2
19-03-2018  16:10:00,27.54,29.13,32.29,32.08,2
19-03-2018  16:11:00,27.54,28.99,31.91,32.05,2
19-03-2018  16:12:00,27.66,29.52,32.08,32.11,2
19-03-2018  16:13:00,27.71,29.04,31.89,32.16,2
19-03-2018  16:14:00,27.7,29.82,32.15,32.22,2
19-03-2018  16:15:00,27.69,29.46,32.02,32.4,2
19-03-2018  16:16:00,27.96,29.78,32.06,32.06,2
19-03-2018  16:17:00,27.84,29.7,32.17,32.3,2
19-03-2018  16:18:00,27.89,29.52,32.23,32.38,2
19-03-2018  16:19:00,27.73,29.96,31.92,32.24,2
19-03-2018  16:20:00,28.27,30.04,32.04,32.34,2
19-03-2018  16:21:00,27.39,29.31,32,32.19,2
19-03-2018  16:22:00,26.28,28.84,32.07,32.19,2
19-03-2018  16:23:00,25.34,28.26,31.91,31.89,2
19-03-2018  16:24:00,24.48,27.38,31.94,31.81,2
19-03-2018  16:25:00,23.89,27.16,31.98,31.75,2
19-03-2018  16:26:00,23.33,26.86,31.81,31.58,2
19-03-2018  16:27:00,22.73,26.14,31.99,31.48,2
19-03-2018  16:28:00,22.35,25.92,31.62,31.3,2
19-03-2018  16:29:00,21.97,25.58,31.48,31.3,2
19-03-2018  16:30:00,21.96,25.15,31.54,31.17,2
19-03-2018  16:31:00,21.73,24.96,31.34,31.16,2
19-03-2018  16:32:00,21.74,25.03,31.45,31.09,2
19-03-2018  16:33:00,21.86,24.78,31.75,31.3,2
19-03-2018  16:34:00,23.33,25.11,31.72,31.22,2
19-03-2018  16:35:00,25.06,26.36,31.24,31.27,2
19-03-2018  16:36:00,25.5,26.82,31.57,31.2,2
19-03-2018  16:37:00,26.03,27.45,31.62,31.38,2
19-03-2018  16:38:00,26.31,27.89,31.64,31.41,2
19-03-2018  16:39:00,26.82,28.28,31.35,31.46,2
19-03-2018  16:40:00,27.03,28.36,31.6,31.58,2
19-03-2018  16:41:00,27.17,28.4,31.49,31.7,2
19-03-2018  16:42:00,27.36,28.75,31.53,31.65,2
19-03-2018  16:43:00,27.67,29.24,31.61,31.64,2
19-03-2018  16:44:00,27.57,28.95,31.35,31.75,2
19-03-2018  16:45:00,27.49,29.44,31.42,31.61,2
19-03-2018  16:46:00,27.76,29.24,31.57,31.78,2
19-03-2018  16:47:00,27.77,29.31,31.73,31.95,2
19-03-2018  16:48:00,28.02,29.28,31.5,31.76,2
19-03-2018  16:49:00,28.06,29.36,31.7,31.85,2
19-03-2018  16:50:00,28.07,29.46,31.66,31.96,2
19-03-2018  16:51:00,27.85,29.67,31.65,31.92,2
19-03-2018  16:52:00,28.16,29.65,31.37,31.74,2
19-03-2018  16:53:00,28.06,29.52,31.35,31.87,2
19-03-2018  16:54:00,28.04,29.56,31.21,31.79,2
19-03-2018  16:55:00,27.92,29.71,31.43,31.77,2
19-03-2018  16:56:00,26.68,29.08,31.3,31.75,2
19-03-2018  16:57:00,25.63,28.16,31.28,31.64,2
19-03-2018  16:58:00,24.75,27.61,31.46,31.5,2
19-03-2018  16:59:00,24.06,27.18,31.55,31.27,2
19-03-2018  17:00:00,23.76,27.03,31.43,31.36,2
19-03-2018  17:01:00,23.16,26.51,31.42,31.25,2
19-03-2018  17:02:00,22.55,25.9,31.44,31.12,2
19-03-2018  17:03:00,22.18,25.99,31.56,31.13,2
19-03-2018  17:04:00,22.06,25.66,31.34,31.07,2
19-03-2018  17:05:00,21.96,25.23,31.34,30.98,2
19-03-2018  17:06:00,21.9,24.9,31.34,30.91,2
19-03-2018  17:07:00,21.8,24.89,31.28,30.63,2
19-03-2018  17:08:00,22.18,24.73,31.22,30.7,2
19-03-2018  17:09:00,22.43,25.25,31.21,30.66,2
19-03-2018  17:10:00,24.19,26.19,30.94,30.81,2
19-03-2018  17:11:00,25.46,26.45,30.96,30.97,2
19-03-2018  17:12:00,25.76,27.31,30.82,30.87,2
19-03-2018  17:13:00,26.3,27.74,31.12,31.18,2
19-03-2018  17:14:00,26.52,28.04,31.03,31.14,2
19-03-2018  17:15:00,27.02,28,31.31,31.26,2
19-03-2018  17:16:00,26.96,29.08,31.23,31.34,2
19-03-2018  17:17:00,27.31,28.45,31.12,31.23,2
19-03-2018  17:18:00,27.26,29.05,31.3,31.39,2
19-03-2018  17:19:00,27.2,29.26,31.21,31.37,2
19-03-2018  17:20:00,27.03,29.01,31.09,31.57,2
19-03-2018  17:21:00,27.69,29.07,30.95,31.39,2
19-03-2018  17:22:00,27.35,29.18,31.11,31.52,2
19-03-2018  17:23:00,27.68,29.21,31.14,31.5,2
19-03-2018  17:24:00,27.52,29.21,31.26,31.46,2
19-03-2018  17:25:00,27.77,29.52,31.29,31.69,2
19-03-2018  17:26:00,27.33,29.4,31.55,31.69,2
19-03-2018  17:27:00,26.08,28.7,31.35,31.51,2
19-03-2018  17:28:00,25.21,28.01,31.32,31.37,2
19-03-2018  17:29:00,24.19,27.45,31.05,31.28,2
19-03-2018  17:30:00,23.76,26.66,31.22,31.29,2
19-03-2018  17:31:00,23.3,26.32,31.12,31.12,2
19-03-2018  17:32:00,22.56,25.9,30.9,31.11,2
19-03-2018  17:33:00,22.21,25.25,30.87,30.9,2
19-03-2018  17:34:00,21.71,25.19,31.01,30.57,2
19-03-2018  17:35:00,21.47,25.11,30.85,30.6,2
19-03-2018  17:36:00,21.52,24.84,30.95,30.55,2
19-03-2018  17:37:00,21.65,24.71,30.88,30.45,2
19-03-2018  17:38:00,21.74,24.67,30.9,30.38,2
19-03-2018  17:39:00,23.45,24.94,30.84,30.31,2
19-03-2018  17:40:00,24.57,26.09,30.72,30.63,2
19-03-2018  17:41:00,25.33,26.71,30.76,30.59,2
19-03-2018  17:42:00,25.67,27.13,30.87,30.81,2
19-03-2018  17:43:00,26.04,27.78,30.67,30.8,2
19-03-2018  17:44:00,26.36,27.63,30.89,30.86,2
19-03-2018  17:45:00,26.63,28.33,30.6,31.1,2
19-03-2018  17:46:00,26.82,28.26,30.87,30.96,2
19-03-2018  17:47:00,26.59,28.52,30.7,31.05,2
19-03-2018  17:48:00,27.04,28.83,30.48,31.06,2
19-03-2018  17:49:00,27.21,28.39,30.77,31.15,2
19-03-2018  17:50:00,27.25,28.72,30.75,31.05,2
19-03-2018  17:51:00,27.53,28.85,30.6,31.16,2
19-03-2018  17:52:00,27.19,28.77,30.81,31.1,2
19-03-2018  17:53:00,27.57,28.98,30.57,30.97,2
19-03-2018  17:54:00,27.7,28.97,30.51,31.04,2
19-03-2018  17:55:00,27.43,29.17,30.69,31.3,2
19-03-2018  17:56:00,27.34,29.49,30.51,31.12,2
19-03-2018  17:57:00,27.55,29.08,30.6,31.14,2
19-03-2018  17:58:00,27.38,28.94,30.77,31.11,2
19-03-2018  17:59:00,27.34,29.14,30.58,31.19,2
19-03-2018  18:00:00,26.56,28.81,30.58,31.16,2
19-03-2018  18:01:00,25.28,28.02,30.64,30.81,2
19-03-2018  18:02:00,24.8,27.66,30.78,31.05,2
19-03-2018  18:03:00,24.33,26.99,30.51,30.78,2
19-03-2018  18:04:00,23.57,26.85,30.73,30.8,2
19-03-2018  18:05:00,23.02,26.18,30.51,30.62,2
19-03-2018  18:06:00,22.45,25.96,30.71,30.55,2
19-03-2018  18:07:00,22.5,25.14,30.41,30.45,2
19-03-2018  18:08:00,22.06,25.34,30.46,30.37,2
19-03-2018  18:09:00,21.59,24.69,30.59,30.34,2
19-03-2018  18:10:00,21.6,24.49,30.65,30.39,2
19-03-2018  18:11:00,21.87,24.97,30.52,30.11,2
19-03-2018  18:12:00,21.9,24.87,30.32,30.13,2
19-03-2018  18:13:00,22.71,25.17,30.56,30.16,2
19-03-2018  18:14:00,24.46,25.8,30.52,30.32,2
19-03-2018  18:15:00,25.08,26.28,30.56,30.32,2
19-03-2018  18:16:00,25.44,27.55,30.33,30.49,2
19-03-2018  18:17:00,25.83,27.57,30.35,30.58,2
19-03-2018  18:18:00,26.67,27.81,30.13,30.47,2
19-03-2018  18:19:00,26.6,28.31,30.37,30.63,2
19-03-2018  18:20:00,26.76,28.53,30.39,30.57,2
19-03-2018  18:21:00,26.66,28.36,30.19,30.68,2
19-03-2018  18:22:00,26.83,28.46,30.35,30.66,2
19-03-2018  18:23:00,27.14,28.59,30.33,30.72,2
19-03-2018  18:24:00,27.09,28.37,30.21,30.75,2
19-03-2018  18:25:00,27.22,28.73,30.14,30.66,2
19-03-2018  18:26:00,27.38,28.63,30.04,30.68,2
19-03-2018  18:27:00,27.02,28.82,30.19,30.65,2
19-03-2018  18:28:00,27.34,28.9,30.04,30.65,2
19-03-2018  18:29:00,27.12,28.78,30.23,30.83,2
19-03-2018  18:30:00,27.39,28.86,30.17,30.57,2
19-03-2018  18:31:00,27.39,28.94,30.12,30.75,2
19-03-2018  18:32:00,27.37,28.81,29.93,30.59,2
19-03-2018  18:33:00,26.58,28.53,30.15,30.62,2
19-03-2018  18:34:00,25.47,28.33,29.71,30.66,2
19-03-2018  18:35:00,24.83,27.23,30.03,30.44,2
19-03-2018  18:36:00,24.07,26.79,29.81,30.29,2
19-03-2018  18:37:00,23.44,25.98,29.96,30.34,2
19-03-2018  18:38:00,22.86,25.77,29.76,30.06,2
19-03-2018  18:39:00,22.29,25.59,29.87,29.98,2
19-03-2018  18:40:00,22.22,25.43,29.83,30.02,2
19-03-2018  18:41:00,21.88,25.34,29.79,29.81,2
19-03-2018  18:42:00,21.83,24.83,29.89,29.77,2
19-03-2018  18:43:00,21.74,24.96,29.77,29.74,2
19-03-2018  18:44:00,21.72,24.83,29.74,29.69,2
19-03-2018  18:45:00,21.7,24.9,29.78,29.67,2
19-03-2018  18:46:00,23.37,25.11,29.76,29.59,2
19-03-2018  18:47:00,24.36,25.67,29.81,29.83,2
19-03-2018  18:48:00,25.23,26.38,29.51,29.84,2
19-03-2018  18:49:00,25.66,27.06,29.72,29.96,2
19-03-2018  18:50:00,25.79,26.97,29.83,29.82,2
19-03-2018  18:51:00,26.21,27.42,29.65,30.2,2
19-03-2018  18:52:00,26.22,27.54,29.7,30.13,2
19-03-2018  18:53:00,26.42,27.92,29.6,30.12,2
19-03-2018  18:54:00,26.49,28.2,29.79,30.11,2
19-03-2018  18:55:00,26.79,28.2,29.63,30.22,2
19-03-2018  18:56:00,26.66,28.27,29.48,30.19,2
20-03-2018  15:28:00,21.5,30.26,32.27,26.31,1
20-03-2018  15:29:00,21.1,30.06,32.56,26.45,1
20-03-2018  15:30:00,21.5,30.14,32.92,26.37,1
20-03-2018  15:31:00,21.61,30.55,32.71,26.4,1
20-03-2018  15:32:00,22.09,30.4,32.55,26.34,1
20-03-2018  15:33:00,23.07,30.49,32.4,26.92,1
20-03-2018  15:34:00,23.58,30.72,32.39,27.28,1
20-03-2018  15:35:00,24.05,30.35,32.44,27.6,1
20-03-2018  15:36:00,24.34,31.04,32.59,27.93,1
20-03-2018  15:37:00,24.88,30.99,32.82,28.22,1
20-03-2018  15:38:00,24.98,30.93,32.54,28.13,1
20-03-2018  15:39:00,24.95,31.09,32.84,28.34,1
20-03-2018  15:40:00,25.37,31.54,32.28,28.36,1
20-03-2018  15:41:00,25.07,31.07,32.46,28.39,1
20-03-2018  15:42:00,25.6,30.87,32.39,28.71,1
20-03-2018  15:43:00,25.6,30.87,32.22,28.68,1
20-03-2018  15:44:00,25.86,31.16,32.09,28.73,1
20-03-2018  15:45:00,25.86,30.94,32.17,28.92,1
20-03-2018  15:46:00,25.77,31.44,32.31,28.87,1
20-03-2018  15:47:00,25.72,30.82,32.02,29.01,1
20-03-2018  15:48:00,25.89,30.73,32.04,29.12,1
20-03-2018  15:49:00,26.36,30.92,32.06,29.06,1
20-03-2018  15:50:00,25.54,31.28,32.37,28.81,1
20-03-2018  15:51:00,24.61,31.23,32.44,28.6,1
20-03-2018  15:52:00,23.97,30.83,32.98,28.08,1
20-03-2018  15:53:00,23.57,30.7,32.74,28.04,1
20-03-2018  15:54:00,23.01,30.98,32.5,27.71,1
20-03-2018  15:55:00,22.83,31.28,32.52,27.31,1
20-03-2018  15:56:00,21.83,30.71,32.96,27.25,1
20-03-2018  15:57:00,24.21,32.18,32.25,31.28,5
20-03-2018  15:58:00,24.12,32.53,32.5,31.52,5
20-03-2018  15:59:00,24.85,33,32.69,31.9,5
20-03-2018  16:00:00,24.8,33.17,32.39,31.92,5
20-03-2018  16:01:00,25.62,32.56,32.7,31.92,5
20-03-2018  16:02:00,25.88,33.12,33.06,32.08,5
20-03-2018  16:03:00,26.25,33.1,32.68,32.14,5
20-03-2018  16:04:00,26.48,32.55,32.75,32.15,5
20-03-2018  16:05:00,26.76,32.89,32.63,32.21,5
20-03-2018  16:06:00,27.22,32.84,32.44,32.28,5
20-03-2018  16:07:00,27.29,32.85,32.18,32.27,5
20-03-2018  16:08:00,27.41,33.16,33.13,32.38,5
20-03-2018  16:09:00,27.36,33.02,32.51,32.58,5
20-03-2018  16:10:00,27.77,32.92,32.64,32.51,5
20-03-2018  16:11:00,28.06,33.13,32.85,32.55,5
20-03-2018  16:12:00,27.96,32.66,32.43,32.37,5
20-03-2018  16:13:00,27.95,33.03,32.9,32.49,5
20-03-2018  16:14:00,27.34,33.01,32.68,32.44,5
20-03-2018  16:15:00,26.66,32.71,32.4,32.41,5
20-03-2018  16:16:00,26.08,33.01,32.64,32.37,5
20-03-2018  16:17:00,25.38,32.95,32.74,32.39,5
20-03-2018  16:18:00,25.45,33.23,32.92,32.54,5
20-03-2018  16:19:00,24.91,32.76,32.63,32.35,5
20-03-2018  16:20:00,24.68,33.11,32.54,32.15,5
20-03-2018  16:21:00,24.05,32.7,32.51,32.16,5
20-03-2018  16:22:00,23.9,32.75,32.41,32.13,5
20-03-2018  16:23:00,23.84,33.04,32.8,32.16,5
20-03-2018  16:24:00,23.99,32.91,32.38,32.08,5
20-03-2018  16:25:00,25.18,32.77,32.58,31.92,5
20-03-2018  16:26:00,25.83,32.86,32.81,32.16,5
20-03-2018  16:27:00,26.1,33.14,32.62,32.3,5
20-03-2018  16:28:00,26.25,32.8,32.88,32.36,5
20-03-2018  16:29:00,26.58,33.3,33.05,32.43,5
20-03-2018  16:30:00,27.04,32.7,32.86,32.46,5
20-03-2018  16:31:00,27.06,33.17,32.91,32.54,5
20-03-2018  16:32:00,27.26,32.76,32.67,32.55,5
20-03-2018  16:33:00,27.89,32.75,32.55,32.48,5
20-03-2018  16:34:00,27.76,33.13,32.53,32.49,5
20-03-2018  16:35:00,27.83,33.05,32.52,32.5,5
20-03-2018  16:36:00,27.97,32.75,32.84,32.41,5
20-03-2018  16:37:00,28.39,33.17,32.92,32.7,5
20-03-2018  16:38:00,28.05,32.96,32.57,32.79,5
20-03-2018  16:39:00,28.59,32.96,32.63,32.59,5
20-03-2018  16:40:00,28.46,32.9,32.51,32.52,5
20-03-2018  16:41:00,28.8,32.5,32.43,32.59,5
20-03-2018  16:42:00,28.81,32.46,32.46,32.36,5
20-03-2018  16:43:00,28.67,32.53,32.48,32.47,5
20-03-2018  16:44:00,28.79,32.49,32.14,32.6,5
20-03-2018  16:45:00,28.82,32.45,32.3,32.38,5
20-03-2018  16:46:00,28.74,32.78,31.95,32.26,5
20-03-2018  16:47:00,29,32.27,32.36,32.38,5
20-03-2018  16:48:00,29,32.62,32.36,32.72,5
20-03-2018  16:49:00,28.26,32.92,32.35,32.45,5
20-03-2018  16:50:00,27.33,32.53,32.38,32.38,5
20-03-2018  16:51:00,26.94,32.93,32.6,32.39,5
20-03-2018  16:52:00,26.52,32.9,32.87,32.43,5
20-03-2018  16:53:00,25.9,33.14,32.6,32.3,5
20-03-2018  16:54:00,25.44,33.1,32.52,32.29,5
20-03-2018  16:55:00,25.27,32.24,32.38,32.21,5
20-03-2018  16:56:00,24.64,32.98,32.54,32.09,5
20-03-2018  16:57:00,24.25,32.7,32.3,32.23,5
20-03-2018  16:58:00,24.03,33.07,32.58,32.01,5
20-03-2018  16:59:00,23.84,32.69,32.41,32.03,5
20-03-2018  17:00:00,23.61,32.87,32.59,31.98,5
20-03-2018  17:01:00,25.05,32.4,32.39,32.24,5
20-03-2018  17:02:00,25.73,32.6,32.42,32.09,5
20-03-2018  17:03:00,26.04,32.29,32.38,32.24,5
20-03-2018  17:04:00,26.41,32.72,32.54,32.18,5
20-03-2018  17:05:00,26.53,32.78,32.5,32.16,5
20-03-2018  17:06:00,27.07,33.12,32.41,32.25,5
20-03-2018  17:07:00,27.16,32.89,32.57,32.3,5
20-03-2018  17:08:00,27.4,32.77,32.53,32.35,5
20-03-2018  17:09:00,27.61,32.83,32.58,32.31,5
20-03-2018  17:10:00,27.71,32.74,32.81,32.41,5
20-03-2018  17:11:00,28.12,32.56,32.75,32.62,5
20-03-2018  17:12:00,27.88,32.76,32.5,32.4,5
20-03-2018  17:13:00,28.11,32.52,32.74,32.55,5
20-03-2018  17:14:00,28.06,33.16,32.63,32.6,5
20-03-2018  17:15:00,28.27,32.69,32.44,32.4,5
20-03-2018  17:16:00,28.63,32.55,32.4,32.69,5
20-03-2018  17:17:00,28.74,32.71,32.49,32.4,5
20-03-2018  17:18:00,28.42,32.72,32.82,32.66,5
20-03-2018  17:19:00,28.49,33.34,32.75,32.61,5
20-03-2018  17:20:00,28.63,32.81,32.34,32.63,5
20-03-2018  17:21:00,28.68,33.2,32.47,32.61,5
20-03-2018  17:22:00,28.67,32.59,32.38,32.62,5
20-03-2018  17:23:00,27.69,32.62,32.36,32.3,5
20-03-2018  17:24:00,26.78,32.38,32.36,32.46,5
20-03-2018  17:25:00,26.05,32.56,32.22,32.21,5
20-03-2018  17:26:00,25.92,32.38,32.13,32.16,5
20-03-2018  17:27:00,25.38,32.71,32.28,32.16,5
20-03-2018  17:28:00,25.13,32.73,32.28,32.1,5
20-03-2018  17:29:00,24.65,32.64,32.09,32.03,5
20-03-2018  17:30:00,24.67,32.35,32.12,31.98,5
20-03-2018  17:31:00,24.08,32.33,32.04,31.79,5
20-03-2018  17:32:00,23.76,32.65,32.27,31.68,5
20-03-2018  17:33:00,24.57,32.79,32.48,31.86,5
20-03-2018  17:34:00,25.29,32.52,32.59,31.92,5
20-03-2018  17:35:00,25.88,32.65,32.17,31.88,5
20-03-2018  17:36:00,26.26,32.31,32.11,32.05,5
20-03-2018  17:37:00,26.65,32.55,32.43,32.01,5
20-03-2018  17:38:00,26.7,32.04,32.1,31.86,5
20-03-2018  17:39:00,27,31.46,31.83,29.59,1
20-03-2018  17:40:00,26.84,31,31.96,29.69,1
20-03-2018  17:41:00,26.96,31.06,31.87,29.59,1
20-03-2018  17:42:00,26.99,31.63,31.75,29.52,1
20-03-2018  17:43:00,26.83,31.11,32.02,29.51,1
20-03-2018  17:44:00,26.98,31.44,32.09,29.53,1
20-03-2018  17:45:00,27.07,31.29,31.82,29.44,1
20-03-2018  17:46:00,26.73,30.84,31.54,29.48,1
20-03-2018  17:47:00,26.75,31.19,31.71,29.47,1
20-03-2018  17:48:00,26.7,31.16,32.11,29.45,1
20-03-2018  17:49:00,27.29,31.13,31.86,29.43,1
20-03-2018  17:50:00,26.12,31.07,32,29.39,1
20-03-2018  17:51:00,26.63,30.82,31.84,29.42,1
20-03-2018  17:52:00,26.5,31.18,31.7,29.44,1
20-03-2018  17:53:00,26.71,31.54,31.65,29.34,1
20-03-2018  17:54:00,26.88,31.15,31.84,29.51,1
20-03-2018  17:55:00,26.75,31.21,31.52,29.32,1
20-03-2018  17:56:00,26.59,31.21,31.49,29.13,1
20-03-2018  17:57:00,26.67,31.55,31.3,29.23,1
20-03-2018  17:58:00,26.47,31.35,31.89,29.26,1
20-03-2018  17:59:00,26.51,30.94,31.29,29.31,1
20-03-2018  18:00:00,26.28,31.03,31.67,29.27,1
20-03-2018  18:01:00,25.53,30.77,31.22,28.95,1
20-03-2018  18:02:00,25.06,30.41,31.46,28.48,1
20-03-2018  18:03:00,24.38,30.5,31.68,28.09,1
20-03-2018  18:04:00,23.3,30.09,31.42,27.79,1
20-03-2018  18:05:00,22.77,30.13,31.57,27.29,1
20-03-2018  18:06:00,22.21,29.9,31.35,27.11,1
20-03-2018  18:07:00,21.87,29.69,31.19,26.64,1
20-03-2018  18:08:00,21.42,29.58,31.45,26.47,1
20-03-2018  18:09:00,21.31,29.52,31.54,26.39,1
20-03-2018  18:10:00,21.5,29.64,31.31,26.33,1
20-03-2018  18:11:00,21.02,29.27,30.82,26.04,1
20-03-2018  18:12:00,21.2,29.52,31.07,26.08,1
20-03-2018  18:13:00,22.63,29.18,31.17,26.42,1
20-03-2018  18:14:00,23.27,29.18,31.21,26.78,1
20-03-2018  18:15:00,23.77,29.52,31.33,27.11,1
20-03-2018  18:16:00,24.13,29.38,30.95,27.41,1
20-03-2018  18:17:00,24.02,29.77,30.94,27.37,1
20-03-2018  18:18:00,24.69,29.98,30.7,27.47,1
20-03-2018  18:19:00,24.92,29.92,30.71,27.71,1
20-03-2018  18:20:00,24.78,29.38,30.65,28,1
20-03-2018  18:21:00,24.91,29.76,30.68,27.82,1
20-03-2018  18:22:00,25.25,29.82,31.15,27.8,1
20-03-2018  18:23:00,25.27,30.13,30.94,28.12,1
20-03-2018  18:24:00,25.27,30.28,31.05,28.05,1
20-03-2018  18:25:00,25.35,30.22,31.11,28.41,1
20-03-2018  18:26:00,25.63,30.48,31.12,28.43,1
20-03-2018  18:27:00,25.53,30.14,30.9,28.45,1
20-03-2018  18:28:00,25.97,30.18,31.31,28.48,1
20-03-2018  18:29:00,25.73,30.49,30.87,28.53,1
20-03-2018  18:30:00,25.45,30.63,30.8,28.55,1
20-03-2018  18:31:00,25.67,30.2,30.83,28.49,1
20-03-2018  18:32:00,25.51,29.95,30.82,28.49,1
20-03-2018  18:33:00,26,30.26,30.57,28.58,1
20-03-2018  18:34:00,25.84,30.35,30.8,28.65,1
20-03-2018  18:35:00,25.98,30.04,30.89,28.58,1
20-03-2018  18:36:00,25.72,30.23,30.67,28.64,1
20-03-2018  18:37:00,25.87,30.44,30.86,28.73,1
20-03-2018  18:38:00,25.76,30.47,31.1,28.6,1
20-03-2018  18:39:00,25.91,30.78,31.12,28.79,1
20-03-2018  18:40:00,26.18,30.44,30.9,28.75,1
20-03-2018  18:41:00,26.03,30.29,31,28.61,1
20-03-2018  18:42:00,26.15,30.11,30.43,28.74,1
20-03-2018  18:43:00,25.94,30.25,30.95,28.68,1
20-03-2018  18:44:00,26.11,30.46,31.16,28.65,1
20-03-2018  18:45:00,26.29,30.31,31.12,28.88,1
20-03-2018  18:46:00,26.26,30.32,31.05,28.78,1
20-03-2018  18:47:00,26.06,30.47,30.87,28.83,1
20-03-2018  18:48:00,26.01,30.64,30.94,28.81,1
20-03-2018  18:49:00,25.83,30.4,31.28,28.56,1
20-03-2018  18:50:00,24.98,30.03,30.91,28.44,1
20-03-2018  18:51:00,24.18,30.11,30.99,28.1,1
20-03-2018  18:52:00,23.73,29.78,30.91,27.49,1
20-03-2018  18:53:00,23.08,29.81,30.85,27.23,1
20-03-2018  18:54:00,22.82,29.53,31.04,26.9,1
20-03-2018  18:55:00,22.14,29.37,30.87,26.64,1
20-03-2018  18:56:00,22.01,29.26,30.68,26.43,1
20-03-2018  18:57:00,21.35,29.26,31.03,26.12,1
20-03-2018  18:58:00,21.49,29.41,30.9,26.24,1
20-03-2018  18:59:00,21.12,29.19,30.68,26.03,1
20-03-2018  19:00:00,24.45,29.21,30.01,27.07,4
20-03-2018  19:01:00,24.85,29.03,29.61,26.98,4
20-03-2018  19:02:00,24.75,28.75,29.85,27.27,4
20-03-2018  19:03:00,24.73,28.78,29.56,27.32,4
20-03-2018  19:04:00,25.04,28.9,29.57,27.15,4
20-03-2018  19:05:00,25.31,29.13,29.43,27.31,4
20-03-2018  19:06:00,25.02,29.02,29.42,27.3,4
20-03-2018  19:07:00,25.4,29.61,29.44,27.28,4
20-03-2018  19:08:00,25.5,28.63,29.01,27.76,4
20-03-2018  19:09:00,25.78,28.4,29.07,27.71,4
20-03-2018  19:10:00,25.75,28.89,29.23,27.96,4
20-03-2018  19:11:00,25.6,28.69,28.9,27.71,4
20-03-2018  19:12:00,25.65,28.97,29.03,27.68,4
20-03-2018  19:13:00,25.54,28.89,28.77,27.86,4
20-03-2018  19:14:00,25.75,28.69,28.95,27.9,4
20-03-2018  19:15:00,25.54,28.66,28.84,27.93,4
20-03-2018  19:16:00,25.79,28.81,28.73,28.03,4
20-03-2018  19:17:00,25.86,28.28,28.85,28.06,4
20-03-2018  19:18:00,25.8,28.76,28.72,28.1,4
20-03-2018  19:19:00,26.09,28.79,28.8,28.1,4
20-03-2018  19:20:00,25.88,28.34,28.82,28.06,4
20-03-2018  19:21:00,26.11,28.12,28.59,28.32,4
20-03-2018  19:22:00,26.15,29.21,28.84,28.5,4
20-03-2018  19:23:00,26.85,28.78,29.02,28.87,4
20-03-2018  19:24:00,27.19,29.48,29.17,29.06,4
20-03-2018  19:25:00,27.37,29.38,29.33,29.09,4
20-03-2018  19:26:00,27.81,29.73,29.49,29.33,4
20-03-2018  19:27:00,27.98,29.56,29.3,29.3,4
20-03-2018  19:28:00,27.82,29.87,29.59,29.43,4
20-03-2018  19:29:00,28.06,29.96,29.56,29.48,4
20-03-2018  19:30:00,28.41,30,29.97,29.52,4
20-03-2018  19:31:00,27.89,29.84,29.77,29.39,4
20-03-2018  19:32:00,28.79,30.04,29.69,29.71,4
20-03-2018  19:33:00,28.38,29.57,29.39,29.59,4
20-03-2018  19:34:00,28.31,29.18,29.28,29.04,4
20-03-2018  19:35:00,27.86,29.35,29.01,29.13,4
20-03-2018  19:36:00,27.52,28.6,28.64,28.93,4
20-03-2018  19:37:00,27.33,28.66,28.54,28.85,4
20-03-2018  19:38:00,27.58,29.05,28.69,28.94,4
20-03-2018  19:39:00,27.17,28.46,28.52,28.58,4
20-03-2018  19:40:00,27.43,28.95,28.46,28.73,4
20-03-2018  19:41:00,27.02,29.04,28.46,28.7,4
20-03-2018  19:42:00,27.3,28.71,28.48,28.54,4
20-03-2018  19:43:00,26.94,28.12,28.43,28.5,4
20-03-2018  19:44:00,27.16,28.67,28.48,28.95,4
20-03-2018  19:45:00,26.9,28.42,28.34,28.67,4
20-03-2018  19:46:00,26.89,28.66,28.43,28.5,4
20-03-2018  19:47:00,26.82,28.54,28.26,28.83,4
20-03-2018  19:48:00,27.14,28.7,28.47,28.65,4
20-03-2018  19:49:00,27.22,28.48,28.38,28.87,4
20-03-2018  19:50:00,27.12,28.37,28.44,28.75,4
20-03-2018  19:51:00,27.28,28.44,28.51,28.75,4
20-03-2018  19:52:00,27.08,28.21,28.39,28.66,4
20-03-2018  19:53:00,26.73,28.56,28.03,28.6,4
20-03-2018  19:54:00,27.15,28.33,28.23,28.67,4
20-03-2018  19:55:00,27.08,28.21,28.15,28.81,4
20-03-2018  19:56:00,27.07,28.21,28.35,28.67,4
20-03-2018  19:57:00,27.06,27.58,28.05,28.57,4
20-03-2018  19:58:00,27.14,28.2,28.15,28.57,4
20-03-2018  19:59:00,27.08,28.25,28.18,28.82,4
20-03-2018  20:00:00,27.15,28.34,28.11,28.81,4
20-03-2018  20:01:00,27.15,28.16,28.16,28.63,4
20-03-2018  20:02:00,27.19,28.05,28.26,28.69,4
20-03-2018  20:03:00,27.44,28.47,28.24,28.98,4
20-03-2018  20:04:00,27.35,28.48,28.28,28.79,4
20-03-2018  20:05:00,27.31,28.3,28.07,28.75,4
20-03-2018  20:06:00,27.16,27.9,28.13,28.82,4
20-03-2018  20:07:00,27.04,27.92,27.98,28.94,4
20-03-2018  20:08:00,27.05,27.97,28.1,28.51,4
20-03-2018  20:09:00,27.21,27.8,28.14,28.73,4
20-03-2018  20:10:00,27.47,28.16,28.21,29.03,4
20-03-2018  20:11:00,27.59,28.57,28.24,29.44,4
20-03-2018  20:12:00,28.44,28.73,28.6,29.73,4
20-03-2018  20:13:00,28.95,29.07,28.61,30.04,4
20-03-2018  20:14:00,28.92,28.99,28.93,30.22,4
20-03-2018  20:15:00,29.03,29.23,28.83,30.43,4
20-03-2018  20:16:00,29.09,29.12,28.7,30.54,4
20-03-2018  20:17:00,29.32,29.2,28.85,30.46,4
20-03-2018  20:18:00,29.26,29.29,29.06,30.39,4
20-03-2018  20:19:00,29.02,29.28,28.94,30.39,4
20-03-2018  20:20:00,29.12,29.5,28.98,30.21,4
20-03-2018  20:21:00,29.28,29.34,29.24,30.21,4
20-03-2018  20:22:00,29.05,28.45,28.73,30.03,4
20-03-2018  20:23:00,28.55,28.67,28.47,29.81,4
20-03-2018  20:24:00,28.29,28.61,28.4,29.69,4
20-03-2018  20:25:00,27.85,28.71,28.12,29.53,4
21-03-2018 03:40:00,25.41,25.72,25.52,25.63,6
21-03-2018 03:41:00,25.42,25.72,25.54,25.64,6
21-03-2018 03:42:00,25.41,25.71,25.54,25.63,6
21-03-2018 03:43:00,25.41,25.7,25.54,25.64,6
21-03-2018 03:44:00,25.41,25.71,25.57,25.65,6
21-03-2018 03:45:00,25.41,25.72,25.56,25.65,6
21-03-2018 03:46:00,25.41,25.7,25.52,25.65,6
21-03-2018 03:47:00,25.41,25.68,25.51,25.62,6
21-03-2018 03:48:00,25.39,25.69,25.53,25.61,6
21-03-2018 03:49:00,25.39,25.68,25.53,25.61,6
21-03-2018 03:50:00,25.4,25.7,25.57,25.62,6
21-03-2018 03:51:00,25.41,25.71,25.54,25.62,6
21-03-2018 03:52:00,25.41,25.71,25.55,25.62,6
21-03-2018 03:53:00,25.42,25.71,25.56,25.62,6
21-03-2018 03:54:00,25.4,25.69,25.54,25.63,6
21-03-2018 03:55:00,25.4,25.7,25.53,25.61,6
21-03-2018 03:56:00,25.4,25.68,25.55,25.61,6
21-03-2018 03:57:00,25.4,25.7,25.56,25.61,6
21-03-2018 03:58:00,25.4,25.7,25.58,25.61,6
21-03-2018 03:59:00,25.43,25.72,25.59,25.62,6
21-03-2018 04:00:00,25.42,25.73,25.59,25.63,6
21-03-2018 04:01:00,25.42,25.72,25.58,25.62,6
21-03-2018 04:02:00,25.4,25.7,25.57,25.62,6
21-03-2018 04:03:00,25.41,25.7,25.57,25.64,6
21-03-2018 04:04:00,25.39,25.7,25.57,25.6,6
21-03-2018 04:05:00,25.41,25.69,25.58,25.6,6
21-03-2018 04:06:00,25.4,25.73,25.59,25.61,6
21-03-2018 04:07:00,25.41,25.73,25.6,25.62,6
21-03-2018 04:08:00,25.44,25.74,25.62,25.63,6
21-03-2018 04:09:00,25.4,25.74,25.59,25.64,6
21-03-2018 04:10:00,25.46,25.75,25.59,25.64,6
21-03-2018 04:11:00,25.42,25.72,25.59,25.63,6
21-03-2018 04:12:00,25.42,25.72,25.58,25.62,6
21-03-2018 04:13:00,25.43,25.72,25.59,25.63,6
21-03-2018 04:14:00,25.46,25.73,25.6,25.64,6
21-03-2018 04:15:00,25.43,25.74,25.59,25.64,6
21-03-2018 04:16:00,25.44,25.74,25.61,25.64,6
21-03-2018 04:17:00,25.45,25.75,25.57,25.64,6
21-03-2018 04:18:00,25.46,25.74,25.57,25.64,6
21-03-2018 04:19:00,25.41,25.74,25.54,25.63,6
21-03-2018 04:20:00,25.42,25.71,25.55,25.64,6
21-03-2018 04:21:00,25.43,25.73,25.56,25.64,6
21-03-2018 04:22:00,25.43,25.73,25.56,25.62,6
21-03-2018 04:23:00,25.43,25.73,25.58,25.64,6
21-03-2018 04:24:00,25.41,25.73,25.57,25.65,6
21-03-2018 04:25:00,25.43,25.74,25.56,25.64,6
21-03-2018 04:26:00,25.43,25.75,25.52,25.62,6
21-03-2018 04:27:00,25.41,25.71,25.51,25.63,6
21-03-2018 04:28:00,25.45,25.71,25.52,25.62,6
21-03-2018 04:29:00,25.41,25.7,25.51,25.63,6
21-03-2018 04:30:00,25.44,25.7,25.53,25.63,6
21-03-2018 04:31:00,25.43,25.72,25.53,25.63,6
21-03-2018 04:32:00,25.43,25.7,25.51,25.65,6
21-03-2018 04:33:00,25.42,25.7,25.49,25.64,6
21-03-2018 04:34:00,25.43,25.67,25.46,25.63,6
21-03-2018 04:35:00,25.42,25.67,25.46,25.64,6
21-03-2018 04:36:00,25.42,25.68,25.47,25.62,6
21-03-2018 04:37:00,25.43,25.68,25.49,25.65,6
21-03-2018 04:38:00,25.43,25.7,25.5,25.62,6
21-03-2018 04:39:00,25.43,25.7,25.49,25.63,6
21-03-2018 04:40:00,25.42,25.69,25.49,25.64,6
21-03-2018 04:41:00,25.43,25.68,25.49,25.62,6
21-03-2018 04:42:00,25.42,25.66,25.48,25.64,6
21-03-2018 04:43:00,25.41,25.67,25.47,25.62,6
21-03-2018 04:44:00,25.4,25.66,25.48,25.63,6
21-03-2018 04:45:00,25.43,25.68,25.5,25.65,6
21-03-2018 04:46:00,25.44,25.68,25.47,25.62,6
21-03-2018 04:47:00,25.44,25.67,25.45,25.64,6
21-03-2018 04:48:00,25.43,25.67,25.43,25.63,6
21-03-2018 04:49:00,25.43,25.68,25.41,25.65,6
21-03-2018 04:50:00,25.41,25.64,25.41,25.63,6
21-03-2018 04:51:00,25.43,25.65,25.43,25.63,6
21-03-2018 04:52:00,25.41,25.64,25.44,25.63,6
21-03-2018 04:53:00,25.42,25.65,25.47,25.64,6
21-03-2018 04:54:00,25.44,25.66,25.48,25.64,6
21-03-2018 04:55:00,25.43,25.67,25.48,25.64,6
21-03-2018 04:56:00,25.43,25.65,25.47,25.64,6
21-03-2018 04:57:00,25.44,25.64,25.45,25.63,6
21-03-2018 04:58:00,25.43,25.62,25.45,25.62,6
21-03-2018 04:59:00,25.41,25.64,25.46,25.63,6
21-03-2018 05:00:00,25.44,25.63,25.47,25.63,6
21-03-2018 05:01:00,25.42,25.64,25.49,25.64,6
21-03-2018 05:02:00,25.44,25.65,25.5,25.65,6
21-03-2018 05:03:00,25.43,25.66,25.5,25.63,6
21-03-2018 05:04:00,25.44,25.65,25.49,25.63,6
21-03-2018 05:05:00,25.42,25.65,25.48,25.66,6
21-03-2018 05:06:00,25.42,25.64,25.47,25.64,6
21-03-2018 05:07:00,25.43,25.65,25.5,25.64,6
21-03-2018 05:08:00,25.42,25.65,25.5,25.63,6
21-03-2018 05:09:00,25.44,25.65,25.52,25.64,6
21-03-2018 05:10:00,25.43,25.66,25.53,25.64,6
21-03-2018 05:11:00,25.45,25.67,25.53,25.65,6
21-03-2018 05:12:00,25.43,25.66,25.52,25.65,6
21-03-2018 05:13:00,25.43,25.65,25.5,25.65,6
21-03-2018 05:14:00,25.42,25.64,25.5,25.64,6
21-03-2018 05:15:00,25.39,25.64,25.51,25.64,6
21-03-2018 05:16:00,25.41,25.65,25.52,25.64,6
21-03-2018 05:17:00,25.42,25.66,25.54,25.63,6
21-03-2018 05:18:00,25.41,25.68,25.55,25.64,6
21-03-2018 05:19:00,25.44,25.68,25.53,25.64,6
21-03-2018 05:20:00,25.41,25.68,25.52,25.62,6
21-03-2018 05:21:00,25.42,25.66,25.5,25.64,6
21-03-2018 05:22:00,25.4,25.68,25.49,25.61,6
21-03-2018 05:23:00,25.4,25.65,25.5,25.61,6
21-03-2018 05:24:00,25.4,25.65,25.51,25.62,6
21-03-2018 05:25:00,25.42,25.66,25.52,25.63,6
21-03-2018 05:26:00,25.41,25.66,25.53,25.64,6
21-03-2018 05:27:00,25.41,25.67,25.52,25.62,6
21-03-2018 05:28:00,25.41,25.65,25.5,25.61,6
21-03-2018 05:29:00,25.39,25.63,25.48,25.61,6
21-03-2018 05:30:00,25.38,25.64,25.46,25.6,6
21-03-2018 05:31:00,25.37,25.66,25.49,25.6,6
21-03-2018 05:32:00,25.4,25.64,25.49,25.61,6
21-03-2018 05:33:00,25.39,25.66,25.48,25.59,6
21-03-2018 05:34:00,25.39,25.65,25.48,25.6,6
21-03-2018 05:35:00,25.37,25.62,25.43,25.59,6
21-03-2018 05:36:00,25.39,25.61,25.43,25.6,6
21-03-2018 10:32:00,24.57,28.48,29.82,27.03,1
21-03-2018 10:33:00,24.28,28.28,29.71,26.85,1
21-03-2018 10:34:00,23.71,28.82,29.95,26.78,1
21-03-2018 10:35:00,23.35,28.59,30.35,26.69,1
21-03-2018 10:36:00,23.45,29.13,30.05,26.45,1
21-03-2018 10:37:00,22.69,28.57,30.15,26.39,1
21-03-2018 10:38:00,22.58,28.61,30.2,26.31,1
21-03-2018 10:39:00,22.57,29.08,30.02,26.06,1
21-03-2018 10:40:00,22.38,28.61,30.3,26.32,1
21-03-2018 10:41:00,22.24,28.7,30.15,25.86,1
21-03-2018 10:42:00,22.09,28.79,30.24,26.07,1
21-03-2018 10:43:00,22.12,28.79,30.61,26.1,1
21-03-2018 10:44:00,21.98,29.32,30.58,26,1
21-03-2018 10:45:00,21.7,28.78,30.53,26.03,1
21-03-2018 10:46:00,21.88,29.14,30.88,26.14,1
21-03-2018 10:47:00,21.82,28.97,31.02,26.26,1
21-03-2018 10:48:00,22.11,29.34,30.95,26.18,1
21-03-2018 10:49:00,21.94,28.87,30.96,26.12,1
21-03-2018 10:50:00,21.93,29.44,31.14,26.13,1
21-03-2018 10:51:00,22.03,28.9,30.27,25.99,1
21-03-2018 10:52:00,21.55,29,30.43,25.77,1
21-03-2018 10:53:00,21.61,28.74,30.3,25.81,1
21-03-2018 10:54:00,21.39,28.84,30.57,25.9,1
21-03-2018 10:55:00,21.6,29.17,30.67,25.93,1
21-03-2018 10:56:00,21.48,28.77,30.39,25.8,1
21-03-2018 10:57:00,21.31,28.91,30.4,25.85,1
21-03-2018 10:58:00,22.01,28.79,30.46,26.05,1
21-03-2018 10:59:00,22.21,28.94,30.67,26.11,1
21-03-2018 11:00:00,21.71,28.97,30.85,26.07,1
21-03-2018 11:01:00,21.68,29.71,31.12,26.11,1
21-03-2018 11:02:00,21.66,29.22,31.18,25.9,1
21-03-2018 11:03:00,21.84,29.26,31.29,26.18,1
21-03-2018 11:04:00,21.61,29.04,30.89,26.04,1
21-03-2018 11:05:00,21.46,29.37,31.26,26.12,1
21-03-2018 11:06:00,21.71,29.23,31.08,25.86,1
21-03-2018 11:07:00,21.68,29.26,31.45,26.27,1
21-03-2018 11:08:00,21.76,29.34,31.02,25.96,1
21-03-2018 11:09:00,21.8,29.24,30.88,26.21,1
21-03-2018 11:10:00,21.93,29.34,30.98,26.1,1
21-03-2018 11:11:00,21.84,29.66,31.11,26.2,1
21-03-2018 11:12:00,21.96,29.29,30.92,26.26,1
21-03-2018 11:13:00,21.56,29.28,31.2,26.23,1
21-03-2018 11:14:00,21.76,29.46,31.41,26.03,1
21-03-2018 11:15:00,21.39,29.66,31.81,26.08,1
21-03-2018 11:25:00,22.07,25.89,31.89,25.63,3
21-03-2018 11:26:00,21.86,26.11,32.04,25.99,3
21-03-2018 11:27:00,22.03,25.67,31.69,25.81,3
21-03-2018 11:28:00,22.1,25.91,31.67,25.65,3
21-03-2018 11:29:00,22.4,25.16,31.69,25.66,3
21-03-2018 11:30:00,22.16,25.54,31.81,25.81,3
21-03-2018 11:31:00,22.66,25.86,31.89,25.53,3
21-03-2018 11:32:00,23.04,25.47,32.21,25.66,3
21-03-2018 11:33:00,23.08,25.87,31.37,25.8,3
21-03-2018 11:34:00,23.05,25.92,31.57,25.62,3
21-03-2018 11:35:00,23.06,26.18,31.26,25.67,3
21-03-2018 11:36:00,23.34,26.11,31.25,25.72,3
21-03-2018 11:37:00,23.53,26.23,31.31,25.48,3
21-03-2018 11:38:00,23.61,26.24,31.5,25.49,3
21-03-2018 11:39:00,23.76,26.25,31.16,25.61,3
21-03-2018 11:40:00,23.62,26.43,31.2,25.69,3
21-03-2018 11:41:00,23.36,26.08,31.63,25.72,3
21-03-2018 11:42:00,23.38,26.34,31.71,25.75,3
21-03-2018 11:43:00,23.12,26.58,31.73,25.63,3
21-03-2018 11:44:00,23.05,26.25,31.91,25.54,3
21-03-2018 11:45:00,22.8,26.42,32.2,25.52,3
21-03-2018 11:46:00,22.55,26.52,32.17,25.62,3
21-03-2018 11:47:00,22.17,26.1,31.72,25.65,3
21-03-2018 11:48:00,21.92,26.14,31.95,25.62,3
21-03-2018 11:49:00,21.68,26.03,31.92,25.61,3
21-03-2018 11:50:00,22.08,26.26,31.58,25.62,3
21-03-2018 11:51:00,21.78,26.18,31.62,25.64,3
21-03-2018 11:52:00,21.96,26.15,31.88,25.44,3
21-03-2018 11:53:00,22.03,25.66,32,25.39,3
21-03-2018 11:54:00,22.19,25.74,32.04,25.65,3
21-03-2018 11:55:00,22.53,25.55,32.05,25.67,3
21-03-2018 11:56:00,22.88,25.6,32.33,25.65,3
21-03-2018 11:57:00,23.05,25.46,32.26,25.53,3
21-03-2018 11:58:00,22.88,26.09,32.3,25.7,3
21-03-2018 11:59:00,23.06,26.12,32.16,25.53,3
21-03-2018 12:00:00,23.7,25.95,32.31,25.6,3
21-03-2018 12:01:00,23.65,26.29,32.38,25.52,3
21-03-2018 12:02:00,23.6,26.26,32.52,25.5,3
21-03-2018 12:03:00,23.68,26.34,32.35,25.62,3
21-03-2018 12:04:00,23.68,26.56,32.6,25.66,3
21-03-2018 12:05:00,23.6,26.48,32.55,25.76,3
21-03-2018 12:06:00,23.2,26.38,32.24,25.6,3
21-03-2018 12:07:00,23.92,26.53,32.24,25.69,3
21-03-2018 12:08:00,23.96,26.39,32.3,25.68,3
21-03-2018 12:09:00,23.68,26.71,32.09,25.72,3
21-03-2018 12:10:00,23.58,26.65,32,25.64,3
21-03-2018 12:11:00,23.06,27.18,32.29,25.76,3
21-03-2018 12:12:00,22.83,26.4,32.83,25.54,3
21-03-2018 12:13:00,22.59,26.4,32.68,25.62,3
21-03-2018 12:14:00,21.98,26.51,32.93,25.6,3
21-03-2018 12:15:00,21.76,26.29,32.67,25.46,3
21-03-2018 12:16:00,21.63,26.03,33.02,25.6,3
21-03-2018 12:17:00,21.64,26.15,32.84,25.61,3
21-03-2018 12:18:00,21.62,26.32,32.94,25.59,3
21-03-2018 12:19:00,22.04,26.13,32.41,25.66,3
21-03-2018 12:20:00,21.74,26.05,32.64,25.45,3
21-03-2018 12:21:00,22.19,25.33,33.29,25.7,3
21-03-2018 12:22:00,22.41,25.29,33.46,25.7,3
21-03-2018 12:23:00,22.48,25.5,33.33,25.7,3
21-03-2018 12:24:00,22.81,26,33.11,25.57,3
21-03-2018 12:25:00,22.97,25.7,33.09,25.64,3
21-03-2018 12:26:00,23.26,25.9,33.41,25.46,3
21-03-2018 12:27:00,23.05,26.01,32.79,25.62,3
21-03-2018 12:28:00,23.79,26.23,32.92,25.64,3
21-03-2018 12:29:00,23.41,26.46,32.54,25.68,3
21-03-2018 12:30:00,23.46,26.41,32.5,25.46,3
21-03-2018 12:31:00,23.3,26.18,32.63,25.76,3
21-03-2018 12:32:00,23.56,26.72,32.71,25.57,3
21-03-2018 12:33:00,23.86,26.02,32.59,25.64,3
21-03-2018 12:34:00,23.59,26.65,32.73,25.63,3
21-03-2018 12:35:00,23.53,26.84,32.73,25.61,3
21-03-2018 12:36:00,23.74,26.45,32.08,25.55,3
21-03-2018 12:37:00,23.61,26.56,32.12,25.61,3
21-03-2018 12:38:00,23.81,26.73,32.25,25.73,3
21-03-2018 12:39:00,23.75,26.26,32.21,25.57,3
21-03-2018 12:40:00,23.78,26.38,32.2,25.56,3
21-03-2018 12:41:00,23.83,26.49,32.16,25.53,3
21-03-2018 12:42:00,23.9,26.53,32.1,25.55,3
21-03-2018 12:43:00,23.89,26.62,31.96,25.72,3
21-03-2018 12:44:00,23.77,26.44,32.23,25.67,3
21-03-2018 12:45:00,23.47,26.77,32.04,25.64,3
21-03-2018 12:46:00,23.04,26.78,32.12,25.57,3
21-03-2018 12:47:00,22.89,26.71,31.92,25.64,3
21-03-2018 12:48:00,22.48,26.22,31.95,25.52,3
21-03-2018 12:49:00,22.42,26.23,32.01,25.59,3
21-03-2018 12:50:00,22.04,26.07,32.34,25.5,3
21-03-2018 12:51:00,22.05,26.1,32.45,25.57,3
21-03-2018 12:52:00,22.09,26.43,32.38,25.51,3
21-03-2018 12:53:00,21.58,26.13,32.59,25.45,3
21-03-2018 12:54:00,22.08,26.24,32.78,25.48,3
21-03-2018 12:55:00,21.93,25.83,32.39,25.45,3
21-03-2018 12:56:00,22.37,26.09,32.83,25.78,3
21-03-2018 12:57:00,22.57,25.44,32.84,25.58,3
21-03-2018 12:58:00,22.5,26.12,32.95,25.72,3
21-03-2018 12:59:00,23.05,25.91,33.09,25.39,3
21-03-2018 13:00:00,23.16,26.13,33.14,25.75,3
21-03-2018 13:01:00,23.39,26.29,33.08,25.61,3
21-03-2018 13:02:00,23.41,26.36,33.07,25.73,3
21-03-2018 13:03:00,23.8,26.12,33.05,25.73,3
21-03-2018 13:04:00,23.51,26.49,32.91,25.62,3
21-03-2018 13:05:00,23.33,26.31,32.87,25.7,3
21-03-2018 13:06:00,23.67,26.54,33.03,25.57,3
21-03-2018 13:07:00,23.38,26.83,33.29,25.68,3
21-03-2018 13:08:00,23.73,26.38,33.05,25.67,3
21-03-2018 13:09:00,23.65,26.62,33.12,25.67,3
21-03-2018 13:10:00,23.94,26.71,32.98,25.62,3
21-03-2018 13:11:00,23.86,26.51,33.03,25.7,3
21-03-2018 13:12:00,23.86,26.94,33.21,25.69,3
21-03-2018 13:13:00,23.85,26.48,33.04,25.67,3
21-03-2018 13:14:00,23.84,26.89,32.94,25.57,3
21-03-2018 13:15:00,24.06,26.8,33.43,25.61,3
21-03-2018 13:25:00,21.79,30.71,33.18,26.65,1
21-03-2018 13:26:00,21.41,30.57,33.17,26.57,1
21-03-2018 13:27:00,21.37,30.9,33.45,26.44,1
21-03-2018 13:28:00,21.26,30.61,33.04,26.54,1
21-03-2018 13:29:00,21.5,30.77,33.08,26.43,1
21-03-2018 13:30:00,21.46,30.78,32.87,26.43,1
21-03-2018 13:31:00,23.19,30.63,33.26,27.16,1
21-03-2018 13:32:00,23.52,30.73,32.75,27.46,1
21-03-2018 13:33:00,24.02,31.32,33.04,27.84,1
21-03-2018 13:34:00,24.46,30.99,33.41,27.94,1
21-03-2018 13:35:00,24.98,31.25,33.39,28.09,1
21-03-2018 13:36:00,24.65,31.14,33.22,28.29,1
21-03-2018 13:37:00,24.87,31.82,33.38,28.49,1
21-03-2018 13:38:00,24.89,31.64,33,28.73,1
21-03-2018 13:39:00,25.5,32.02,33.27,28.81,1
21-03-2018 13:40:00,25.58,31.92,33.29,28.85,1
21-03-2018 13:41:00,25.78,31.07,32.9,28.89,1
21-03-2018 13:42:00,25.64,31.77,32.86,29.08,1
21-03-2018 13:43:00,25.56,31.88,33.29,29.32,1
21-03-2018 13:44:00,25.86,32.1,33.75,29.14,1
21-03-2018 13:45:00,26.09,31.89,33.58,29.34,1
21-03-2018 13:46:00,25.85,31.77,33.41,29.64,1
21-03-2018 13:47:00,26.41,31.77,33.42,29.27,1
21-03-2018 13:48:00,26.38,32.06,33.3,29.4,1
21-03-2018 13:49:00,26.37,31.61,33.43,29.24,1
21-03-2018 13:50:00,26.3,32.31,33.74,29.4,1
21-03-2018 13:51:00,25.99,32.2,34.24,29.84,1
21-03-2018 13:52:00,26.41,32.74,33.51,29.73,1
21-03-2018 13:53:00,26.53,31.63,33.31,29.78,1
21-03-2018 13:54:00,26.49,32.53,33.77,29.63,1
21-03-2018 13:55:00,26.52,32.08,33.9,30.01,1
21-03-2018 13:56:00,26.45,32.48,33.73,29.83,1
21-03-2018 13:57:00,26.91,32.08,33.88,29.88,1
21-03-2018 13:58:00,26.94,31.96,33.96,29.81,1
21-03-2018 13:59:00,26.64,32.52,33.7,29.74,1
21-03-2018 14:05:00,24.7,33.68,33.61,32.63,5
21-03-2018 14:06:00,24.75,34.27,33.78,32.98,5
21-03-2018 14:07:00,24.4,34.42,33.88,33.05,5
21-03-2018 14:08:00,23.78,33.93,33.84,33.14,5
21-03-2018 14:09:00,23.66,33.84,33.28,32.66,5
21-03-2018 14:10:00,23.59,33.7,33.38,32.59,5
21-03-2018 14:11:00,23.51,33.52,33.62,32.85,5
21-03-2018 14:12:00,23.06,33.46,33.43,32.47,5
21-03-2018 14:13:00,23.23,33.93,33.55,32.61,5
21-03-2018 14:14:00,24.57,33.69,33.36,32.7,5
21-03-2018 14:15:00,25.51,33.93,33.63,32.89,5
21-03-2018 14:16:00,25.79,33.4,33.68,32.88,5
21-03-2018 14:17:00,26.31,33.58,33.66,33.01,5
21-03-2018 14:18:00,26.69,34.01,33.58,32.9,5
21-03-2018 14:19:00,26.93,33.66,33.66,32.93,5
21-03-2018 14:20:00,27.27,33.61,33.79,32.93,5
21-03-2018 14:21:00,27.28,33.85,34.12,33.27,5
21-03-2018 14:22:00,27.6,33.84,33.73,33.23,5
21-03-2018 14:23:00,27.61,34.12,33.6,33.31,5
21-03-2018 14:24:00,27.84,33.82,33.78,33.41,5
21-03-2018 14:25:00,28.14,33.84,33.81,33.3,5
21-03-2018 14:26:00,28.46,33.64,33.4,33.36,5
21-03-2018 14:27:00,28.73,34.08,33.73,33.32,5
21-03-2018 14:28:00,28.6,34.12,33.9,33.46,5
21-03-2018 14:29:00,29.15,33.48,33.58,33.3,5
21-03-2018 14:30:00,28.81,33.68,33.71,33.31,5
21-03-2018 14:31:00,28.94,33.49,33.19,33.26,5
21-03-2018 14:32:00,29.29,33.6,33.03,33.27,5
21-03-2018 14:33:00,29.28,33.36,33.14,33.31,5
21-03-2018 14:34:00,29.1,33.22,33.38,33.33,5
21-03-2018 14:35:00,29.15,33.59,33.02,33.07,5
21-03-2018 14:36:00,28.2,33.24,33.28,33.09,5
21-03-2018 14:37:00,27.16,33.51,32.87,32.99,5
21-03-2018 14:38:00,26.63,33.54,33.26,32.94,5
21-03-2018 14:39:00,26.2,33.64,33.23,32.95,5
21-03-2018 14:40:00,25.92,33.35,32.61,32.77,5
21-03-2018 14:41:00,25.35,32.89,32.67,32.54,5
21-03-2018 14:42:00,25.13,33.61,32.79,32.48,5
21-03-2018 14:43:00,24.59,33.23,33.16,32.58,5
21-03-2018 14:44:00,24.21,33.17,32.83,32.51,5
21-03-2018 14:45:00,23.93,33.19,32.89,32.61,5
21-03-2018 14:46:00,23.93,33.31,32.96,32.44,5
21-03-2018 14:47:00,24.83,33.15,33.02,32.63,5
21-03-2018 14:48:00,25.55,33.28,32.9,32.36,5
21-03-2018 14:49:00,26.16,33.23,32.74,32.42,5
21-03-2018 14:50:00,26.41,33.01,32.77,32.44,5
21-03-2018 14:51:00,27.1,33.25,32.78,32.45,5
21-03-2018 14:52:00,27.11,33.01,32.72,32.53,5
21-03-2018 14:53:00,27.21,33.47,32.67,32.46,5
21-03-2018 14:54:00,27.43,32.77,32.66,32.44,5
21-03-2018 14:55:00,27.78,32.87,32.58,32.64,5
21-03-2018 14:56:00,28.2,33.36,32.47,32.62,5
21-03-2018 14:57:00,28.07,32.68,32.73,32.44,5
21-03-2018 14:58:00,28.02,33.26,32.83,32.57,5
21-03-2018 14:59:00,28.35,32.78,32.92,32.55,5
21-03-2018 15:00:00,28.36,33.19,33.01,32.72,5
21-03-2018 15:01:00,28.56,32.98,32.59,32.7,5
21-03-2018 15:02:00,28.58,33.53,33.07,32.89,5
21-03-2018 15:03:00,28.47,33.38,33.01,32.94,5
21-03-2018 15:04:00,29.39,33.72,33.3,32.84,5
21-03-2018 15:05:00,28.44,32.59,33.19,32.92,5
21-03-2018 15:06:00,28.86,33.51,33.21,32.93,5
21-03-2018 15:07:00,28.37,33.33,33.17,32.86,5
21-03-2018 15:08:00,27.25,32.96,33.11,32.78,5
21-03-2018 15:09:00,26.92,33.57,33.08,32.82,5
21-03-2018 15:10:00,26.4,33.3,33.23,32.88,5
21-03-2018 15:11:00,25.62,33.41,33.07,32.63,5
21-03-2018 15:12:00,25.28,33.3,32.95,32.68,5
21-03-2018 15:13:00,24.93,33.32,32.79,32.69,5
21-03-2018 15:14:00,24.39,32.87,32.88,32.44,5
21-03-2018 15:15:00,24.49,33.01,32.72,32.25,5
21-03-2018 15:16:00,23.83,32.75,32.61,32.56,5
21-03-2018 15:17:00,23.41,32.86,32.83,32.06,5
21-03-2018 15:18:00,24.9,32.96,32.55,32.04,5
21-03-2018 15:19:00,25.68,32.96,32.45,32.17,5
21-03-2018 15:20:00,26.11,33.01,32.51,32.21,5
21-03-2018 15:21:00,26.34,32.78,32.75,32.28,5
21-03-2018 15:22:00,26.59,32.94,32.5,32.33,5
21-03-2018 15:23:00,27,32.83,32.81,32.37,5
21-03-2018 15:24:00,27.31,32.93,32.88,32.4,5
21-03-2018 15:25:00,27.05,33,32.7,32.64,5
21-03-2018 15:26:00,27.42,33.26,32.69,32.47,5
21-03-2018 15:27:00,27.85,32.8,32.79,32.41,5
21-03-2018 15:28:00,27.95,33.49,32.91,32.68,5
21-03-2018 15:29:00,28.43,33.37,33.29,32.92,5
21-03-2018 15:30:00,28.09,33.4,33.3,32.98,5
21-03-2018 15:31:00,28.2,33.52,32.94,32.84,5
21-03-2018 15:44:00,24.42,31.49,28.75,32.65,1
21-03-2018 15:45:00,23.38,31.24,28.37,32.91,1
21-03-2018 15:46:00,22.88,30.56,27.78,32.53,1
21-03-2018 15:47:00,22.31,31.23,27.38,32.54,1
21-03-2018 15:48:00,21.97,30.45,27.12,32.49,1
21-03-2018 15:49:00,21.72,30.68,27.03,32.74,1
21-03-2018 15:50:00,21.52,30.42,26.81,32.7,1
21-03-2018 15:51:00,21.52,30.14,26.73,32.88,1
21-03-2018 15:52:00,26.02,32.87,32.13,33.18,5
21-03-2018 15:53:00,26.32,33.04,32.38,32.75,5
21-03-2018 15:54:00,26.83,32.59,32.3,33,5
21-03-2018 15:55:00,26.81,33.84,32.49,33.09,5
21-03-2018 15:56:00,27.16,33.33,32.49,32.98,5
21-03-2018 15:57:00,27.55,33.43,32.52,33.11,5
21-03-2018 15:58:00,27.22,32.7,32.51,32.97,5
21-03-2018 15:59:00,27.87,32.92,32.75,32.98,5
21-03-2018 16:00:00,27.93,33.35,32.78,33.09,5
21-03-2018 16:01:00,27.99,33.32,32.76,33.08,5
21-03-2018 16:02:00,28.07,32.98,32.96,32.75,5
21-03-2018 16:03:00,28.3,32.87,32.73,33.03,5
21-03-2018 16:04:00,28.51,32.93,32.9,32.59,5
21-03-2018 16:05:00,27.98,33.02,32.77,32.68,5
21-03-2018 16:06:00,27.23,32.94,32.42,32.78,5
21-03-2018 16:07:00,26.54,33.15,32.47,32.5,5
21-03-2018 16:08:00,25.92,32.95,32.29,32.58,5
21-03-2018 16:09:00,25.45,32.46,32.41,32.7,5
21-03-2018 16:10:00,24.83,33,32.16,32.61,5
21-03-2018 16:11:00,24.71,32.74,32.16,32.5,5
21-03-2018 16:12:00,24.13,32.86,32.16,32.71,5
21-03-2018 16:13:00,23.95,32.62,32.21,32.4,5
21-03-2018 16:14:00,23.64,32.97,31.99,32.25,5
21-03-2018 16:15:00,23.49,32.65,32.04,32.56,5
21-03-2018 16:16:00,24.84,32.85,32.25,32.66,5
21-03-2018 16:17:00,25.34,32.83,32.12,32.54,5
21-03-2018 16:18:00,25.83,33.05,32.11,32.5,5
21-03-2018 16:19:00,26.04,32.67,31.93,32.27,5
21-03-2018 16:20:00,26.56,33.13,32.19,32.5,5
21-03-2018 16:21:00,26.87,32.58,32.09,32.69,5
21-03-2018 16:22:00,27.15,33.17,32.1,32.35,5
21-03-2018 16:23:00,27.3,32.77,32.41,32.55,5
21-03-2018 16:24:00,27.44,32.63,32.34,32.53,5
21-03-2018 16:25:00,27.3,33.01,32.33,32.23,5
21-03-2018 16:26:00,27.67,32.58,32.34,32.28,5
21-03-2018 16:27:00,28.06,32.98,32.35,32.28,5
21-03-2018 16:28:00,28.1,32.77,32.38,32.21,5
21-03-2018 16:29:00,28.11,32.7,32.37,32.34,5
21-03-2018 16:30:00,28.04,32.61,32.09,32.25,5
21-03-2018 16:31:00,28.24,32.54,32.34,32.2,5
21-03-2018 16:32:00,28.52,32.5,32.22,32.39,5
21-03-2018 16:33:00,28.66,32.53,32.39,32.52,5
21-03-2018 16:34:00,28.62,32.71,32.54,32.51,5
21-03-2018 16:35:00,28.69,32.81,32.52,32.46,5
21-03-2018 16:36:00,28.62,32.89,32.54,32.53,5
21-03-2018 16:37:00,28.78,32.64,32.52,32.52,5
21-03-2018 16:38:00,28.03,33.21,32.53,32.48,5
21-03-2018 16:39:00,27.17,32.78,32.36,32.35,5
21-03-2018 16:40:00,26.43,33.38,32.54,32.5,5
21-03-2018 16:41:00,26.18,32.79,32.37,32.46,5
21-03-2018 16:42:00,25.87,32.71,32.05,32.55,5
21-03-2018 16:43:00,25.27,32.56,32.22,32.57,5
21-03-2018 16:44:00,24.66,32.96,32.14,32.47,5
21-03-2018 16:45:00,24.59,32.75,32.2,32.48,5
21-03-2018 16:46:00,24.25,32.7,31.98,32.22,5
21-03-2018 16:47:00,24.03,32.56,32.05,32.23,5
21-03-2018 16:48:00,23.48,32.81,31.91,32.3,5
21-03-2018 16:49:00,24.73,32.77,31.99,32.33,5
21-03-2018 16:50:00,25.38,32.51,31.99,32.08,5
21-03-2018 16:51:00,25.77,32.53,31.99,32.11,5
21-03-2018 16:52:00,26.09,32.8,32.19,32.32,5
21-03-2018 16:53:00,26.36,32.76,32.11,32.17,5
21-03-2018 16:54:00,26.7,32.48,32.05,32.16,5
21-03-2018 16:55:00,27.02,32.04,32.12,32.23,5
21-03-2018 16:56:00,27.34,32.6,32.06,32.09,5
21-03-2018 16:57:00,27.58,32.84,32.02,32.14,5
21-03-2018 16:58:00,27.72,32.95,32.12,32.29,5
21-03-2018 16:59:00,27.89,32.56,32.18,32.29,5
21-03-2018 17:00:00,28,32.59,32.23,32.26,5
21-03-2018 17:01:00,27.86,32.53,32.16,32.35,5
21-03-2018 17:02:00,27.99,32.24,32.21,32.26,5
21-03-2018 17:03:00,28.34,32.02,32.09,31.96,5
21-03-2018 17:04:00,28.24,32.04,32.11,32.21,5
21-03-2018 17:05:00,28.53,32.12,32.3,31.98,5
21-03-2018 17:06:00,28.32,32.16,32.18,31.95,5
21-03-2018 17:07:00,28.53,32.39,32.09,32.1,5
21-03-2018 17:08:00,28.57,32.11,32.17,32.12,5
21-03-2018 17:09:00,28.45,32.44,32.14,31.99,5
21-03-2018 17:10:00,28.85,32.22,32.06,31.78,5
21-03-2018 17:11:00,27.36,32.3,32.16,31.84,5
21-03-2018 17:12:00,26.98,32.68,31.93,32.13,5
21-03-2018 17:13:00,26.46,32.76,32.05,32.27,5
21-03-2018 17:14:00,26.17,32.35,32.04,31.85,5
21-03-2018 17:15:00,25.22,32.03,31.91,32.06,5
21-03-2018 17:16:00,24.7,32.41,31.65,32.09,5
21-03-2018 17:17:00,25.13,26.71,31.68,31.78,2
21-03-2018 17:18:00,25.47,27.27,31.63,32.04,2
21-03-2018 17:19:00,26.27,27.69,31.64,31.94,2
21-03-2018 17:20:00,26.56,27.87,31.71,32.05,2
21-03-2018 17:21:00,26.57,28.14,31.67,31.77,2
21-03-2018 17:22:00,26.48,28.74,31.78,31.79,2
21-03-2018 17:23:00,27.01,28.64,31.81,32.01,2
21-03-2018 17:24:00,26.72,28.85,31.71,31.92,2
21-03-2018 17:25:00,27.23,28.49,31.85,31.79,2
21-03-2018 17:26:00,27.19,28.92,31.68,31.99,2
21-03-2018 17:27:00,27.3,28.96,31.83,31.67,2
21-03-2018 17:28:00,27.41,28.91,31.86,31.71,2
21-03-2018 17:29:00,27.69,29.23,31.89,31.76,2
21-03-2018 17:30:00,27.39,28.74,31.98,31.79,2
21-03-2018 17:31:00,27.56,28.98,31.84,32.12,2
21-03-2018 17:32:00,27.58,28.93,31.96,31.8,2
21-03-2018 17:33:00,27.29,29.02,31.73,31.69,2
21-03-2018 17:34:00,27.63,29.4,31.76,31.65,2
21-03-2018 17:35:00,27.66,29.37,31.54,31.77,2
21-03-2018 17:36:00,27.44,29.11,31.83,31.82,2
21-03-2018 17:37:00,27.39,29.41,32.04,31.7,2
21-03-2018 17:38:00,27.96,29.3,31.83,31.71,2
21-03-2018 17:39:00,27.78,29.3,31.58,31.56,2
21-03-2018 17:40:00,27.77,29.56,31.73,31.7,2
21-03-2018 17:41:00,27.81,29.38,31.85,31.81,2
21-03-2018 17:42:00,27.48,29.33,31.64,31.6,2
21-03-2018 17:43:00,27.63,28.97,31.65,31.52,2
21-03-2018 17:44:00,27.67,29.33,31.68,31.25,2
21-03-2018 17:45:00,27.71,29.51,31.56,31.44,2
21-03-2018 17:46:00,27.69,29.52,31.6,31.67,2
21-03-2018 17:47:00,27.95,29.28,31.77,31.42,2
21-03-2018 17:48:00,27.73,29.3,31.65,31.53,2
21-03-2018 17:49:00,27.72,29.58,31.64,31.36,2
21-03-2018 17:50:00,27.67,29.18,31.53,31.58,2
21-03-2018 17:51:00,27.92,29.29,31.44,31.21,2
21-03-2018 17:52:00,27.79,29.06,31.52,31.3,2
21-03-2018 17:53:00,27.82,29.25,31.31,31.51,2
21-03-2018 17:54:00,27.76,29.07,31.63,31.37,2
21-03-2018 17:55:00,27.67,29.28,31.32,31.2,2
21-03-2018 17:56:00,27.8,29.05,31.26,31.26,2
21-03-2018 17:57:00,27.91,29.49,31.45,31.07,2
21-03-2018 17:58:00,28,28.85,31.28,31.12,2
21-03-2018 17:59:00,27.53,29.17,31.37,31.11,2
21-03-2018 18:00:00,26.35,28.74,31.23,31.07,2
21-03-2018 18:01:00,25.45,27.46,31.03,31.05,2
21-03-2018 18:02:00,24.41,26.84,30.84,30.93,2
21-03-2018 18:03:00,23.64,26.35,30.67,31.18,2
21-03-2018 18:04:00,23,26.04,30.78,30.94,2
21-03-2018 18:05:00,22.73,25.91,30.5,30.89,2
21-03-2018 18:06:00,22.23,25.18,30.46,31.02,2
21-03-2018 18:07:00,21.88,24.96,30.42,30.95,2
21-03-2018 18:08:00,21.12,24.46,30.54,30.67,2
21-03-2018 18:09:00,21.33,24.6,30.39,30.74,2
21-03-2018 18:10:00,21.47,24.5,30.17,31.01,2
21-03-2018 18:11:00,21.49,24.46,30.25,30.99,2
21-03-2018 18:12:00,22.69,24.34,30.09,30.67,2
21-03-2018 18:13:00,24.14,25.77,30.12,30.77,2
21-03-2018 18:14:00,24.67,26.17,30.23,30.61,2
21-03-2018 18:15:00,25.22,27.07,30.49,30.59,2
21-03-2018 18:16:00,25.83,27.14,30.72,30.69,2
21-03-2018 18:17:00,25.83,27.57,30.79,30.98,2
21-03-2018 18:18:00,26.21,27.5,30.89,30.66,2
21-03-2018 18:19:00,26.33,27.86,30.83,30.52,2
21-03-2018 18:20:00,26.67,30.25,28.91,30.5,1
21-03-2018 18:21:00,26.78,29.96,28.92,30.43,1
21-03-2018 18:22:00,26.64,30.26,29,30.45,1
21-03-2018 18:23:00,26.44,30.08,29.19,30.55,1
21-03-2018 18:24:00,26.29,29.96,28.67,30.48,1
21-03-2018 18:25:00,26.5,30.02,28.82,30.49,1
21-03-2018 18:26:00,26.07,30.19,28.7,30.3,1
21-03-2018 18:27:00,26.32,29.71,28.79,30.62,1
21-03-2018 18:28:00,26.19,30.17,28.78,30.39,1
21-03-2018 18:29:00,26.21,30.09,28.86,30.35,1
21-03-2018 18:30:00,26.33,30.02,28.86,30.43,1
21-03-2018 18:31:00,26.57,30.36,28.85,30.14,1
21-03-2018 18:32:00,26.07,30.2,28.93,30.48,1
21-03-2018 18:33:00,26.17,30.13,28.84,30.35,1
21-03-2018 18:34:00,26.29,29.97,28.74,30.42,1
21-03-2018 18:35:00,26.5,30.53,28.81,30.8,1
21-03-2018 18:36:00,26.5,30.49,28.66,30.2,1
21-03-2018 18:37:00,26.26,29.81,28.73,30.24,1
21-03-2018 18:38:00,26.44,30.15,28.75,30.4,1
21-03-2018 18:39:00,25.86,30.08,28.59,30.38,1
21-03-2018 18:40:00,25.17,29.72,28.31,30.25,1
21-03-2018 18:41:00,24.43,29.92,27.96,30.03,1
21-03-2018 18:42:00,23.57,29.54,27.47,30.31,1
21-03-2018 18:43:00,23.03,29.55,27.22,30.37,1
21-03-2018 18:44:00,22.56,29.17,26.74,30.3,1
21-03-2018 18:45:00,21.71,29.11,26.58,30.24,1
21-03-2018 18:46:00,21.77,28.53,26.25,30.37,1
21-03-2018 18:47:00,21.33,28.83,25.99,30.02,1
21-03-2018 18:48:00,21.41,28.62,25.82,30.4,1
21-03-2018 18:49:00,21.14,29.29,25.69,30.48,1
21-03-2018 18:50:00,21.03,28.37,25.7,30.45,1
21-03-2018 18:51:00,21.79,28.59,25.63,30.51,1
21-03-2018 18:52:00,22.98,28.72,26.19,30.27,1
21-03-2018 18:53:00,23.39,29.37,26.61,30.32,1
21-03-2018 18:54:00,23.67,29.16,26.93,30.44,1
21-03-2018 18:55:00,24.15,29.18,27.19,30.38,1
21-03-2018 18:56:00,24.14,29.55,27.32,30.43,1
21-03-2018 18:57:00,24.59,29.39,27.55,30.26,1
21-03-2018 18:58:00,24.81,29.6,27.71,30.38,1
21-03-2018 18:59:00,24.69,29.96,27.53,30.31,1
21-03-2018 19:00:00,24.94,29.32,27.8,30.12,1
21-03-2018 19:01:00,25.22,29.81,27.73,30.42,1
21-03-2018 19:02:00,25.32,29.77,27.9,30.21,1
21-03-2018 19:03:00,25.62,29.71,27.96,30.35,1
21-03-2018 19:04:00,25.66,29.73,28.27,30.43,1
21-03-2018 19:05:00,25.55,29.66,28.3,30.22,1
21-03-2018 19:06:00,25.59,29.85,27.98,30.35,1
21-03-2018 19:07:00,25.61,30.16,28.32,30.44,1
21-03-2018 19:08:00,25.65,30.1,28.36,30.45,1
21-03-2018 19:09:00,25.53,29.66,28.27,30.29,1
21-03-2018 19:10:00,25.88,29.44,28.22,30.28,1
21-03-2018 19:11:00,25.74,29.4,28.3,30.18,1
21-03-2018 19:12:00,26.01,30.17,28.45,30.21,1
21-03-2018 19:13:00,25.91,28.19,27.15,27.42,6
21-03-2018 19:14:00,25.93,28.12,27.13,27.42,6
21-03-2018 19:15:00,25.91,28.1,27.12,27.4,6
21-03-2018 19:16:00,25.9,28.07,27.1,27.36,6
21-03-2018 19:17:00,25.9,28.04,27.09,27.32,6
21-03-2018 19:18:00,25.92,28.04,27.07,27.32,6
21-03-2018 19:19:00,25.92,28.03,27.04,27.31,6
21-03-2018 19:20:00,25.91,28,27.05,27.29,6
21-03-2018 19:21:00,25.91,27.99,27,27.26,6
21-03-2018 19:22:00,25.92,27.98,26.99,27.26,6
21-03-2018 19:23:00,25.89,27.94,26.98,27.24,6
21-03-2018 19:24:00,25.87,27.91,26.95,27.2,6
21-03-2018 19:25:00,25.87,27.91,26.95,27.22,6
21-03-2018 19:26:00,25.87,27.88,26.92,27.19,6
21-03-2018 19:27:00,25.9,27.89,26.91,27.19,6
21-03-2018 19:28:00,25.85,27.81,26.89,27.14,6
21-03-2018 19:29:00,25.85,27.82,26.88,27.16,6
21-03-2018 19:30:00,25.84,27.79,26.86,27.13,6
21-03-2018 19:31:00,25.86,27.78,26.85,27.13,6
21-03-2018 19:32:00,25.83,27.77,26.82,27.11,6
21-03-2018 19:33:00,25.83,27.73,26.8,27.12,6
21-03-2018 19:34:00,25.85,27.71,26.79,27.11,6
21-03-2018 19:35:00,25.83,27.7,26.76,27.09,6
21-03-2018 19:36:00,25.82,27.68,26.76,27.11,6
21-03-2018 19:37:00,25.81,27.66,26.75,27.09,6
21-03-2018 19:38:00,25.82,27.64,26.73,27.08,6
21-03-2018 19:39:00,25.81,27.6,26.73,27.04,6
21-03-2018 19:40:00,25.81,27.57,26.69,27.02,6
21-03-2018 19:41:00,25.81,27.56,26.67,26.99,6
21-03-2018 19:42:00,25.77,27.54,26.65,26.98,6
21-03-2018 19:43:00,25.8,27.52,26.65,26.98,6
21-03-2018 19:44:00,25.81,27.48,26.63,26.96,6
21-03-2018 19:45:00,25.79,27.5,26.63,26.95,6
21-03-2018 19:46:00,25.81,27.46,26.63,26.93,6
21-03-2018 19:47:00,25.81,27.38,26.62,26.9,6
21-03-2018 19:48:00,25.78,27.41,26.59,26.89,6
21-03-2018 19:49:00,25.75,27.4,26.57,26.89,6
21-03-2018 19:50:00,25.8,27.39,26.56,26.86,6
21-03-2018 19:51:00,25.8,27.38,26.58,26.87,6
21-03-2018 19:52:00,25.8,27.36,26.55,26.87,6
21-03-2018 19:53:00,25.77,27.35,26.56,26.86,6
21-03-2018 19:54:00,25.76,27.29,26.52,26.85,6
21-03-2018 19:55:00,25.78,27.33,26.52,26.82,6
21-03-2018 19:56:00,25.78,27.31,26.51,26.85,6
21-03-2018 19:57:00,25.77,27.31,26.51,26.86,6
21-03-2018 19:58:00,25.75,27.31,26.51,26.87,6
21-03-2018 19:59:00,25.79,27.28,26.49,26.87,6
21-03-2018 20:00:00,25.75,27.27,26.49,26.84,6
21-03-2018 20:01:00,25.76,27.26,26.47,26.85,6
21-03-2018 20:02:00,25.76,27.2,26.45,26.83,6
21-03-2018 20:03:00,25.81,27.21,26.49,26.9,6
21-03-2018 20:04:00,25.79,27.19,26.47,26.85,6
21-03-2018 20:05:00,25.78,27.2,26.47,26.87,6
21-03-2018 20:06:00,25.81,27.18,26.49,26.91,6
21-03-2018 20:07:00,25.83,27.16,26.48,26.89,6
21-03-2018 20:08:00,25.78,27.14,26.46,26.94,6
21-03-2018 20:09:00,25.83,27.16,26.43,26.93,6
21-03-2018 20:10:00,25.79,27.15,26.42,26.91,6
21-03-2018 20:11:00,25.81,27.14,26.41,26.95,6
21-03-2018 20:12:00,25.83,27.19,26.42,27,6
21-03-2018 20:13:00,25.87,27.25,26.52,27.08,6
21-03-2018 20:14:00,25.87,27.21,26.52,27.01,6
21-03-2018 20:15:00,25.85,27.17,26.46,26.98,6
21-03-2018 20:16:00,25.83,27.17,26.44,26.96,6
21-03-2018 20:17:00,25.85,27.21,26.44,27.03,6
21-03-2018 20:18:00,25.83,27.15,26.42,27,6
21-03-2018 20:19:00,25.83,27.11,26.38,26.96,6
21-03-2018 20:20:00,25.83,27.12,26.4,27,6
21-03-2018 20:21:00,25.82,27.11,26.39,26.98,6
21-03-2018 20:22:00,25.79,27.11,26.37,26.97,6
21-03-2018 20:23:00,25.78,27.12,26.33,26.97,6
21-03-2018 20:24:00,25.81,27.11,26.34,26.96,6
21-03-2018 20:25:00,25.84,27.22,26.36,27.09,6
21-03-2018 20:26:00,25.84,27.2,26.4,27.13,6
21-03-2018 20:27:00,25.87,27.23,26.41,27.22,6
21-03-2018 20:28:00,25.87,27.27,26.42,27.31,6
21-03-2018 20:29:00,25.93,27.31,26.43,27.31,6
21-03-2018 20:30:00,25.89,27.27,26.42,27.31,6
21-03-2018 20:31:00,25.89,27.25,26.39,27.2,6
21-03-2018 20:32:00,25.88,27.19,26.36,27.12,6
21-03-2018 20:33:00,25.89,27.2,26.36,27.13,6
21-03-2018 20:34:00,25.83,27.16,26.33,27.08,6
21-03-2018 20:35:00,25.83,27.13,26.32,27.02,6
21-03-2018 20:36:00,25.82,27.11,26.3,27.03,6
21-03-2018 20:37:00,25.83,27.09,26.28,27.01,6
21-03-2018 20:38:00,25.81,27.04,26.27,26.97,6
21-03-2018 20:39:00,25.8,27.03,26.26,26.97,6
21-03-2018 20:40:00,25.76,26.99,26.25,26.97,6
21-03-2018 20:41:00,25.75,26.97,26.25,26.91,6
21-03-2018 20:42:00,25.74,26.96,26.22,26.92,6
21-03-2018 20:43:00,25.75,26.98,26.24,26.89,6
21-03-2018 20:44:00,25.74,26.93,26.21,26.87,6
21-03-2018 20:45:00,25.73,26.93,26.2,26.84,6
21-03-2018 20:46:00,25.73,26.9,26.18,26.81,6
21-03-2018 20:47:00,25.69,26.91,26.16,26.82,6
21-03-2018 20:48:00,25.67,26.89,26.16,26.8,6
21-03-2018 20:49:00,25.67,26.87,26.16,26.9,6
21-03-2018 20:50:00,25.7,26.86,26.15,26.88,6
21-03-2018 20:51:00,25.69,26.87,26.14,26.84,6
21-03-2018 20:52:00,25.68,26.87,26.13,26.8,6
21-03-2018 20:53:00,25.7,26.83,26.11,26.76,6
21-03-2018 20:54:00,25.69,26.84,26.12,26.74,6
21-03-2018 20:55:00,25.67,26.81,26.1,26.74,6
21-03-2018 20:56:00,25.67,26.83,26.1,26.72,6
21-03-2018 20:57:00,25.69,26.84,26.1,26.75,6
,,,,,
,,,,,
,,,,,
,,,,,
,,,,,
,,,,,
,,,,,
,,,,,
,,,,s,
