Timestamp,EX1_FAN_IN_RH_ITL,EX1_FAN_OUT_RH_ITL,FA1_FAN_IN_RH_ITL,FA1_FAN_OUT_RH_ITL,EX1_FAN_IN_TEMP_ITL,EX1_FAN_OUT_TEMP_ITL,FA1_FAN_IN_TEMP_ITL,FA1_FAN_OUT_TEMP_ITL,
21-03-2018 03:31:00,48.55,43.15,37.14,43.06,28.2,33.52,32.94,32.84,5
21-03-2018 03:30:00,49.33,43.73,37.46,43.4,28.09,33.4,33.3,32.98,5
21-03-2018 03:29:00,49.64,44.04,37.76,43.74,28.43,33.37,33.29,32.92,5
21-03-2018 03:28:00,49.89,43.87,37.79,43.72,27.95,33.49,32.91,32.68,5
21-03-2018 03:27:00,49.72,43.78,37.9,43.66,27.85,32.8,32.79,32.41,5
21-03-2018 03:26:00,50.06,43.67,37.69,43.63,27.42,33.26,32.69,32.47,5
21-03-2018 03:25:00,50.3,43.68,37.72,43.66,27.05,33,32.7,32.64,5
21-03-2018 03:24:00,50.62,43.75,37.78,43.66,27.31,32.93,32.88,32.4,5
21-03-2018 03:23:00,51.16,43.71,37.78,43.71,27,32.83,32.81,32.37,5
21-03-2018 03:22:00,51.16,43.48,37.69,43.61,26.59,32.94,32.5,32.33,5
21-03-2018 03:21:00,51.75,43.48,37.62,43.64,26.34,32.78,32.75,32.28,5
21-03-2018 03:20:00,52.05,43.45,37.64,43.65,26.11,33.01,32.51,32.21,5
21-03-2018 03:19:00,52.41,43.28,37.62,43.45,25.68,32.96,32.45,32.17,5
21-03-2018 03:18:00,53.52,43.07,37.28,43.42,24.9,32.96,32.55,32.04,5
21-03-2018 03:17:00,52.94,43.26,37.67,43.48,23.41,32.86,32.83,32.06,5
21-03-2018 03:16:00,50.85,42.86,37.16,42.96,23.83,32.75,32.61,32.56,5
21-03-2018 03:15:00,48.31,42.72,37.03,42.58,24.49,33.01,32.72,32.25,5
21-03-2018 03:14:00,46.72,42.79,37.06,42.51,24.39,32.87,32.88,32.44,5
21-03-2018 03:13:00,46.33,42.93,37.25,42.54,24.93,33.32,32.79,32.69,5
21-03-2018 03:12:00,46.22,42.77,36.95,42.46,25.28,33.3,32.95,32.68,5
21-03-2018 03:11:00,46.06,42.47,36.71,42.23,25.62,33.41,33.07,32.63,5
21-03-2018 03:10:00,46.11,42.54,36.71,42.25,26.4,33.3,33.23,32.88,5
21-03-2018 03:09:00,46.25,42.47,36.43,42.28,26.92,33.57,33.08,32.82,5
21-03-2018 03:08:00,46.64,42.54,36.49,42.28,27.25,32.96,33.11,32.78,5
21-03-2018 03:07:00,47.25,42.54,36.46,42.37,28.37,33.33,33.17,32.86,5
21-03-2018 03:06:00,47.08,42.76,36.69,42.58,28.86,33.51,33.21,32.93,5
21-03-2018 03:05:00,47.12,42.81,36.86,42.65,28.44,32.59,33.19,32.92,5
21-03-2018 03:04:00,47.6,42.81,36.76,42.65,29.39,33.72,33.3,32.84,5
21-03-2018 03:03:00,48.1,43.67,37.41,43.26,28.47,33.38,33.01,32.94,5
21-03-2018 03:02:00,48.18,43.19,37.27,43.07,28.58,33.53,33.07,32.89,5
21-03-2018 03:01:00,48.21,43.24,37.35,43.04,28.56,32.98,32.59,32.7,5
21-03-2018 03:00:00,48.24,43.28,37.28,43.1,28.36,33.19,33.01,32.72,5
21-03-2018 02:59:00,48.02,43.03,37.27,42.95,28.35,32.78,32.92,32.55,5
21-03-2018 02:58:00,48.39,42.97,37.06,42.88,28.02,33.26,32.83,32.57,5
21-03-2018 02:57:00,48.37,42.93,37.17,42.91,28.07,32.68,32.73,32.44,5
21-03-2018 02:56:00,49.01,42.7,37.08,42.84,28.2,33.36,32.47,32.62,5
21-03-2018 02:55:00,49.35,43.35,37.75,43.32,27.78,32.87,32.58,32.64,5
21-03-2018 02:54:00,48.95,42.58,36.85,42.68,27.43,32.77,32.66,32.44,5
21-03-2018 02:53:00,49.24,42.45,36.66,42.61,27.21,33.47,32.67,32.46,5
21-03-2018 02:52:00,49.68,42.38,36.67,42.54,27.11,33.01,32.72,32.53,5
21-03-2018 02:51:00,50.33,42.45,36.64,42.68,27.1,33.25,32.78,32.45,5
21-03-2018 02:50:00,50.17,42.14,36.4,42.44,26.41,33.01,32.77,32.44,5
21-03-2018 02:49:00,51.31,42.03,36.02,42.54,26.16,33.23,32.74,32.42,5
21-03-2018 02:48:00,52.37,42.23,36.35,42.74,25.55,33.28,32.9,32.36,5
21-03-2018 02:47:00,53.03,42.57,36.63,42.95,24.83,33.15,33.02,32.63,5
21-03-2018 02:46:00,54.2,42.68,36.66,43.12,23.93,33.31,32.96,32.44,5
21-03-2018 02:45:00,52.43,42.81,36.86,43.05,23.93,33.19,32.89,32.61,5
21-03-2018 02:44:00,50.81,42.79,37.08,42.84,24.21,33.17,32.83,32.51,5
21-03-2018 02:43:00,49.85,42.5,36.67,42.61,24.59,33.23,33.16,32.58,5
21-03-2018 02:42:00,49.34,42.37,36.67,42.47,25.13,33.61,32.79,32.48,5
21-03-2018 02:41:00,48.76,42.26,36.64,42.39,25.35,32.89,32.67,32.54,5
21-03-2018 02:40:00,48.14,42.37,36.71,42.31,25.92,33.35,32.61,32.77,5
21-03-2018 02:39:00,47.62,42.22,36.35,42.11,26.2,33.64,33.23,32.95,5
21-03-2018 02:38:00,47.23,42.36,36.49,42.18,26.63,33.54,33.26,32.94,5
21-03-2018 02:37:00,46.94,42.39,36.63,42.23,27.16,33.51,32.87,32.99,5
21-03-2018 02:36:00,46.84,42.22,36.3,42.12,28.2,33.24,33.28,33.09,5
21-03-2018 02:35:00,46.36,42.15,36.34,41.98,29.15,33.59,33.02,33.07,5
21-03-2018 02:34:00,46.3,41.98,36.06,41.78,29.1,33.22,33.38,33.33,5
21-03-2018 02:33:00,46.2,41.88,36.08,41.74,29.28,33.36,33.14,33.31,5
21-03-2018 02:32:00,46.2,41.66,35.89,41.61,29.29,33.6,33.03,33.27,5
21-03-2018 02:31:00,46.47,41.56,35.86,41.61,28.94,33.49,33.19,33.26,5
21-03-2018 02:30:00,46.65,41.63,35.74,41.63,28.81,33.68,33.71,33.31,5
21-03-2018 02:29:00,46.58,41.38,35.46,41.46,29.15,33.48,33.58,33.3,5
21-03-2018 02:28:00,46.67,41.24,35.32,41.33,28.6,34.12,33.9,33.46,5
21-03-2018 02:27:00,47.14,41.38,35.34,41.56,28.73,34.08,33.73,33.32,5
21-03-2018 02:26:00,47.12,41.24,35.4,41.4,28.46,33.64,33.4,33.36,5
21-03-2018 02:25:00,47.12,40.91,34.98,41.16,28.14,33.84,33.81,33.3,5
21-03-2018 02:24:00,47.6,40.84,34.7,41.2,27.84,33.82,33.78,33.41,5
21-03-2018 02:23:00,48.21,41.14,35.21,41.56,27.61,34.12,33.6,33.31,5
21-03-2018 02:22:00,48.39,41.24,35.24,41.51,27.6,33.84,33.73,33.23,5
21-03-2018 02:21:00,48.93,41.31,35.11,41.61,27.28,33.85,34.12,33.27,5
21-03-2018 02:20:00,48.99,41,35.02,41.52,27.27,33.61,33.79,32.93,5
21-03-2018 02:19:00,49.56,40.94,34.88,41.49,26.93,33.66,33.66,32.93,5
21-03-2018 02:18:00,50.05,41.04,35.05,41.62,26.69,34.01,33.58,32.9,5
21-03-2018 02:17:00,50.59,41,35.08,41.56,26.31,33.58,33.66,33.01,5
21-03-2018 02:16:00,51.24,40.8,34.98,41.56,25.79,33.4,33.68,32.88,5
21-03-2018 02:15:00,51.88,41.18,35.21,41.8,25.51,33.93,33.63,32.89,5
21-03-2018 02:14:00,52.65,40.87,34.91,41.58,24.57,33.69,33.36,32.7,5
21-03-2018 02:13:00,54.3,41,35.05,41.95,23.23,33.93,33.55,32.61,5
21-03-2018 02:12:00,55.14,40.53,34.6,41.68,23.06,33.46,33.43,32.47,5
21-03-2018 02:11:00,52.8,40.8,34.91,41.71,23.51,33.52,33.62,32.85,5
21-03-2018 02:10:00,50.86,40.7,34.91,41.54,23.59,33.7,33.38,32.59,5
21-03-2018 02:09:00,49.86,40.6,35.16,41.33,23.66,33.84,33.28,32.66,5
21-03-2018 02:08:00,49.85,40.62,34.41,41.58,23.78,33.93,33.84,33.14,5
21-03-2018 02:07:00,49.91,41.49,35.36,41.94,24.4,34.42,33.88,33.05,5
21-03-2018 02:06:00,50.14,41.24,34.7,42,24.75,34.27,33.78,32.98,5
21-03-2018 02:05:00,50.29,41.68,35.46,42.47,24.7,33.68,33.61,32.63,5
21-03-2018 01:59:00,49.82,42.63,35.73,46.25,26.64,32.52,33.7,29.74,1
21-03-2018 01:58:00,50.05,42.53,35.21,46.31,26.94,31.96,33.96,29.81,1
21-03-2018 01:57:00,50.19,42.77,35.79,46.54,26.91,32.08,33.88,29.88,1
21-03-2018 01:56:00,49.98,42.74,35.83,46.42,26.45,32.48,33.73,29.83,1
21-03-2018 01:55:00,50.42,42.76,35.5,46.66,26.52,32.08,33.9,30.01,1
21-03-2018 01:54:00,50.49,42.87,35.65,46.76,26.49,32.53,33.77,29.63,1
21-03-2018 01:53:00,50.46,42.74,35.74,46.6,26.53,31.63,33.31,29.78,1
21-03-2018 01:52:00,50.63,42.77,35.58,46.76,26.41,32.74,33.51,29.73,1
21-03-2018 01:51:00,50.9,42.93,35.63,47.03,25.99,32.2,34.24,29.84,1
21-03-2018 01:50:00,50.97,43.26,36.17,47.24,26.3,32.31,33.74,29.4,1
21-03-2018 01:49:00,51.11,43.19,36.03,47.15,26.37,31.61,33.43,29.24,1
21-03-2018 01:48:00,51.28,43.13,35.69,47.15,26.38,32.06,33.3,29.4,1
21-03-2018 01:47:00,51.25,43.1,35.78,47.22,26.41,31.77,33.42,29.27,1
21-03-2018 01:46:00,51.4,43.13,35.64,47.26,25.85,31.77,33.41,29.64,1
21-03-2018 01:45:00,51.69,43.37,36.04,47.6,26.09,31.89,33.58,29.34,1
21-03-2018 01:44:00,51.75,43.26,35.6,47.56,25.86,32.1,33.75,29.14,1
21-03-2018 01:43:00,52.07,43.58,36.08,47.87,25.56,31.88,33.29,29.32,1
21-03-2018 01:42:00,52.14,43.59,36.18,47.97,25.64,31.77,32.86,29.08,1
21-03-2018 01:41:00,52.4,43.56,35.91,48.02,25.78,31.07,32.9,28.89,1
21-03-2018 01:40:00,52.7,43.76,36.14,48.32,25.58,31.92,33.29,28.85,1
21-03-2018 01:39:00,53,43.7,35.99,48.53,25.5,32.02,33.27,28.81,1
21-03-2018 01:38:00,53.32,44.04,36.53,48.84,24.89,31.64,33,28.73,1
21-03-2018 01:37:00,53.82,44.03,36.05,49.15,24.87,31.82,33.38,28.49,1
21-03-2018 01:36:00,54.23,44.18,36.06,49.4,24.65,31.14,33.22,28.29,1
21-03-2018 01:35:00,54.91,43.92,35.55,49.47,24.98,31.25,33.39,28.09,1
21-03-2018 01:34:00,55.4,44.44,36.06,50.11,24.46,30.99,33.41,27.94,1
21-03-2018 01:33:00,56.08,44.38,35.84,50.4,24.02,31.32,33.04,27.84,1
21-03-2018 01:32:00,56.98,44.8,36.37,51.11,23.52,30.73,32.75,27.46,1
21-03-2018 01:31:00,58.52,45.03,35.99,51.9,23.19,30.63,33.26,27.16,1
21-03-2018 01:30:00,61.68,45.48,36.23,52.88,21.46,30.78,32.87,26.43,1
21-03-2018 01:29:00,62.12,45.28,35.98,52.67,21.5,30.77,33.08,26.43,1
21-03-2018 01:28:00,60.37,44.49,35.49,51.75,21.26,30.61,33.04,26.54,1
21-03-2018 01:27:00,58.39,44.32,35.82,51.14,21.37,30.9,33.45,26.44,1
21-03-2018 01:26:00,56.19,43.78,35.79,50.1,21.41,30.57,33.17,26.57,1
21-03-2018 01:25:00,54.85,43.55,35.57,49.43,21.79,30.71,33.18,26.65,1
21-03-2018 01:15:00,54.55,50.92,36.38,52.44,24.06,26.8,33.43,25.61,3
21-03-2018 01:14:00,54.85,51.21,36.55,52.71,23.84,26.89,32.94,25.57,3
21-03-2018 01:13:00,55.08,51.24,36.26,52.88,23.85,26.48,33.04,25.67,3
21-03-2018 01:12:00,55.26,51.36,36.47,52.88,23.86,26.94,33.21,25.69,3
21-03-2018 01:11:00,55.23,51.5,36.99,52.83,23.86,26.51,33.03,25.7,3
21-03-2018 01:10:00,55.35,51.59,36.77,52.94,23.94,26.71,32.98,25.62,3
21-03-2018 01:09:00,55.73,51.88,36.65,53.12,23.65,26.62,33.12,25.67,3
21-03-2018 01:08:00,55.94,51.91,36.53,53.12,23.73,26.38,33.05,25.67,3
21-03-2018 01:07:00,56.16,52.04,36.36,53.06,23.38,26.83,33.29,25.68,3
21-03-2018 01:06:00,56.31,52.12,36.63,53.12,23.67,26.54,33.03,25.57,3
21-03-2018 01:05:00,56.48,52.33,36.34,53.3,23.33,26.31,32.87,25.7,3
21-03-2018 01:04:00,56.98,52.69,36.56,53.44,23.51,26.49,32.91,25.62,3
21-03-2018 01:03:00,57.28,52.81,36.36,53.53,23.8,26.12,33.05,25.73,3
21-03-2018 01:02:00,57.6,53.07,36.29,53.65,23.41,26.36,33.07,25.73,3
21-03-2018 01:01:00,58,53.31,36.56,53.68,23.39,26.29,33.08,25.61,3
21-03-2018 01:00:00,58.29,53.49,36.19,53.94,23.16,26.13,33.14,25.75,3
21-03-2018 12:59:00,59.06,54.04,36.55,54.3,23.05,25.91,33.09,25.39,3
21-03-2018 12:58:00,59.75,54.52,36.99,54.44,22.5,26.12,32.95,25.72,3
21-03-2018 12:57:00,60.54,54.9,37.44,54.62,22.57,25.44,32.84,25.58,3
21-03-2018 12:56:00,61.61,55.2,37.34,54.39,22.37,26.09,32.83,25.78,3
21-03-2018 12:55:00,61.96,54.84,37.44,54.39,21.93,25.83,32.39,25.45,3
21-03-2018 12:54:00,61.86,54.37,37.56,54.91,22.08,26.24,32.78,25.48,3
21-03-2018 12:53:00,60.96,53.68,38.09,55.12,21.58,26.13,32.59,25.45,3
21-03-2018 12:52:00,59.83,53.04,38.04,55.04,22.09,26.43,32.38,25.51,3
21-03-2018 12:51:00,58.44,52.36,38.3,54.88,22.05,26.1,32.45,25.57,3
21-03-2018 12:50:00,57.24,52.01,38.97,55.04,22.04,26.07,32.34,25.5,3
21-03-2018 12:49:00,57,52.01,39.42,55.21,22.42,26.23,32.01,25.59,3
21-03-2018 12:48:00,56.66,51.85,39.39,55.12,22.48,26.22,31.95,25.52,3
21-03-2018 12:47:00,56.31,51.8,39.22,54.91,22.89,26.71,31.92,25.64,3
21-03-2018 12:46:00,56.1,51.95,39.39,54.44,23.04,26.78,32.12,25.57,3
21-03-2018 12:45:00,55.69,52.09,39.97,54.47,23.47,26.77,32.04,25.64,3
21-03-2018 12:44:00,55.94,52.56,40.4,54.8,23.77,26.44,32.23,25.67,3
21-03-2018 12:43:00,56.19,52.72,39.83,54.88,23.89,26.62,31.96,25.72,3
21-03-2018 12:42:00,56.26,52.89,40.44,54.74,23.9,26.53,32.1,25.55,3
21-03-2018 12:41:00,56.29,52.89,40.3,54.44,23.83,26.49,32.16,25.53,3
21-03-2018 12:40:00,56.08,52.83,40.71,54.53,23.78,26.38,32.2,25.56,3
21-03-2018 12:39:00,56.23,52.98,40.51,54.65,23.75,26.26,32.21,25.57,3
21-03-2018 12:38:00,56.43,53.07,40.3,54.62,23.81,26.73,32.25,25.73,3
21-03-2018 12:37:00,56.46,53.04,40.1,54.47,23.61,26.56,32.12,25.61,3
21-03-2018 12:36:00,56.58,52.98,39.47,54.36,23.74,26.45,32.08,25.55,3
21-03-2018 12:35:00,56.64,52.98,39.76,54.3,23.53,26.84,32.73,25.61,3
21-03-2018 12:34:00,56.46,52.83,39.1,54.24,23.59,26.65,32.73,25.63,3
21-03-2018 12:33:00,56.81,53.07,39.01,54.36,23.86,26.02,32.59,25.64,3
21-03-2018 12:32:00,57.13,53.3,39.02,54.44,23.56,26.72,32.71,25.57,3
21-03-2018 12:31:00,57.28,53.36,39.09,54.24,23.3,26.18,32.63,25.76,3
21-03-2018 12:30:00,57.45,53.39,38.72,54.18,23.46,26.41,32.5,25.46,3
21-03-2018 12:29:00,57.54,53.39,38.23,54.09,23.41,26.46,32.54,25.68,3
21-03-2018 12:28:00,57.92,53.57,37.81,54.26,23.79,26.23,32.92,25.64,3
21-03-2018 12:27:00,58.41,53.84,37.35,54.39,23.05,26.01,32.79,25.62,3
21-03-2018 12:26:00,58.85,54.1,37.17,54.47,23.26,25.9,33.41,25.46,3
21-03-2018 12:25:00,59.37,54.34,37.28,54.47,22.97,25.7,33.09,25.64,3
21-03-2018 12:24:00,59.81,54.55,36.91,54.65,22.81,26,33.11,25.57,3
21-03-2018 12:23:00,60.6,54.99,36.79,54.94,22.48,25.5,33.33,25.7,3
21-03-2018 12:22:00,61.73,55.58,36.76,55.24,22.41,25.29,33.46,25.7,3
21-03-2018 12:21:00,62.53,55.75,37.24,54.71,22.19,25.33,33.29,25.7,3
21-03-2018 12:20:00,63,55.37,37.26,54.71,21.74,26.05,32.64,25.45,3
21-03-2018 12:19:00,62.62,54.6,37.06,55.44,22.04,26.13,32.41,25.66,3
21-03-2018 12:18:00,61.4,53.51,36.36,56.03,21.62,26.32,32.94,25.59,3
21-03-2018 12:17:00,60.2,52.98,37.06,56.5,21.64,26.15,32.84,25.61,3
21-03-2018 12:16:00,58.54,52.69,38.43,56.8,21.63,26.03,33.02,25.6,3
21-03-2018 12:15:00,56.89,51.89,38.75,56.74,21.76,26.29,32.67,25.46,3
21-03-2018 12:14:00,56.1,51.83,39.85,56.48,21.98,26.51,32.93,25.6,3
21-03-2018 12:13:00,55.9,51.8,39.78,56.18,22.59,26.4,32.68,25.62,3
21-03-2018 12:12:00,55.9,52.18,40.33,56.03,22.83,26.4,32.83,25.54,3
21-03-2018 12:11:00,56.26,52.59,40.15,55.85,23.06,27.18,32.29,25.76,3
21-03-2018 12:10:00,56.78,53.15,39.97,55.65,23.58,26.65,32,25.64,3
21-03-2018 12:09:00,57.55,53.75,39.76,55.62,23.68,26.71,32.09,25.72,3
21-03-2018 12:08:00,58.07,54.1,39.64,55.65,23.96,26.39,32.3,25.68,3
21-03-2018 12:07:00,58.13,54.28,39.85,55.88,23.92,26.53,32.24,25.69,3
21-03-2018 12:06:00,58.39,54.46,39.64,56.18,23.2,26.38,32.24,25.6,3
21-03-2018 12:05:00,58.83,54.95,40.38,56.45,23.6,26.48,32.55,25.76,3
21-03-2018 12:04:00,59.12,55.22,40.99,56.48,23.68,26.56,32.6,25.66,3
21-03-2018 12:03:00,59.35,55.28,41.04,56.45,23.68,26.34,32.35,25.62,3
21-03-2018 12:02:00,59.5,55.42,41.1,56.48,23.6,26.26,32.52,25.5,3
21-03-2018 12:01:00,59.61,55.55,40.9,56.5,23.65,26.29,32.38,25.52,3
21-03-2018 12:00:00,60.19,55.99,41.23,56.74,23.7,25.95,32.31,25.6,3
21-03-2018 11:59:00,60.96,56.31,40.97,56.83,23.06,26.12,32.16,25.53,3
21-03-2018 11:58:00,61.33,56.55,40.83,56.91,22.88,26.09,32.3,25.7,3
21-03-2018 11:57:00,61.79,56.87,41.1,57,23.05,25.46,32.26,25.53,3
21-03-2018 11:56:00,62.31,57.16,41.27,57.13,22.88,25.6,32.33,25.65,3
21-03-2018 11:55:00,63.39,57.72,41.19,57.56,22.53,25.55,32.05,25.67,3
21-03-2018 11:54:00,64.44,58.08,41.16,57.48,22.19,25.74,32.04,25.65,3
21-03-2018 11:53:00,65.04,57.78,40.88,57.59,22.03,25.66,32,25.39,3
21-03-2018 11:52:00,64.81,57.4,41.81,57.51,21.96,26.15,31.88,25.44,3
21-03-2018 11:51:00,63.79,56.58,41.7,57.56,21.78,26.18,31.62,25.64,3
21-03-2018 11:50:00,62.74,55.87,41.39,58,22.08,26.26,31.58,25.62,3
21-03-2018 11:49:00,61.51,55.4,42.11,58.21,21.68,26.03,31.92,25.61,3
21-03-2018 11:48:00,60.15,54.96,43.1,58.06,21.92,26.14,31.95,25.62,3
21-03-2018 11:47:00,59.32,54.39,42.51,57.77,22.17,26.1,31.72,25.65,3
21-03-2018 11:46:00,58.99,54.39,43.32,57.48,22.55,26.52,32.17,25.62,3
21-03-2018 11:45:00,58.47,54.27,43.45,57.51,22.8,26.42,32.2,25.52,3
21-03-2018 11:44:00,58.67,54.78,43.87,57.83,23.05,26.25,31.91,25.54,3
21-03-2018 11:43:00,58.77,55.07,43.92,57.56,23.12,26.58,31.73,25.63,3
21-03-2018 11:42:00,59.03,55.52,44.44,57.54,23.38,26.34,31.71,25.75,3
21-03-2018 11:41:00,59.5,55.78,43.97,57.48,23.36,26.08,31.63,25.72,3
21-03-2018 11:40:00,59.82,56.07,44.32,57.32,23.62,26.43,31.2,25.69,3
21-03-2018 11:39:00,59.88,56.19,44.32,57.21,23.76,26.25,31.16,25.61,3
21-03-2018 11:38:00,60.26,56.49,44.18,57.42,23.61,26.24,31.5,25.49,3
21-03-2018 11:37:00,60.76,56.72,44.16,57.35,23.53,26.23,31.31,25.48,3
21-03-2018 11:36:00,61.02,56.87,44.25,57.3,23.34,26.11,31.25,25.72,3
21-03-2018 11:35:00,61.37,56.9,42.93,57.21,23.06,26.18,31.26,25.67,3
21-03-2018 11:34:00,61.74,57.1,43.45,57.1,23.05,25.92,31.57,25.62,3
21-03-2018 11:33:00,62.08,57.31,43,57.45,23.08,25.87,31.37,25.8,3
21-03-2018 11:32:00,62.9,57.75,42.55,57.77,23.04,25.47,32.21,25.66,3
21-03-2018 11:31:00,63.8,58.34,43.55,58.13,22.66,25.86,31.89,25.53,3
21-03-2018 11:30:00,64.79,58.67,43.58,58.06,22.16,25.54,31.81,25.81,3
21-03-2018 11:29:00,65.4,58.58,43.78,57.65,22.4,25.16,31.69,25.66,3
21-03-2018 11:28:00,65.19,57.99,43.99,56.8,22.1,25.91,31.67,25.65,3
21-03-2018 11:27:00,64.22,57.16,43.1,56.97,22.03,25.67,31.69,25.81,3
21-03-2018 11:26:00,63.64,57.05,43.9,57.33,21.86,26.11,32.04,25.99,3
21-03-2018 11:25:00,62.65,56.4,43.64,57.33,22.07,25.89,31.89,25.63,3
21-03-2018 11:15:00,64.59,51.01,43.29,57.06,21.39,29.66,31.81,26.08,1
21-03-2018 11:14:00,63.31,50.84,43.51,56.65,21.76,29.46,31.41,26.03,1
21-03-2018 11:13:00,62.47,50.85,43.96,56.42,21.56,29.28,31.2,26.23,1
21-03-2018 11:12:00,63.34,50.98,43.76,56.65,21.96,29.29,30.92,26.26,1
21-03-2018 11:11:00,65.15,51.61,43.59,57.65,21.84,29.66,31.11,26.2,1
21-03-2018 11:10:00,67.63,52.14,43.71,58.54,21.93,29.34,30.98,26.1,1
21-03-2018 11:09:00,68.21,52.41,44.11,58.71,21.8,29.24,30.88,26.21,1
21-03-2018 11:08:00,67.57,52.17,43.87,58.45,21.76,29.34,31.02,25.96,1
21-03-2018 11:07:00,66.8,51.79,43.38,58.06,21.68,29.26,31.45,26.27,1
21-03-2018 11:06:00,65.78,51.66,43.74,57.62,21.71,29.23,31.08,25.86,1
21-03-2018 11:05:00,64.44,51.38,43.77,57.13,21.46,29.37,31.26,26.12,1
21-03-2018 11:04:00,63.19,50.98,43.85,56.48,21.61,29.04,30.89,26.04,1
21-03-2018 11:03:00,62.15,50.74,44.26,56.21,21.84,29.26,31.29,26.18,1
21-03-2018 11:02:00,62.04,50.47,43.29,56.07,21.66,29.22,31.18,25.9,1
21-03-2018 11:01:00,63.4,51.04,43.5,56.8,21.68,29.71,31.12,26.11,1
21-03-2018 11:00:00,65.27,51.91,43.98,57.8,21.71,28.97,30.85,26.07,1
21-03-2018 10:59:00,67.08,52.47,44.12,58.51,22.21,28.94,30.67,26.11,1
21-03-2018 10:58:00,67.05,52.5,44.38,58.48,22.01,28.79,30.46,26.05,1
21-03-2018 10:57:00,65.95,52.27,44.38,57.92,21.31,28.91,30.4,25.85,1
21-03-2018 10:56:00,64.59,51.65,44.17,57.19,21.48,28.77,30.39,25.8,1
21-03-2018 10:55:00,63.11,51.56,44.75,56.83,21.6,29.17,30.67,25.93,1
21-03-2018 10:54:00,62.04,51.13,44.41,56.24,21.39,28.84,30.57,25.9,1
21-03-2018 10:53:00,61.22,51.07,44.69,55.94,21.61,28.74,30.3,25.81,1
21-03-2018 10:52:00,60.96,50.72,44.19,55.68,21.55,29,30.43,25.77,1
21-03-2018 10:51:00,61.63,50.86,44.14,55.91,22.03,28.9,30.27,25.99,1
21-03-2018 10:50:00,62.86,51.08,43.69,56.59,21.93,29.44,31.14,26.13,1
21-03-2018 10:49:00,64.14,51.5,43.8,57,21.94,28.87,30.96,26.12,1
21-03-2018 10:48:00,64.22,51.52,43.78,56.97,22.11,29.34,30.95,26.18,1
21-03-2018 10:47:00,63.32,51.12,43.51,56.59,21.82,28.97,31.02,26.26,1
21-03-2018 10:46:00,61.95,51.3,44.33,56.32,21.88,29.14,30.88,26.14,1
21-03-2018 10:45:00,60.26,50.87,44.51,55.53,21.7,28.78,30.53,26.03,1
21-03-2018 10:44:00,59.01,50.18,43.9,54.71,21.98,29.32,30.58,26,1
21-03-2018 10:43:00,57.88,50.18,44.23,54.47,22.12,28.79,30.61,26.1,1
21-03-2018 10:42:00,57.35,50.56,45.06,54.47,22.09,28.79,30.24,26.07,1
21-03-2018 10:41:00,57.04,50.19,44.53,54.03,22.24,28.7,30.15,25.86,1
21-03-2018 10:40:00,56.68,50.16,44.56,54,22.38,28.61,30.3,26.32,1
21-03-2018 10:39:00,56.39,50.4,44.83,53.91,22.57,29.08,30.02,26.06,1
21-03-2018 10:38:00,56.04,50.63,45.25,53.97,22.58,28.61,30.2,26.31,1
21-03-2018 10:37:00,55.72,50.7,45.68,53.88,22.69,28.57,30.15,26.39,1
21-03-2018 10:36:00,55.35,50.4,45.09,53.44,23.45,29.13,30.05,26.45,1
21-03-2018 10:35:00,55.14,50.66,45.42,53.65,23.35,28.59,30.35,26.69,1
21-03-2018 10:34:00,55.14,50.76,45.06,53.67,23.71,28.82,29.95,26.78,1
21-03-2018 10:33:00,55.2,51.31,45.54,53.97,24.28,28.28,29.71,26.85,1
21-03-2018 10:32:00,55.49,51.95,45.88,54.59,24.57,28.48,29.82,27.03,1
20-03-2018 08:25:00,48.75,49.71,44.79,47.86,27.85,28.71,28.12,29.53,4
20-03-2018 08:24:00,48.5,49.54,44.75,47.61,28.29,28.61,28.4,29.69,4
20-03-2018 08:23:00,48.15,49.37,44.33,47.42,28.55,28.67,28.47,29.81,4
20-03-2018 08:22:00,48.02,49.36,44.19,47.36,29.05,28.45,28.73,30.03,4
20-03-2018 08:21:00,47.92,49.46,44.35,47.25,29.28,29.34,29.24,30.21,4
20-03-2018 08:20:00,47.85,49.63,44.42,47.15,29.12,29.5,28.98,30.21,4
20-03-2018 08:19:00,47.75,49.69,44.49,47.12,29.02,29.28,28.94,30.39,4
20-03-2018 08:18:00,48.05,49.8,44.66,47.05,29.26,29.29,29.06,30.39,4
20-03-2018 08:17:00,48.32,49.67,44.56,47.12,29.32,29.2,28.85,30.46,4
20-03-2018 08:16:00,48.71,49.88,44.8,47.22,29.09,29.12,28.7,30.54,4
20-03-2018 08:15:00,49.44,50.09,45.02,47.6,29.03,29.23,28.83,30.43,4
20-03-2018 08:14:00,50.05,50.79,45.73,48.19,28.92,28.99,28.93,30.22,4
20-03-2018 08:13:00,50.7,50.97,46.08,48.75,28.95,29.07,28.61,30.04,4
20-03-2018 08:12:00,51.39,51.12,46.17,49.61,28.44,28.73,28.6,29.73,4
20-03-2018 08:11:00,51.72,51.43,46.6,50.47,27.59,28.57,28.24,29.44,4
20-03-2018 08:10:00,51.75,51.13,46.24,50.88,27.47,28.16,28.21,29.03,4
20-03-2018 08:09:00,51.72,50.92,46.04,50.72,27.21,27.8,28.14,28.73,4
20-03-2018 08:08:00,51.72,50.96,45.77,50.59,27.05,27.97,28.1,28.51,4
20-03-2018 08:07:00,51.75,50.96,46.08,50.69,27.04,27.92,27.98,28.94,4
20-03-2018 08:06:00,51.72,50.96,46.04,50.65,27.16,27.9,28.13,28.82,4
20-03-2018 08:05:00,51.75,50.98,46.06,50.62,27.31,28.3,28.07,28.75,4
20-03-2018 08:04:00,51.78,51.02,46.13,50.65,27.35,28.48,28.28,28.79,4
20-03-2018 08:03:00,51.83,50.85,46.03,50.65,27.44,28.47,28.24,28.98,4
20-03-2018 08:02:00,51.86,50.82,46.01,50.69,27.19,28.05,28.26,28.69,4
20-03-2018 08:01:00,51.83,50.75,46.03,50.69,27.15,28.16,28.16,28.63,4
20-03-2018 08:00:00,51.8,50.55,45.8,50.69,27.15,28.34,28.11,28.81,4
20-03-2018 07:59:00,51.78,50.55,45.83,50.65,27.08,28.25,28.18,28.82,4
20-03-2018 07:58:00,51.78,50.55,45.84,50.59,27.14,28.2,28.15,28.57,4
20-03-2018 07:57:00,51.75,50.55,45.86,50.52,27.06,27.58,28.05,28.57,4
20-03-2018 07:56:00,51.75,50.55,45.83,50.55,27.07,28.21,28.35,28.67,4
20-03-2018 07:55:00,51.72,50.54,45.83,50.44,27.08,28.21,28.15,28.81,4
20-03-2018 07:54:00,51.69,50.47,45.73,50.44,27.15,28.33,28.23,28.67,4
20-03-2018 07:53:00,51.6,50.44,45.73,50.27,26.73,28.56,28.03,28.6,4
20-03-2018 07:52:00,51.66,50.44,45.56,50.41,27.08,28.21,28.39,28.66,4
20-03-2018 07:51:00,51.62,50.5,45.73,50.34,27.28,28.44,28.51,28.75,4
20-03-2018 07:50:00,51.57,50.37,45.67,50.21,27.12,28.37,28.44,28.75,4
20-03-2018 07:49:00,51.54,50.17,45.5,50.18,27.22,28.48,28.38,28.87,4
20-03-2018 07:48:00,51.57,50.1,45.45,50.14,27.14,28.7,28.47,28.65,4
20-03-2018 07:47:00,51.57,50.03,45.35,50.14,26.82,28.54,28.26,28.83,4
20-03-2018 07:46:00,51.51,49.89,45.22,50,26.89,28.66,28.43,28.5,4
20-03-2018 07:45:00,51.48,49.73,45.08,49.97,26.9,28.42,28.34,28.67,4
20-03-2018 07:44:00,51.42,49.65,45.05,49.93,27.16,28.67,28.48,28.95,4
20-03-2018 07:43:00,51.33,49.55,44.91,49.73,26.94,28.12,28.43,28.5,4
20-03-2018 07:42:00,51.24,49.42,44.8,49.69,27.3,28.71,28.48,28.54,4
20-03-2018 07:41:00,51.14,49.24,44.67,49.59,27.02,29.04,28.46,28.7,4
20-03-2018 07:40:00,50.95,49.08,44.4,49.45,27.43,28.95,28.46,28.73,4
20-03-2018 07:39:00,50.74,48.89,44.09,49.21,27.17,28.46,28.52,28.58,4
20-03-2018 07:38:00,50.63,48.86,43.92,49.14,27.58,29.05,28.69,28.94,4
20-03-2018 07:37:00,50.36,48.72,44,48.86,27.33,28.66,28.54,28.85,4
20-03-2018 07:36:00,0,48.55,43.83,48.62,27.52,28.6,28.64,28.93,4
20-03-2018 07:35:00,49.75,48.37,43.51,48.37,27.86,29.35,29.01,29.13,4
20-03-2018 07:34:00,49.47,48.17,43.26,48.24,28.31,29.18,29.28,29.04,4
20-03-2018 07:33:00,49.5,48.12,43.11,48.19,28.38,29.57,29.39,29.59,4
20-03-2018 07:32:00,49.6,48.29,43.22,48.12,28.79,30.04,29.69,29.71,4
20-03-2018 07:31:00,49.56,48.29,43.15,48.19,27.89,29.84,29.77,29.39,4
20-03-2018 07:30:00,49.67,48.29,43.11,48.2,28.41,30,29.97,29.52,4
20-03-2018 07:29:00,49.95,48.36,43.11,48.34,28.06,29.96,29.56,29.48,4
20-03-2018 07:28:00,50.4,48.53,43.25,48.47,27.82,29.87,29.59,29.43,4
20-03-2018 07:27:00,51.04,48.71,43.22,48.79,27.98,29.56,29.3,29.3,4
20-03-2018 07:26:00,51.69,48.95,43.61,49.34,27.81,29.73,29.49,29.33,4
20-03-2018 07:25:00,52.25,49.23,43.99,49.61,27.37,29.38,29.33,29.09,4
20-03-2018 07:24:00,52.85,49.5,44.44,50.14,27.19,29.48,29.17,29.06,4
20-03-2018 07:23:00,53.46,49.82,44.82,50.75,26.85,28.78,29.02,28.87,4
20-03-2018 07:22:00,53.93,49.89,45.14,51.45,26.15,29.21,28.84,28.5,4
20-03-2018 07:21:00,54.05,49.69,44.97,51.75,26.11,28.12,28.59,28.32,4
20-03-2018 07:20:00,54.14,49.72,44.74,51.51,25.88,28.34,28.82,28.06,4
20-03-2018 07:19:00,54.11,49.62,44.64,51.54,26.09,28.79,28.8,28.1,4
20-03-2018 07:18:00,54.17,49.45,44.47,51.51,25.8,28.76,28.72,28.1,4
20-03-2018 07:17:00,54.23,49.38,44.42,51.51,25.86,28.28,28.85,28.06,4
20-03-2018 07:16:00,54.23,49.27,44.29,51.51,25.79,28.81,28.73,28.03,4
20-03-2018 07:15:00,54.32,49.11,44.09,51.48,25.54,28.66,28.84,27.93,4
20-03-2018 07:14:00,54.38,48.94,43.91,51.48,25.75,28.69,28.95,27.9,4
20-03-2018 07:13:00,54.35,48.8,43.67,51.46,25.54,28.89,28.77,27.86,4
20-03-2018 07:12:00,54.46,48.73,43.6,51.46,25.65,28.97,29.03,27.68,4
20-03-2018 07:11:00,54.55,48.6,43.36,51.46,25.6,28.69,28.9,27.71,4
20-03-2018 07:10:00,54.62,48.43,43.18,51.46,25.75,28.89,29.23,27.96,4
20-03-2018 07:09:00,54.76,48.35,42.98,51.46,25.78,28.4,29.07,27.71,4
20-03-2018 07:08:00,54.87,48.21,42.8,51.48,25.5,28.63,29.01,27.76,4
20-03-2018 07:07:00,55.06,48.08,42.63,51.46,25.4,29.61,29.44,27.28,4
20-03-2018 07:06:00,55.11,47.94,42.35,51.46,25.02,29.02,29.42,27.3,4
20-03-2018 07:05:00,55.38,47.7,42.1,51.55,25.31,29.13,29.43,27.31,4
20-03-2018 07:04:00,55.61,47.56,41.82,51.63,25.04,28.9,29.57,27.15,4
20-03-2018 07:03:00,55.94,47.43,41.49,51.75,24.73,28.78,29.56,27.32,4
20-03-2018 07:02:00,56.34,47.28,41.26,51.93,24.75,28.75,29.85,27.27,4
20-03-2018 07:01:00,56.69,47.11,40.88,52.2,24.85,29.03,29.61,26.98,4
20-03-2018 07:00:00,57.1,47,40.56,52.37,24.45,29.21,30.01,27.07,4
20-03-2018 06:50:00,60.37,47.28,40.1,52.88,21.12,29.19,30.68,26.03,1
20-03-2018 06:49:00,58.42,46.6,39.62,51.79,21.49,29.41,30.9,26.24,1
20-03-2018 06:48:00,56.1,46.09,39.72,50.82,21.35,29.26,31.03,26.12,1
20-03-2018 06:47:00,54.97,45.82,40.04,50.2,22.01,29.26,30.68,26.43,1
20-03-2018 06:46:00,54.42,45.54,39.65,49.76,22.14,29.37,30.87,26.64,1
20-03-2018 06:45:00,54.06,45.47,39.44,49.5,22.82,29.53,31.04,26.9,1
20-03-2018 06:44:00,53.53,45.42,39.45,49.27,23.08,29.81,30.85,27.23,1
20-03-2018 06:43:00,52.94,45.31,39.65,48.85,23.73,29.78,30.91,27.49,1
20-03-2018 06:42:00,52.24,45.03,39.33,48.33,24.18,30.11,30.99,28.1,1
20-03-2018 06:41:00,51.46,44.82,39.05,47.93,24.98,30.03,30.91,28.44,1
20-03-2018 06:40:00,50.79,44.87,39.19,47.69,25.83,30.4,31.28,28.56,1
20-03-2018 06:39:00,50.37,44.97,39.27,47.65,26.01,30.64,30.94,28.81,1
20-03-2018 06:38:00,50.34,44.95,39.3,47.62,26.06,30.47,30.87,28.83,1
20-03-2018 06:37:00,50.21,44.82,39.17,47.48,26.26,30.32,31.05,28.78,1
20-03-2018 06:36:00,50.14,44.82,39.14,47.52,26.29,30.31,31.12,28.88,1
20-03-2018 06:35:00,50.21,44.89,39.21,47.55,26.11,30.46,31.16,28.65,1
20-03-2018 06:34:00,50.18,44.89,39.18,47.52,25.94,30.25,30.95,28.68,1
20-03-2018 06:33:00,50.34,45.02,39.56,47.62,26.15,30.11,30.43,28.74,1
20-03-2018 06:32:00,50.14,44.78,39.14,47.45,26.03,30.29,31,28.61,1
20-03-2018 06:31:00,50.11,44.65,38.96,47.38,26.18,30.44,30.9,28.75,1
20-03-2018 06:30:00,50.18,44.58,38.72,47.42,25.91,30.78,31.12,28.79,1
20-03-2018 06:29:00,50.24,44.65,38.69,47.45,25.76,30.47,31.1,28.6,1
20-03-2018 06:28:00,50.31,44.82,38.96,47.56,25.87,30.44,30.86,28.73,1
20-03-2018 06:27:00,50.41,45.06,39.55,47.73,25.72,30.23,30.67,28.64,1
20-03-2018 06:26:00,50.35,44.92,39.14,47.67,25.98,30.04,30.89,28.58,1
20-03-2018 06:25:00,50.55,45.06,39.24,47.83,25.84,30.35,30.8,28.65,1
20-03-2018 06:24:00,50.88,45.54,40.13,48.23,26,30.26,30.57,28.58,1
20-03-2018 06:23:00,50.85,45.33,39.89,48.1,25.51,29.95,30.82,28.49,1
20-03-2018 06:22:00,50.72,44.99,39.35,47.83,25.67,30.2,30.83,28.49,1
20-03-2018 06:21:00,50.96,45.09,39.47,48,25.45,30.63,30.8,28.55,1
20-03-2018 06:20:00,50.85,44.85,39,47.86,25.73,30.49,30.87,28.53,1
20-03-2018 06:19:00,50.92,44.65,38.4,47.77,25.97,30.18,31.31,28.48,1
20-03-2018 06:18:00,51.29,45.1,38.96,48.24,25.53,30.14,30.9,28.45,1
20-03-2018 06:17:00,51.37,45.13,39.2,48.31,25.63,30.48,31.12,28.43,1
20-03-2018 06:16:00,51.37,44.99,38.9,48.22,25.35,30.22,31.11,28.41,1
20-03-2018 06:15:00,51.65,45.3,39.33,48.59,25.27,30.28,31.05,28.05,1
20-03-2018 06:14:00,51.97,45.47,39.44,48.79,25.27,30.13,30.94,28.12,1
20-03-2018 06:13:00,52.26,45.45,39.17,48.9,25.25,29.82,31.15,27.8,1
20-03-2018 06:12:00,52.53,45.86,39.84,49.27,24.91,29.76,30.68,27.82,1
20-03-2018 06:11:00,52.82,45.83,39.77,49.4,24.78,29.38,30.65,28,1
20-03-2018 06:10:00,53.17,45.8,39.52,49.48,24.92,29.92,30.71,27.71,1
20-03-2018 06:09:00,53.79,46.06,39.62,49.96,24.69,29.98,30.7,27.47,1
20-03-2018 06:08:00,54.38,46.2,39.62,50.4,24.02,29.77,30.94,27.37,1
20-03-2018 06:07:00,55.06,46.21,39.44,50.67,24.13,29.38,30.95,27.41,1
20-03-2018 06:06:00,55.46,46.04,39.01,50.85,23.77,29.52,31.33,27.11,1
20-03-2018 06:05:00,56.13,45.9,38.33,51.14,23.27,29.18,31.21,26.78,1
20-03-2018 06:04:00,58,46.53,38.98,52.11,22.63,29.18,31.17,26.42,1
20-03-2018 06:03:00,60.19,46.53,38.85,52.44,21.2,29.52,31.07,26.08,1
20-03-2018 06:02:00,59.21,46.12,38.82,51.76,21.02,29.27,30.82,26.04,1
20-03-2018 06:01:00,57,45.16,38.24,50.44,21.5,29.64,31.31,26.33,1
20-03-2018 06:00:00,54.68,44.62,38.17,49.4,21.31,29.52,31.54,26.39,1
20-03-2018 05:59:00,52.9,44.29,38.4,48.6,21.42,29.58,31.45,26.47,1
20-03-2018 05:58:00,52.37,44.29,38.47,48.25,21.87,29.69,31.19,26.64,1
20-03-2018 05:57:00,52.07,44.13,38.46,47.93,22.21,29.9,31.35,27.11,1
20-03-2018 05:56:00,51.64,43.78,38.04,47.48,22.77,30.13,31.57,27.29,1
20-03-2018 05:55:00,51.19,43.8,38.04,47.22,23.3,30.09,31.42,27.79,1
20-03-2018 05:54:00,50.81,43.73,37.87,46.94,24.38,30.5,31.68,28.09,1
20-03-2018 05:53:00,50.18,43.75,37.95,46.67,25.06,30.41,31.46,28.48,1
20-03-2018 05:52:00,49.34,43.71,38.29,46.32,25.53,30.77,31.22,28.95,1
20-03-2018 05:51:00,48.65,43.5,37.87,46.04,26.28,31.03,31.67,29.27,1
20-03-2018 05:50:00,48.58,43.5,37.95,46.01,26.51,30.94,31.29,29.31,1
20-03-2018 05:49:00,48.58,43.42,37.45,46.01,26.47,31.35,31.89,29.26,1
20-03-2018 05:48:00,48.51,43.4,37.67,45.91,26.67,31.55,31.3,29.23,1
20-03-2018 05:47:00,48.38,43.15,37.39,45.7,26.59,31.21,31.49,29.13,1
20-03-2018 05:46:00,48.34,43.09,37.25,45.67,26.75,31.21,31.52,29.32,1
20-03-2018 05:45:00,48.41,43.02,37.01,45.7,26.88,31.15,31.84,29.51,1
20-03-2018 05:44:00,48.41,43.05,37.05,45.7,26.71,31.54,31.65,29.34,1
20-03-2018 05:43:00,48.41,43.02,36.96,45.67,26.5,31.18,31.7,29.44,1
20-03-2018 05:42:00,48.41,42.95,37,45.56,26.63,30.82,31.84,29.42,1
20-03-2018 05:41:00,48.28,42.88,36.93,45.5,26.12,31.07,32,29.39,1
20-03-2018 05:40:00,48.41,43.02,36.96,45.63,27.29,31.13,31.86,29.43,1
20-03-2018 05:39:00,48.41,43.02,36.96,45.6,26.7,31.16,32.11,29.45,1
20-03-2018 05:38:00,48.31,42.93,36.82,45.5,26.75,31.19,31.71,29.47,1
20-03-2018 05:37:00,48.34,43.02,37.06,45.53,26.73,30.84,31.54,29.48,1
20-03-2018 05:36:00,48.21,42.93,37.01,45.41,27.07,31.29,31.82,29.44,1
20-03-2018 05:35:00,48.19,42.8,36.72,45.41,26.98,31.44,32.09,29.53,1
20-03-2018 05:34:00,48.03,42.7,36.47,45.25,26.83,31.11,32.02,29.51,1
20-03-2018 05:33:00,47.86,42.66,36.56,45.12,26.99,31.63,31.75,29.52,1
20-03-2018 05:32:00,47.86,42.73,36.75,45.18,26.96,31.06,31.87,29.59,1
20-03-2018 05:31:00,47.83,42.73,36.54,45.15,26.84,31,31.96,29.69,1
20-03-2018 05:30:00,47.72,42.63,36.38,44.98,27,31.46,31.83,29.59,1
20-03-2018 05:21:00,49.25,42.46,36.68,42.58,26.7,32.04,32.1,31.86,5
20-03-2018 05:20:00,49.66,42.7,37.11,42.81,26.65,32.55,32.43,32.01,5
20-03-2018 05:19:00,50.01,42.31,36.63,42.54,26.26,32.31,32.11,32.05,5
20-03-2018 05:18:00,50.59,42.62,36.97,42.61,25.88,32.65,32.17,31.88,5
20-03-2018 05:17:00,51.29,42.52,36.55,42.61,25.29,32.52,32.59,31.92,5
20-03-2018 05:16:00,52,42.58,36.69,42.89,24.57,32.79,32.48,31.86,5
20-03-2018 05:15:00,52.68,42.35,36.66,42.75,23.76,32.65,32.27,31.68,5
20-03-2018 05:14:00,50.44,42.18,36.75,42.42,24.08,32.33,32.04,31.79,5
20-03-2018 05:13:00,48.09,42.14,36.59,42.07,24.67,32.35,32.12,31.98,5
20-03-2018 05:12:00,46.88,41.97,36.39,41.83,24.65,32.64,32.09,32.03,5
20-03-2018 05:11:00,46.47,42,36.31,41.76,25.13,32.73,32.28,32.1,5
20-03-2018 05:10:00,45.9,41.84,36.19,41.65,25.38,32.71,32.28,32.16,5
20-03-2018 05:09:00,45.65,41.57,35.87,41.48,25.92,32.38,32.13,32.16,5
20-03-2018 05:08:00,45.5,41.39,35.66,41.33,26.05,32.56,32.22,32.21,5
20-03-2018 05:07:00,45.38,41.65,36.04,41.46,26.78,32.38,32.36,32.46,5
20-03-2018 05:06:00,45.93,41.49,35.83,41.49,27.69,32.62,32.36,32.3,5
20-03-2018 05:05:00,45.83,41.29,35.61,41.35,28.67,32.59,32.38,32.62,5
20-03-2018 05:04:00,44.99,41.39,35.72,41.28,28.68,33.2,32.47,32.61,5
20-03-2018 05:03:00,44.93,41.27,35.54,41.18,28.63,32.81,32.34,32.63,5
20-03-2018 05:02:00,44.97,41.04,35.09,40.97,28.49,33.34,32.75,32.61,5
20-03-2018 05:01:00,45.27,41.24,35.26,41.17,28.42,32.72,32.82,32.66,5
20-03-2018 05:00:00,45.52,41.15,35.29,41.25,28.74,32.71,32.49,32.4,5
20-03-2018 04:59:00,45.65,41.36,35.61,41.35,28.63,32.55,32.4,32.69,5
20-03-2018 04:58:00,45.86,41.24,35.4,41.35,28.27,32.69,32.44,32.4,5
20-03-2018 04:57:00,46.2,41.51,35.63,41.49,28.06,33.16,32.63,32.6,5
20-03-2018 04:56:00,46.44,41.55,35.56,41.52,28.11,32.52,32.74,32.55,5
20-03-2018 04:55:00,46.69,41.49,35.72,41.55,27.88,32.76,32.5,32.4,5
20-03-2018 04:54:00,46.76,41.41,35.5,41.49,28.12,32.56,32.75,32.62,5
20-03-2018 04:53:00,46.96,41.37,35.33,41.52,27.71,32.74,32.81,32.41,5
20-03-2018 04:52:00,47.21,41.36,35.47,41.5,27.61,32.83,32.58,32.31,5
20-03-2018 04:51:00,47.72,41.25,35.33,41.5,27.4,32.77,32.53,32.35,5
20-03-2018 04:50:00,48.26,41.72,35.85,41.92,27.16,32.89,32.57,32.3,5
20-03-2018 04:49:00,48.15,41.52,35.9,41.81,27.07,33.12,32.41,32.25,5
20-03-2018 04:48:00,48.92,41.45,35.65,41.74,26.53,32.78,32.5,32.16,5
20-03-2018 04:47:00,49.64,42,36.26,42.19,26.41,32.72,32.54,32.18,5
20-03-2018 04:46:00,50.82,42.27,36.33,42.58,26.04,32.29,32.38,32.24,5
20-03-2018 04:45:00,51.37,42.71,37.19,42.95,25.73,32.6,32.42,32.09,5
20-03-2018 04:44:00,52.27,42.44,36.65,42.84,25.05,32.4,32.39,32.24,5
20-03-2018 04:43:00,53.76,42.54,36.73,43.01,23.61,32.87,32.59,31.98,5
20-03-2018 04:42:00,53.52,42.51,36.8,42.84,23.84,32.69,32.41,32.03,5
20-03-2018 04:41:00,51.44,42.07,36.33,42.37,24.03,33.07,32.58,32.01,5
20-03-2018 04:40:00,49.99,42.2,36.55,42.36,24.25,32.7,32.3,32.23,5
20-03-2018 04:39:00,49.35,42.13,36.29,42.29,24.64,32.98,32.54,32.09,5
20-03-2018 04:38:00,48.94,42.1,36.4,42.12,25.27,32.24,32.38,32.21,5
20-03-2018 04:37:00,48.52,42.1,36.19,42.07,25.44,33.1,32.52,32.29,5
20-03-2018 04:36:00,47.83,42.44,36.56,42.21,25.9,33.14,32.6,32.3,5
20-03-2018 04:35:00,47.28,42.44,36.56,42.25,26.52,32.9,32.87,32.43,5
20-03-2018 04:34:00,46.8,42.27,36.47,42.18,26.94,32.93,32.6,32.39,5
20-03-2018 04:33:00,46.37,42.23,36.55,42,27.33,32.53,32.38,32.38,5
20-03-2018 04:32:00,46.18,42.1,36.31,41.89,28.26,32.92,32.35,32.45,5
20-03-2018 04:31:00,45.45,41.94,36.07,41.76,29,32.62,32.36,32.72,5
20-03-2018 04:30:00,45.32,42.07,36.38,41.87,29,32.27,32.36,32.38,5
20-03-2018 04:29:00,44.93,41.6,36.14,41.53,28.74,32.78,31.95,32.26,5
20-03-2018 04:28:00,45.12,41.49,35.88,41.46,28.82,32.45,32.3,32.38,5
20-03-2018 04:27:00,45.43,41.65,35.97,41.52,28.79,32.49,32.14,32.6,5
20-03-2018 04:26:00,45.74,41.96,36.21,41.69,28.67,32.53,32.48,32.47,5
20-03-2018 04:25:00,45.57,41.62,35.94,41.52,28.81,32.46,32.46,32.36,5
20-03-2018 04:24:00,45.79,41.3,35.61,41.39,28.8,32.5,32.43,32.59,5
20-03-2018 04:23:00,45.86,41.44,35.56,41.51,28.46,32.9,32.51,32.52,5
20-03-2018 04:22:00,45.77,41.37,35.56,41.39,28.59,32.96,32.63,32.59,5
20-03-2018 04:21:00,46.03,41.24,35.41,41.23,28.05,32.96,32.57,32.79,5
20-03-2018 04:20:00,46.24,41.24,35.28,41.37,28.39,33.17,32.92,32.7,5
20-03-2018 04:19:00,46.65,41.34,35.4,41.52,27.97,32.75,32.84,32.41,5
20-03-2018 04:18:00,46.53,41.17,35.61,41.35,27.83,33.05,32.52,32.5,5
20-03-2018 04:17:00,46.6,41.04,35.29,41.21,27.76,33.13,32.53,32.49,5
20-03-2018 04:16:00,47.22,41.09,35.29,41.32,27.89,32.75,32.55,32.48,5
20-03-2018 04:15:00,47.49,41.06,35.26,41.35,27.26,32.76,32.67,32.55,5
20-03-2018 04:14:00,47.97,41.13,35.15,41.49,27.06,33.17,32.91,32.54,5
20-03-2018 04:13:00,48.12,41.16,35.28,41.52,27.04,32.7,32.86,32.46,5
20-03-2018 04:12:00,48.5,41.13,35.24,41.46,26.58,33.3,33.05,32.43,5
20-03-2018 04:11:00,48.91,41,35.05,41.46,26.25,32.8,32.88,32.36,5
20-03-2018 04:10:00,49.66,41.37,35.47,41.74,26.1,33.14,32.62,32.3,5
20-03-2018 04:09:00,50.44,41.3,35.47,41.85,25.83,32.86,32.81,32.16,5
20-03-2018 04:08:00,51.09,41.34,35.72,41.9,25.18,32.77,32.58,31.92,5
20-03-2018 04:07:00,51.71,41,35.34,41.59,23.99,32.91,32.38,32.08,5
20-03-2018 04:06:00,52.88,41.37,35.5,42.05,23.84,33.04,32.8,32.16,5
20-03-2018 04:05:00,50.82,41.13,35.34,41.65,23.9,32.75,32.41,32.13,5
20-03-2018 04:04:00,48.64,41.62,35.89,41.81,24.05,32.7,32.51,32.16,5
20-03-2018 04:03:00,47.94,41.55,35.85,41.68,24.68,33.11,32.54,32.15,5
20-03-2018 04:02:00,47.65,41.24,35.47,41.46,24.91,32.76,32.63,32.35,5
20-03-2018 04:01:00,47.57,41.71,35.8,41.67,25.45,33.23,32.92,32.54,5
20-03-2018 04:00:00,47.65,41.55,35.72,41.77,25.38,32.95,32.74,32.39,5
20-03-2018 03:59:00,47.83,41.15,35.43,41.5,26.08,33.01,32.64,32.37,5
20-03-2018 03:58:00,48.15,41.17,35.47,41.5,26.66,32.71,32.4,32.41,5
20-03-2018 03:57:00,48.85,41.04,35.33,41.52,27.34,33.01,32.68,32.44,5
20-03-2018 03:56:00,46.55,41.13,35.12,41.35,27.95,33.03,32.9,32.49,5
20-03-2018 03:55:00,46.55,41.13,35.37,41.42,27.96,32.66,32.43,32.37,5
20-03-2018 03:54:00,47.1,41.24,35.33,41.52,28.06,33.13,32.85,32.55,5
20-03-2018 03:53:00,47.01,41.2,35.34,41.49,27.77,32.92,32.64,32.51,5
20-03-2018 03:52:00,47.28,41.17,35.31,41.45,27.36,33.02,32.51,32.58,5
20-03-2018 03:51:00,48.03,41.42,35.28,41.77,27.41,33.16,33.13,32.38,5
20-03-2018 03:50:00,48.37,41.49,35.7,41.87,27.29,32.85,32.18,32.27,5
20-03-2018 03:49:00,48.52,41.29,35.53,41.77,27.22,32.84,32.44,32.28,5
20-03-2018 03:48:00,48.96,41.2,35.29,41.81,26.76,32.89,32.63,32.21,5
20-03-2018 03:47:00,49.37,41.27,35.29,41.74,26.48,32.55,32.75,32.15,5
20-03-2018 03:46:00,50.12,41.27,35.05,41.95,26.25,33.1,32.68,32.14,5
20-03-2018 03:45:00,51.56,41.83,35.63,42.51,25.88,33.12,33.06,32.08,5
20-03-2018 03:44:00,51.94,42.11,35.98,42.84,25.62,32.56,32.7,31.92,5
20-03-2018 03:43:00,52.38,42.14,36.05,42.84,24.8,33.17,32.39,31.92,5
20-03-2018 03:42:00,52.85,42.14,35.73,42.82,24.85,33,32.69,31.9,5
20-03-2018 03:41:00,53.56,42.09,35.79,42.98,24.12,32.53,32.5,31.52,5
20-03-2018 03:40:00,54.5,42.24,35.83,43.4,24.21,32.18,32.25,31.28,5
20-03-2018 03:30:00,55.43,43.38,35.66,48.93,21.83,30.71,32.96,27.25,1
20-03-2018 03:29:00,54.97,43.41,35.72,48.69,22.83,31.28,32.52,27.31,1
20-03-2018 03:28:00,54.39,43.29,35.79,48.34,23.01,30.98,32.5,27.71,1
20-03-2018 03:27:00,53.94,43.35,35.77,48.22,23.57,30.7,32.74,28.04,1
20-03-2018 03:26:00,53.33,43.35,35.84,47.92,23.97,30.83,32.98,28.08,1
20-03-2018 03:25:00,52.91,43.52,36.12,47.79,24.61,31.23,32.44,28.6,1
20-03-2018 03:24:00,51.96,43.68,36.41,47.58,25.54,31.28,32.37,28.81,1
20-03-2018 03:23:00,50.54,43.09,35.92,46.69,26.36,30.92,32.06,29.06,1
20-03-2018 03:22:00,50.31,43.05,36.17,46.64,25.89,30.73,32.04,29.12,1
20-03-2018 03:21:00,50.44,43.22,36.3,46.8,25.72,30.82,32.02,29.01,1
20-03-2018 03:20:00,50.76,43.03,35.85,46.9,25.77,31.44,32.31,28.87,1
20-03-2018 03:19:00,51.26,43.49,36.25,47.31,25.86,30.94,32.17,28.92,1
20-03-2018 03:18:00,51.37,43.73,36.69,47.58,25.86,31.16,32.09,28.73,1
20-03-2018 03:17:00,51.49,43.52,36.32,47.52,25.6,30.87,32.22,28.68,1
20-03-2018 03:16:00,51.67,43.45,36.18,47.56,25.6,30.87,32.39,28.71,1
20-03-2018 03:15:00,52.06,43.52,36.07,47.83,25.07,31.07,32.46,28.39,1
20-03-2018 03:14:00,52.4,43.52,35.83,48.04,25.37,31.54,32.28,28.36,1
20-03-2018 03:13:00,53.17,43.93,35.8,48.62,24.95,31.09,32.84,28.34,1
20-03-2018 03:12:00,53.65,44.01,36.12,48.92,24.98,30.93,32.54,28.13,1
20-03-2018 03:11:00,54.17,44.07,36.01,49.37,24.88,30.99,32.82,28.22,1
20-03-2018 03:10:00,54.84,44.45,36.18,49.82,24.34,31.04,32.59,27.93,1
20-03-2018 03:09:00,55.7,44.66,36.27,50.34,24.05,30.35,32.44,27.6,1
20-03-2018 03:08:00,56.43,44.87,36.38,50.78,23.58,30.72,32.39,27.28,1
20-03-2018 03:07:00,57.54,44.85,36.07,51.28,23.07,30.49,32.4,26.92,1
20-03-2018 03:06:00,59.68,45.02,35.82,52.14,22.09,30.4,32.55,26.34,1
20-03-2018 03:05:00,61.88,45.06,35.66,52.49,21.61,30.55,32.71,26.4,1
20-03-2018 03:04:00,61.04,45.19,36.14,52.35,21.5,30.14,32.92,26.37,1
20-03-2018 03:03:00,59.38,45.17,36.47,51.82,21.1,30.06,32.56,26.45,1
20-03-2018 03:02:00,57.52,45.1,37.3,51.23,21.5,30.26,32.27,26.31,1
21-03-2018 05:36:00,55.78,56.16,53.39,58.65,25.39,25.61,25.43,25.6,6
21-03-2018 05:35:00,55.78,56.13,53.45,58.8,25.37,25.62,25.43,25.59,6
21-03-2018 05:34:00,55.75,56.1,53.44,58.92,25.39,25.65,25.48,25.6,6
21-03-2018 05:33:00,55.75,56.1,53.36,59,25.39,25.66,25.48,25.59,6
21-03-2018 05:32:00,55.75,56.13,53.41,59.06,25.4,25.64,25.49,25.61,6
21-03-2018 05:31:00,55.73,56.08,53.41,59.12,25.37,25.66,25.49,25.6,6
21-03-2018 05:30:00,55.67,56.02,53.59,59.24,25.38,25.64,25.46,25.6,6
21-03-2018 05:29:00,55.67,55.99,53.56,59.33,25.39,25.63,25.48,25.61,6
21-03-2018 05:28:00,55.64,56.02,53.59,59.41,25.41,25.65,25.5,25.61,6
21-03-2018 05:27:00,55.64,55.99,53.53,59.51,25.41,25.67,25.52,25.62,6
21-03-2018 05:26:00,55.61,56.02,53.53,59.56,25.41,25.66,25.53,25.64,6
21-03-2018 05:25:00,55.61,56.07,53.5,59.56,25.42,25.66,25.52,25.63,6
21-03-2018 05:24:00,55.61,56.05,53.47,59.62,25.4,25.65,25.51,25.62,6
21-03-2018 05:23:00,55.58,55.99,53.36,59.68,25.4,25.65,25.5,25.61,6
21-03-2018 05:22:00,55.55,55.93,53.36,59.77,25.4,25.68,25.49,25.61,6
21-03-2018 05:21:00,55.55,55.93,53.56,59.83,25.42,25.66,25.5,25.64,6
21-03-2018 05:20:00,55.52,55.99,53.53,59.89,25.41,25.68,25.52,25.62,6
21-03-2018 05:19:00,55.52,55.96,53.47,59.92,25.44,25.68,25.53,25.64,6
21-03-2018 05:18:00,55.52,55.93,53.36,59.95,25.41,25.68,25.55,25.64,6
21-03-2018 05:17:00,55.52,55.99,53.41,59.98,25.42,25.66,25.54,25.63,6
21-03-2018 05:16:00,55.49,55.96,53.44,60,25.41,25.65,25.52,25.64,6
21-03-2018 05:15:00,55.49,55.93,53.41,60.06,25.39,25.64,25.51,25.64,6
21-03-2018 05:14:00,55.46,55.93,53.41,60.09,25.42,25.64,25.5,25.64,6
21-03-2018 05:13:00,55.43,55.9,53.41,60.12,25.43,25.65,25.5,25.65,6
21-03-2018 05:12:00,55.43,55.9,53.41,60.15,25.43,25.66,25.52,25.65,6
21-03-2018 05:11:00,55.43,55.9,53.36,60.18,25.45,25.67,25.53,25.65,6
21-03-2018 05:10:00,55.43,55.9,53.3,60.21,25.43,25.66,25.53,25.64,6
21-03-2018 05:09:00,55.43,55.87,53.47,60.24,25.44,25.65,25.52,25.64,6
21-03-2018 05:08:00,55.4,55.9,53.59,60.27,25.42,25.65,25.5,25.63,6
21-03-2018 05:07:00,55.4,55.9,53.54,60.27,25.43,25.65,25.5,25.64,6
21-03-2018 05:06:00,55.37,55.9,53.51,60.3,25.42,25.64,25.47,25.64,6
21-03-2018 05:05:00,55.37,55.84,53.45,60.33,25.42,25.65,25.48,25.66,6
21-03-2018 05:04:00,55.37,55.9,53.42,60.33,25.44,25.65,25.49,25.63,6
21-03-2018 05:03:00,55.37,55.9,53.33,60.36,25.43,25.66,25.5,25.63,6
21-03-2018 05:02:00,55.37,55.9,53.33,60.39,25.44,25.65,25.5,25.65,6
21-03-2018 05:01:00,55.37,55.81,53.24,60.39,25.42,25.64,25.49,25.64,6
21-03-2018 05:00:00,55.37,55.81,53.45,60.39,25.44,25.63,25.47,25.63,6
21-03-2018 04:59:00,55.37,55.96,53.54,60.42,25.41,25.64,25.46,25.63,6
21-03-2018 04:58:00,55.37,55.78,53.45,60.42,25.43,25.62,25.45,25.62,6
21-03-2018 04:57:00,55.37,55.87,53.42,60.42,25.44,25.64,25.45,25.63,6
21-03-2018 04:56:00,55.37,55.9,53.39,60.44,25.43,25.65,25.47,25.64,6
21-03-2018 04:55:00,55.37,55.9,53.33,60.47,25.43,25.67,25.48,25.64,6
21-03-2018 04:54:00,55.37,55.84,53.33,60.51,25.44,25.66,25.48,25.64,6
21-03-2018 04:53:00,55.37,55.78,53.3,60.51,25.42,25.65,25.47,25.64,6
21-03-2018 04:52:00,55.37,55.78,53.3,60.51,25.41,25.64,25.44,25.63,6
21-03-2018 04:51:00,55.37,55.7,53.3,60.51,25.43,25.65,25.43,25.63,6
21-03-2018 04:50:00,55.34,55.7,53.21,60.51,25.41,25.64,25.41,25.63,6
21-03-2018 04:49:00,55.34,55.78,53.3,60.51,25.43,25.68,25.41,25.65,6
21-03-2018 04:48:00,55.34,55.84,53.27,60.51,25.43,25.67,25.43,25.63,6
21-03-2018 04:47:00,55.34,55.78,53.21,60.51,25.44,25.67,25.45,25.64,6
21-03-2018 04:46:00,55.34,55.75,53.23,60.57,25.44,25.68,25.47,25.62,6
21-03-2018 04:45:00,55.34,55.72,53.21,60.6,25.43,25.68,25.5,25.65,6
21-03-2018 04:44:00,55.32,55.67,53.18,60.62,25.4,25.66,25.48,25.63,6
21-03-2018 04:43:00,55.32,55.64,53.18,60.62,25.41,25.67,25.47,25.62,6
21-03-2018 04:42:00,55.32,55.61,53.18,60.62,25.42,25.66,25.48,25.64,6
21-03-2018 04:41:00,55.32,55.61,53.15,60.57,25.43,25.68,25.49,25.62,6
21-03-2018 04:40:00,55.32,55.58,53.12,60.54,25.42,25.69,25.49,25.64,6
21-03-2018 04:39:00,55.32,55.64,53.12,60.57,25.43,25.7,25.49,25.63,6
21-03-2018 04:38:00,55.32,55.61,53.15,60.57,25.43,25.7,25.5,25.62,6
21-03-2018 04:37:00,55.29,55.58,53.15,60.57,25.43,25.68,25.49,25.65,6
21-03-2018 04:36:00,55.29,55.52,53.06,60.54,25.42,25.68,25.47,25.62,6
21-03-2018 04:35:00,55.29,55.55,53.1,60.51,25.42,25.67,25.46,25.64,6
21-03-2018 04:34:00,55.26,55.49,53.09,60.54,25.43,25.67,25.46,25.63,6
21-03-2018 04:33:00,55.26,55.52,52.98,60.51,25.42,25.7,25.49,25.64,6
21-03-2018 04:32:00,55.26,55.46,52.94,60.54,25.43,25.7,25.51,25.65,6
21-03-2018 04:31:00,55.26,55.52,52.91,60.54,25.43,25.72,25.53,25.63,6
21-03-2018 04:30:00,55.26,55.52,52.91,60.54,25.44,25.7,25.53,25.63,6
21-03-2018 04:29:00,55.26,55.49,52.88,60.54,25.41,25.7,25.51,25.63,6
21-03-2018 04:28:00,55.26,55.42,52.86,60.51,25.45,25.71,25.52,25.62,6
21-03-2018 04:27:00,55.26,55.37,52.8,60.51,25.41,25.71,25.51,25.63,6
21-03-2018 04:26:00,55.26,55.42,52.74,60.47,25.43,25.75,25.52,25.62,6
21-03-2018 04:25:00,55.26,55.42,52.74,60.47,25.43,25.74,25.56,25.64,6
21-03-2018 04:24:00,55.26,55.45,52.74,60.51,25.41,25.73,25.57,25.65,6
21-03-2018 04:23:00,55.26,55.42,52.77,60.51,25.43,25.73,25.58,25.64,6
21-03-2018 04:22:00,55.26,55.37,52.77,60.51,25.43,25.73,25.56,25.62,6
21-03-2018 04:21:00,55.23,55.37,52.74,60.51,25.43,25.73,25.56,25.64,6
21-03-2018 04:20:00,55.23,55.4,52.71,60.47,25.42,25.71,25.55,25.64,6
21-03-2018 04:19:00,55.23,55.42,52.59,60.47,25.41,25.74,25.54,25.63,6
21-03-2018 04:18:00,55.2,55.52,52.56,60.47,25.46,25.74,25.57,25.64,6
21-03-2018 04:17:00,55.23,55.42,52.53,60.51,25.45,25.75,25.57,25.64,6
21-03-2018 04:16:00,55.23,55.49,52.53,60.51,25.44,25.74,25.61,25.64,6
21-03-2018 04:15:00,55.23,55.42,52.53,60.54,25.43,25.74,25.59,25.64,6
21-03-2018 04:14:00,55.2,55.42,52.5,60.57,25.46,25.73,25.6,25.64,6
21-03-2018 04:13:00,55.2,55.42,52.47,60.57,25.43,25.72,25.59,25.63,6
21-03-2018 04:12:00,55.2,55.4,52.5,60.57,25.42,25.72,25.58,25.62,6
21-03-2018 04:11:00,55.2,55.4,52.5,60.57,25.42,25.72,25.59,25.63,6
21-03-2018 04:10:00,55.2,55.4,52.53,60.57,25.46,25.75,25.59,25.64,6
21-03-2018 04:09:00,55.2,55.37,52.42,60.62,25.4,25.74,25.59,25.64,6
21-03-2018 04:08:00,55.2,55.4,52.47,60.62,25.44,25.74,25.62,25.63,6
21-03-2018 04:07:00,55.2,55.34,52.53,60.62,25.41,25.73,25.6,25.62,6
21-03-2018 04:06:00,55.2,55.34,52.68,60.62,25.4,25.73,25.59,25.61,6
21-03-2018 04:05:00,55.16,55.28,52.65,60.62,25.41,25.69,25.58,25.6,6
21-03-2018 04:04:00,55.14,55.2,52.68,60.62,25.39,25.7,25.57,25.6,6
21-03-2018 04:03:00,55.14,55.2,52.53,60.6,25.41,25.7,25.57,25.64,6
21-03-2018 04:02:00,55.14,55.23,52.56,60.62,25.4,25.7,25.57,25.62,6
21-03-2018 04:01:00,55.14,55.16,52.53,60.62,25.42,25.72,25.58,25.62,6
21-03-2018 04:00:00,55.14,55.13,52.56,60.62,25.42,25.73,25.59,25.63,6
21-03-2018 03:59:00,55.14,55.13,52.56,60.62,25.43,25.72,25.59,25.62,6
21-03-2018 03:58:00,55.11,55.13,52.59,60.62,25.4,25.7,25.58,25.61,6
21-03-2018 03:57:00,55.11,55.13,52.59,60.62,25.4,25.7,25.56,25.61,6
21-03-2018 03:56:00,55.08,55.1,52.65,60.62,25.4,25.68,25.55,25.61,6
21-03-2018 03:55:00,55.08,55.02,52.65,60.62,25.4,25.7,25.53,25.61,6
21-03-2018 03:54:00,55.05,54.99,52.59,60.62,25.4,25.69,25.54,25.63,6
21-03-2018 03:53:00,55.05,54.99,52.56,60.62,25.42,25.71,25.56,25.62,6
21-03-2018 03:52:00,55.05,55.02,52.56,60.62,25.41,25.71,25.55,25.62,6
21-03-2018 03:51:00,55.05,55.02,52.56,60.62,25.41,25.71,25.54,25.62,6
21-03-2018 03:50:00,55.02,55.02,52.53,60.62,25.4,25.7,25.57,25.62,6
21-03-2018 03:49:00,55.02,55.02,52.53,60.62,25.39,25.68,25.53,25.61,6
21-03-2018 03:48:00,54.99,54.93,52.5,60.62,25.39,25.69,25.53,25.61,6
21-03-2018 03:47:00,54.97,54.9,52.47,60.57,25.41,25.68,25.51,25.62,6
21-03-2018 03:46:00,54.97,54.84,52.47,60.62,25.41,25.7,25.52,25.65,6
21-03-2018 03:45:00,54.97,54.9,52.39,60.57,25.41,25.72,25.56,25.65,6
21-03-2018 03:44:00,54.94,54.87,52.5,60.62,25.41,25.71,25.57,25.65,6
21-03-2018 03:43:00,54.94,54.87,52.42,60.62,25.41,25.7,25.54,25.64,6
21-03-2018 03:42:00,54.91,54.75,52.47,60.57,25.41,25.71,25.54,25.63,6
21-03-2018 03:41:00,54.87,54.72,52.47,60.57,25.42,25.72,25.54,25.64,6
21-03-2018 03:40:00,54.84,54.72,52.42,60.57,25.41,25.72,25.52,25.63,6
