Timestamp,EX1_FAN_IN_TEMP_ITL,EX1_FAN_OUT_TEMP_ITL,FA1_FAN_IN_TEMP_ITL,FA1_FAN_OUT_TEMP_ITL,
20/03/18 15:28,21.5,30.26,32.27,26.31,1
20/03/18 15:29,21.1,30.06,32.56,26.45,1
20/03/18 15:30,21.5,30.14,32.92,26.37,1
20/03/18 15:31,21.61,30.55,32.71,26.4,1
20/03/18 15:32,22.09,30.4,32.55,26.34,1
20/03/18 15:33,23.07,30.49,32.4,26.92,1
20/03/18 15:34,23.58,30.72,32.39,27.28,1
20/03/18 15:35,24.05,30.35,32.44,27.6,1
20/03/18 15:36,24.34,31.04,32.59,27.93,1
20/03/18 15:37,24.88,30.99,32.82,28.22,1
20/03/18 15:38,24.98,30.93,32.54,28.13,1
20/03/18 15:39,24.95,31.09,32.84,28.34,1
20/03/18 15:40,25.37,31.54,32.28,28.36,1
20/03/18 15:41,25.07,31.07,32.46,28.39,1
20/03/18 15:42,25.6,30.87,32.39,28.71,1
20/03/18 15:43,25.6,30.87,32.22,28.68,1
20/03/18 15:44,25.86,31.16,32.09,28.73,1
20/03/18 15:45,25.86,30.94,32.17,28.92,1
20/03/18 15:46,25.77,31.44,32.31,28.87,1
20/03/18 15:47,25.72,30.82,32.02,29.01,1
20/03/18 15:48,25.89,30.73,32.04,29.12,1
20/03/18 15:49,26.36,30.92,32.06,29.06,1
20/03/18 15:50,25.54,31.28,32.37,28.81,1
20/03/18 15:51,24.61,31.23,32.44,28.6,1
20/03/18 15:52,23.97,30.83,32.98,28.08,1
20/03/18 15:53,23.57,30.7,32.74,28.04,1
20/03/18 15:54,23.01,30.98,32.5,27.71,1
20/03/18 15:55,22.83,31.28,32.52,27.31,1
20/03/18 15:56,21.83,30.71,32.96,27.25,1
20/03/18 15:57,24.21,32.18,32.25,31.28,5
20/03/18 15:58,24.12,32.53,32.5,31.52,5
20/03/18 15:59,24.85,33,32.69,31.9,5
20/03/18 16:00,24.8,33.17,32.39,31.92,5
20/03/18 16:01,25.62,32.56,32.7,31.92,5
20/03/18 16:02,25.88,33.12,33.06,32.08,5
20/03/18 16:03,26.25,33.1,32.68,32.14,5
20/03/18 16:04,26.48,32.55,32.75,32.15,5
20/03/18 16:05,26.76,32.89,32.63,32.21,5
20/03/18 16:06,27.22,32.84,32.44,32.28,5
20/03/18 16:07,27.29,32.85,32.18,32.27,5
20/03/18 16:08,27.41,33.16,33.13,32.38,5
20/03/18 16:09,27.36,33.02,32.51,32.58,5
20/03/18 16:10,27.77,32.92,32.64,32.51,5
20/03/18 16:11,28.06,33.13,32.85,32.55,5
20/03/18 16:12,27.96,32.66,32.43,32.37,5
20/03/18 16:13,27.95,33.03,32.9,32.49,5
20/03/18 16:14,27.34,33.01,32.68,32.44,5
20/03/18 16:15,26.66,32.71,32.4,32.41,5
20/03/18 16:16,26.08,33.01,32.64,32.37,5
20/03/18 16:17,25.38,32.95,32.74,32.39,5
20/03/18 16:18,25.45,33.23,32.92,32.54,5
20/03/18 16:19,24.91,32.76,32.63,32.35,5
20/03/18 16:20,24.68,33.11,32.54,32.15,5
20/03/18 16:21,24.05,32.7,32.51,32.16,5
20/03/18 16:22,23.9,32.75,32.41,32.13,5
20/03/18 16:23,23.84,33.04,32.8,32.16,5
20/03/18 16:24,23.99,32.91,32.38,32.08,5
20/03/18 16:25,25.18,32.77,32.58,31.92,5
20/03/18 16:26,25.83,32.86,32.81,32.16,5
20/03/18 16:27,26.1,33.14,32.62,32.3,5
20/03/18 16:28,26.25,32.8,32.88,32.36,5
20/03/18 16:29,26.58,33.3,33.05,32.43,5
20/03/18 16:30,27.04,32.7,32.86,32.46,5
20/03/18 16:31,27.06,33.17,32.91,32.54,5
20/03/18 16:32,27.26,32.76,32.67,32.55,5
20/03/18 16:33,27.89,32.75,32.55,32.48,5
20/03/18 16:34,27.76,33.13,32.53,32.49,5
20/03/18 16:35,27.83,33.05,32.52,32.5,5
20/03/18 16:36,27.97,32.75,32.84,32.41,5
20/03/18 16:37,28.39,33.17,32.92,32.7,5
20/03/18 16:38,28.05,32.96,32.57,32.79,5
20/03/18 16:39,28.59,32.96,32.63,32.59,5
20/03/18 16:40,28.46,32.9,32.51,32.52,5
20/03/18 16:41,28.8,32.5,32.43,32.59,5
20/03/18 16:42,28.81,32.46,32.46,32.36,5
20/03/18 16:43,28.67,32.53,32.48,32.47,5
20/03/18 16:44,28.79,32.49,32.14,32.6,5
20/03/18 16:45,28.82,32.45,32.3,32.38,5
20/03/18 16:46,28.74,32.78,31.95,32.26,5
20/03/18 16:47,29,32.27,32.36,32.38,5
20/03/18 16:48,29,32.62,32.36,32.72,5
20/03/18 16:49,28.26,32.92,32.35,32.45,5
20/03/18 16:50,27.33,32.53,32.38,32.38,5
20/03/18 16:51,26.94,32.93,32.6,32.39,5
20/03/18 16:52,26.52,32.9,32.87,32.43,5
20/03/18 16:53,25.9,33.14,32.6,32.3,5
20/03/18 16:54,25.44,33.1,32.52,32.29,5
20/03/18 16:55,25.27,32.24,32.38,32.21,5
20/03/18 16:56,24.64,32.98,32.54,32.09,5
20/03/18 16:57,24.25,32.7,32.3,32.23,5
20/03/18 16:58,24.03,33.07,32.58,32.01,5
20/03/18 16:59,23.84,32.69,32.41,32.03,5
20/03/18 17:00,23.61,32.87,32.59,31.98,5
20/03/18 17:01,25.05,32.4,32.39,32.24,5
20/03/18 17:02,25.73,32.6,32.42,32.09,5
20/03/18 17:03,26.04,32.29,32.38,32.24,5
20/03/18 17:04,26.41,32.72,32.54,32.18,5
20/03/18 17:05,26.53,32.78,32.5,32.16,5
20/03/18 17:06,27.07,33.12,32.41,32.25,5
20/03/18 17:07,27.16,32.89,32.57,32.3,5
20/03/18 17:08,27.4,32.77,32.53,32.35,5
20/03/18 17:09,27.61,32.83,32.58,32.31,5
20/03/18 17:10,27.71,32.74,32.81,32.41,5
20/03/18 17:11,28.12,32.56,32.75,32.62,5
20/03/18 17:12,27.88,32.76,32.5,32.4,5
20/03/18 17:13,28.11,32.52,32.74,32.55,5
20/03/18 17:14,28.06,33.16,32.63,32.6,5
20/03/18 17:15,28.27,32.69,32.44,32.4,5
20/03/18 17:16,28.63,32.55,32.4,32.69,5
20/03/18 17:17,28.74,32.71,32.49,32.4,5
20/03/18 17:18,28.42,32.72,32.82,32.66,5
20/03/18 17:19,28.49,33.34,32.75,32.61,5
20/03/18 17:20,28.63,32.81,32.34,32.63,5
20/03/18 17:21,28.68,33.2,32.47,32.61,5
20/03/18 17:22,28.67,32.59,32.38,32.62,5
20/03/18 17:23,27.69,32.62,32.36,32.3,5
20/03/18 17:24,26.78,32.38,32.36,32.46,5
20/03/18 17:25,26.05,32.56,32.22,32.21,5
20/03/18 17:26,25.92,32.38,32.13,32.16,5
20/03/18 17:27,25.38,32.71,32.28,32.16,5
20/03/18 17:28,25.13,32.73,32.28,32.1,5
20/03/18 17:29,24.65,32.64,32.09,32.03,5
20/03/18 17:30,24.67,32.35,32.12,31.98,5
20/03/18 17:31,24.08,32.33,32.04,31.79,5
20/03/18 17:32,23.76,32.65,32.27,31.68,5
20/03/18 17:33,24.57,32.79,32.48,31.86,5
20/03/18 17:34,25.29,32.52,32.59,31.92,5
20/03/18 17:35,25.88,32.65,32.17,31.88,5
20/03/18 17:36,26.26,32.31,32.11,32.05,5
20/03/18 17:37,26.65,32.55,32.43,32.01,5
20/03/18 17:38,26.7,32.04,32.1,31.86,5
20/03/18 17:39,27,31.46,31.83,29.59,1
20/03/18 17:40,26.84,31,31.96,29.69,1
20/03/18 17:41,26.96,31.06,31.87,29.59,1
20/03/18 17:42,26.99,31.63,31.75,29.52,1
20/03/18 17:43,26.83,31.11,32.02,29.51,1
20/03/18 17:44,26.98,31.44,32.09,29.53,1
20/03/18 17:45,27.07,31.29,31.82,29.44,1
20/03/18 17:46,26.73,30.84,31.54,29.48,1
20/03/18 17:47,26.75,31.19,31.71,29.47,1
20/03/18 17:48,26.7,31.16,32.11,29.45,1
20/03/18 17:49,27.29,31.13,31.86,29.43,1
20/03/18 17:50,26.12,31.07,32,29.39,1
20/03/18 17:51,26.63,30.82,31.84,29.42,1
20/03/18 17:52,26.5,31.18,31.7,29.44,1
20/03/18 17:53,26.71,31.54,31.65,29.34,1
20/03/18 17:54,26.88,31.15,31.84,29.51,1
20/03/18 17:55,26.75,31.21,31.52,29.32,1
20/03/18 17:56,26.59,31.21,31.49,29.13,1
20/03/18 17:57,26.67,31.55,31.3,29.23,1
20/03/18 17:58,26.47,31.35,31.89,29.26,1
20/03/18 17:59,26.51,30.94,31.29,29.31,1
20/03/18 18:00,26.28,31.03,31.67,29.27,1
20/03/18 18:01,25.53,30.77,31.22,28.95,1
20/03/18 18:02,25.06,30.41,31.46,28.48,1
20/03/18 18:03,24.38,30.5,31.68,28.09,1
20/03/18 18:04,23.3,30.09,31.42,27.79,1
20/03/18 18:05,22.77,30.13,31.57,27.29,1
20/03/18 18:06,22.21,29.9,31.35,27.11,1
20/03/18 18:07,21.87,29.69,31.19,26.64,1
20/03/18 18:08,21.42,29.58,31.45,26.47,1
20/03/18 18:09,21.31,29.52,31.54,26.39,1
20/03/18 18:10,21.5,29.64,31.31,26.33,1
20/03/18 18:11,21.02,29.27,30.82,26.04,1
20/03/18 18:12,21.2,29.52,31.07,26.08,1
20/03/18 18:13,22.63,29.18,31.17,26.42,1
20/03/18 18:14,23.27,29.18,31.21,26.78,1
20/03/18 18:15,23.77,29.52,31.33,27.11,1
20/03/18 18:16,24.13,29.38,30.95,27.41,1
20/03/18 18:17,24.02,29.77,30.94,27.37,1
20/03/18 18:18,24.69,29.98,30.7,27.47,1
20/03/18 18:19,24.92,29.92,30.71,27.71,1
20/03/18 18:20,24.78,29.38,30.65,28,1
20/03/18 18:21,24.91,29.76,30.68,27.82,1
20/03/18 18:22,25.25,29.82,31.15,27.8,1
20/03/18 18:23,25.27,30.13,30.94,28.12,1
20/03/18 18:24,25.27,30.28,31.05,28.05,1
20/03/18 18:25,25.35,30.22,31.11,28.41,1
20/03/18 18:26,25.63,30.48,31.12,28.43,1
20/03/18 18:27,25.53,30.14,30.9,28.45,1
20/03/18 18:28,25.97,30.18,31.31,28.48,1
20/03/18 18:29,25.73,30.49,30.87,28.53,1
20/03/18 18:30,25.45,30.63,30.8,28.55,1
20/03/18 18:31,25.67,30.2,30.83,28.49,1
20/03/18 18:32,25.51,29.95,30.82,28.49,1
20/03/18 18:33,26,30.26,30.57,28.58,1
20/03/18 18:34,25.84,30.35,30.8,28.65,1
20/03/18 18:35,25.98,30.04,30.89,28.58,1
20/03/18 18:36,25.72,30.23,30.67,28.64,1
20/03/18 18:37,25.87,30.44,30.86,28.73,1
20/03/18 18:38,25.76,30.47,31.1,28.6,1
20/03/18 18:39,25.91,30.78,31.12,28.79,1
20/03/18 18:40,26.18,30.44,30.9,28.75,1
20/03/18 18:41,26.03,30.29,31,28.61,1
20/03/18 18:42,26.15,30.11,30.43,28.74,1
20/03/18 18:43,25.94,30.25,30.95,28.68,1
20/03/18 18:44,26.11,30.46,31.16,28.65,1
20/03/18 18:45,26.29,30.31,31.12,28.88,1
20/03/18 18:46,26.26,30.32,31.05,28.78,1
20/03/18 18:47,26.06,30.47,30.87,28.83,1
20/03/18 18:48,26.01,30.64,30.94,28.81,1
20/03/18 18:49,25.83,30.4,31.28,28.56,1
20/03/18 18:50,24.98,30.03,30.91,28.44,1
20/03/18 18:51,24.18,30.11,30.99,28.1,1
20/03/18 18:52,23.73,29.78,30.91,27.49,1
20/03/18 18:53,23.08,29.81,30.85,27.23,1
20/03/18 18:54,22.82,29.53,31.04,26.9,1
20/03/18 18:55,22.14,29.37,30.87,26.64,1
20/03/18 18:56,22.01,29.26,30.68,26.43,1
20/03/18 18:57,21.35,29.26,31.03,26.12,1
20/03/18 18:58,21.49,29.41,30.9,26.24,1
20/03/18 18:59,21.12,29.19,30.68,26.03,1
20/03/18 19:00,24.45,29.21,30.01,27.07,4
20/03/18 19:01,24.85,29.03,29.61,26.98,4
20/03/18 19:02,24.75,28.75,29.85,27.27,4
20/03/18 19:03,24.73,28.78,29.56,27.32,4
20/03/18 19:04,25.04,28.9,29.57,27.15,4
20/03/18 19:05,25.31,29.13,29.43,27.31,4
20/03/18 19:06,25.02,29.02,29.42,27.3,4
20/03/18 19:07,25.4,29.61,29.44,27.28,4
20/03/18 19:08,25.5,28.63,29.01,27.76,4
20/03/18 19:09,25.78,28.4,29.07,27.71,4
20/03/18 19:10,25.75,28.89,29.23,27.96,4
20/03/18 19:11,25.6,28.69,28.9,27.71,4
20/03/18 19:12,25.65,28.97,29.03,27.68,4
20/03/18 19:13,25.54,28.89,28.77,27.86,4
20/03/18 19:14,25.75,28.69,28.95,27.9,4
20/03/18 19:15,25.54,28.66,28.84,27.93,4
20/03/18 19:16,25.79,28.81,28.73,28.03,4
20/03/18 19:17,25.86,28.28,28.85,28.06,4
20/03/18 19:18,25.8,28.76,28.72,28.1,4
20/03/18 19:19,26.09,28.79,28.8,28.1,4
20/03/18 19:20,25.88,28.34,28.82,28.06,4
20/03/18 19:21,26.11,28.12,28.59,28.32,4
20/03/18 19:22,26.15,29.21,28.84,28.5,4
20/03/18 19:23,26.85,28.78,29.02,28.87,4
20/03/18 19:24,27.19,29.48,29.17,29.06,4
20/03/18 19:25,27.37,29.38,29.33,29.09,4
20/03/18 19:26,27.81,29.73,29.49,29.33,4
20/03/18 19:27,27.98,29.56,29.3,29.3,4
20/03/18 19:28,27.82,29.87,29.59,29.43,4
20/03/18 19:29,28.06,29.96,29.56,29.48,4
20/03/18 19:30,28.41,30,29.97,29.52,4
20/03/18 19:31,27.89,29.84,29.77,29.39,4
20/03/18 19:32,28.79,30.04,29.69,29.71,4
20/03/18 19:33,28.38,29.57,29.39,29.59,4
20/03/18 19:34,28.31,29.18,29.28,29.04,4
20/03/18 19:35,27.86,29.35,29.01,29.13,4
20/03/18 19:36,27.52,28.6,28.64,28.93,4
20/03/18 19:37,27.33,28.66,28.54,28.85,4
20/03/18 19:38,27.58,29.05,28.69,28.94,4
20/03/18 19:39,27.17,28.46,28.52,28.58,4
20/03/18 19:40,27.43,28.95,28.46,28.73,4
20/03/18 19:41,27.02,29.04,28.46,28.7,4
20/03/18 19:42,27.3,28.71,28.48,28.54,4
20/03/18 19:43,26.94,28.12,28.43,28.5,4
20/03/18 19:44,27.16,28.67,28.48,28.95,4
20/03/18 19:45,26.9,28.42,28.34,28.67,4
20/03/18 19:46,26.89,28.66,28.43,28.5,4
20/03/18 19:47,26.82,28.54,28.26,28.83,4
20/03/18 19:48,27.14,28.7,28.47,28.65,4
20/03/18 19:49,27.22,28.48,28.38,28.87,4
20/03/18 19:50,27.12,28.37,28.44,28.75,4
20/03/18 19:51,27.28,28.44,28.51,28.75,4
20/03/18 19:52,27.08,28.21,28.39,28.66,4
20/03/18 19:53,26.73,28.56,28.03,28.6,4
20/03/18 19:54,27.15,28.33,28.23,28.67,4
20/03/18 19:55,27.08,28.21,28.15,28.81,4
20/03/18 19:56,27.07,28.21,28.35,28.67,4
20/03/18 19:57,27.06,27.58,28.05,28.57,4
20/03/18 19:58,27.14,28.2,28.15,28.57,4
20/03/18 19:59,27.08,28.25,28.18,28.82,4
20/03/18 20:00,27.15,28.34,28.11,28.81,4
20/03/18 20:01,27.15,28.16,28.16,28.63,4
20/03/18 20:02,27.19,28.05,28.26,28.69,4
20/03/18 20:03,27.44,28.47,28.24,28.98,4
20/03/18 20:04,27.35,28.48,28.28,28.79,4
20/03/18 20:05,27.31,28.3,28.07,28.75,4
20/03/18 20:06,27.16,27.9,28.13,28.82,4
20/03/18 20:07,27.04,27.92,27.98,28.94,4
20/03/18 20:08,27.05,27.97,28.1,28.51,4
20/03/18 20:09,27.21,27.8,28.14,28.73,4
20/03/18 20:10,27.47,28.16,28.21,29.03,4
20/03/18 20:11,27.59,28.57,28.24,29.44,4
20/03/18 20:12,28.44,28.73,28.6,29.73,4
20/03/18 20:13,28.95,29.07,28.61,30.04,4
20/03/18 20:14,28.92,28.99,28.93,30.22,4
20/03/18 20:15,29.03,29.23,28.83,30.43,4
20/03/18 20:16,29.09,29.12,28.7,30.54,4
20/03/18 20:17,29.32,29.2,28.85,30.46,4
20/03/18 20:18,29.26,29.29,29.06,30.39,4
20/03/18 20:19,29.02,29.28,28.94,30.39,4
20/03/18 20:20,29.12,29.5,28.98,30.21,4
20/03/18 20:21,29.28,29.34,29.24,30.21,4
20/03/18 20:22,29.05,28.45,28.73,30.03,4
20/03/18 20:23,28.55,28.67,28.47,29.81,4
20/03/18 20:24,28.29,28.61,28.4,29.69,4
20/03/18 20:25,27.85,28.71,28.12,29.53,4
21/03/18 03:40,25.41,25.72,25.52,25.63,6
21/03/18 03:41,25.42,25.72,25.54,25.64,6
21/03/18 03:42,25.41,25.71,25.54,25.63,6
21/03/18 03:43,25.41,25.7,25.54,25.64,6
21/03/18 03:44,25.41,25.71,25.57,25.65,6
21/03/18 03:45,25.41,25.72,25.56,25.65,6
21/03/18 03:46,25.41,25.7,25.52,25.65,6
21/03/18 03:47,25.41,25.68,25.51,25.62,6
21/03/18 03:48,25.39,25.69,25.53,25.61,6
21/03/18 03:49,25.39,25.68,25.53,25.61,6
21/03/18 03:50,25.4,25.7,25.57,25.62,6
21/03/18 03:51,25.41,25.71,25.54,25.62,6
21/03/18 03:52,25.41,25.71,25.55,25.62,6
21/03/18 03:53,25.42,25.71,25.56,25.62,6
21/03/18 03:54,25.4,25.69,25.54,25.63,6
21/03/18 03:55,25.4,25.7,25.53,25.61,6
21/03/18 03:56,25.4,25.68,25.55,25.61,6
21/03/18 03:57,25.4,25.7,25.56,25.61,6
21/03/18 03:58,25.4,25.7,25.58,25.61,6
21/03/18 03:59,25.43,25.72,25.59,25.62,6
21/03/18 04:00,25.42,25.73,25.59,25.63,6
21/03/18 04:01,25.42,25.72,25.58,25.62,6
21/03/18 04:02,25.4,25.7,25.57,25.62,6
21/03/18 04:03,25.41,25.7,25.57,25.64,6
21/03/18 04:04,25.39,25.7,25.57,25.6,6
21/03/18 04:05,25.41,25.69,25.58,25.6,6
21/03/18 04:06,25.4,25.73,25.59,25.61,6
21/03/18 04:07,25.41,25.73,25.6,25.62,6
21/03/18 04:08,25.44,25.74,25.62,25.63,6
21/03/18 04:09,25.4,25.74,25.59,25.64,6
21/03/18 04:10,25.46,25.75,25.59,25.64,6
21/03/18 04:11,25.42,25.72,25.59,25.63,6
21/03/18 04:12,25.42,25.72,25.58,25.62,6
21/03/18 04:13,25.43,25.72,25.59,25.63,6
21/03/18 04:14,25.46,25.73,25.6,25.64,6
21/03/18 04:15,25.43,25.74,25.59,25.64,6
21/03/18 04:16,25.44,25.74,25.61,25.64,6
21/03/18 04:17,25.45,25.75,25.57,25.64,6
21/03/18 04:18,25.46,25.74,25.57,25.64,6
21/03/18 04:19,25.41,25.74,25.54,25.63,6
21/03/18 04:20,25.42,25.71,25.55,25.64,6
21/03/18 04:21,25.43,25.73,25.56,25.64,6
21/03/18 04:22,25.43,25.73,25.56,25.62,6
21/03/18 04:23,25.43,25.73,25.58,25.64,6
21/03/18 04:24,25.41,25.73,25.57,25.65,6
21/03/18 04:25,25.43,25.74,25.56,25.64,6
21/03/18 04:26,25.43,25.75,25.52,25.62,6
21/03/18 04:27,25.41,25.71,25.51,25.63,6
21/03/18 04:28,25.45,25.71,25.52,25.62,6
21/03/18 04:29,25.41,25.7,25.51,25.63,6
21/03/18 04:30,25.44,25.7,25.53,25.63,6
21/03/18 04:31,25.43,25.72,25.53,25.63,6
21/03/18 04:32,25.43,25.7,25.51,25.65,6
21/03/18 04:33,25.42,25.7,25.49,25.64,6
21/03/18 04:34,25.43,25.67,25.46,25.63,6
21/03/18 04:35,25.42,25.67,25.46,25.64,6
21/03/18 04:36,25.42,25.68,25.47,25.62,6
21/03/18 04:37,25.43,25.68,25.49,25.65,6
21/03/18 04:38,25.43,25.7,25.5,25.62,6
21/03/18 04:39,25.43,25.7,25.49,25.63,6
21/03/18 04:40,25.42,25.69,25.49,25.64,6
21/03/18 04:41,25.43,25.68,25.49,25.62,6
21/03/18 04:42,25.42,25.66,25.48,25.64,6
21/03/18 04:43,25.41,25.67,25.47,25.62,6
21/03/18 04:44,25.4,25.66,25.48,25.63,6
21/03/18 04:45,25.43,25.68,25.5,25.65,6
21/03/18 04:46,25.44,25.68,25.47,25.62,6
21/03/18 04:47,25.44,25.67,25.45,25.64,6
21/03/18 04:48,25.43,25.67,25.43,25.63,6
21/03/18 04:49,25.43,25.68,25.41,25.65,6
21/03/18 04:50,25.41,25.64,25.41,25.63,6
21/03/18 04:51,25.43,25.65,25.43,25.63,6
21/03/18 04:52,25.41,25.64,25.44,25.63,6
21/03/18 04:53,25.42,25.65,25.47,25.64,6
21/03/18 04:54,25.44,25.66,25.48,25.64,6
21/03/18 04:55,25.43,25.67,25.48,25.64,6
21/03/18 04:56,25.43,25.65,25.47,25.64,6
21/03/18 04:57,25.44,25.64,25.45,25.63,6
21/03/18 04:58,25.43,25.62,25.45,25.62,6
21/03/18 04:59,25.41,25.64,25.46,25.63,6
21/03/18 05:00,25.44,25.63,25.47,25.63,6
21/03/18 05:01,25.42,25.64,25.49,25.64,6
21/03/18 05:02,25.44,25.65,25.5,25.65,6
21/03/18 05:03,25.43,25.66,25.5,25.63,6
21/03/18 05:04,25.44,25.65,25.49,25.63,6
21/03/18 05:05,25.42,25.65,25.48,25.66,6
21/03/18 05:06,25.42,25.64,25.47,25.64,6
21/03/18 05:07,25.43,25.65,25.5,25.64,6
21/03/18 05:08,25.42,25.65,25.5,25.63,6
21/03/18 05:09,25.44,25.65,25.52,25.64,6
21/03/18 05:10,25.43,25.66,25.53,25.64,6
21/03/18 05:11,25.45,25.67,25.53,25.65,6
21/03/18 05:12,25.43,25.66,25.52,25.65,6
21/03/18 05:13,25.43,25.65,25.5,25.65,6
21/03/18 05:14,25.42,25.64,25.5,25.64,6
21/03/18 05:15,25.39,25.64,25.51,25.64,6
21/03/18 05:16,25.41,25.65,25.52,25.64,6
21/03/18 05:17,25.42,25.66,25.54,25.63,6
21/03/18 05:18,25.41,25.68,25.55,25.64,6
21/03/18 05:19,25.44,25.68,25.53,25.64,6
21/03/18 05:20,25.41,25.68,25.52,25.62,6
21/03/18 05:21,25.42,25.66,25.5,25.64,6
21/03/18 05:22,25.4,25.68,25.49,25.61,6
21/03/18 05:23,25.4,25.65,25.5,25.61,6
21/03/18 05:24,25.4,25.65,25.51,25.62,6
21/03/18 05:25,25.42,25.66,25.52,25.63,6
21/03/18 05:26,25.41,25.66,25.53,25.64,6
21/03/18 05:27,25.41,25.67,25.52,25.62,6
21/03/18 05:28,25.41,25.65,25.5,25.61,6
21/03/18 05:29,25.39,25.63,25.48,25.61,6
21/03/18 05:30,25.38,25.64,25.46,25.6,6
21/03/18 05:31,25.37,25.66,25.49,25.6,6
21/03/18 05:32,25.4,25.64,25.49,25.61,6
21/03/18 05:33,25.39,25.66,25.48,25.59,6
21/03/18 05:34,25.39,25.65,25.48,25.6,6
21/03/18 05:35,25.37,25.62,25.43,25.59,6
21/03/18 05:36,25.39,25.61,25.43,25.6,6
21/03/18 10:32,24.57,28.48,29.82,27.03,1
21/03/18 10:33,24.28,28.28,29.71,26.85,1
21/03/18 10:34,23.71,28.82,29.95,26.78,1
21/03/18 10:35,23.35,28.59,30.35,26.69,1
21/03/18 10:36,23.45,29.13,30.05,26.45,1
21/03/18 10:37,22.69,28.57,30.15,26.39,1
21/03/18 10:38,22.58,28.61,30.2,26.31,1
21/03/18 10:39,22.57,29.08,30.02,26.06,1
21/03/18 10:40,22.38,28.61,30.3,26.32,1
21/03/18 10:41,22.24,28.7,30.15,25.86,1
21/03/18 10:42,22.09,28.79,30.24,26.07,1
21/03/18 10:43,22.12,28.79,30.61,26.1,1
21/03/18 10:44,21.98,29.32,30.58,26,1
21/03/18 10:45,21.7,28.78,30.53,26.03,1
21/03/18 10:46,21.88,29.14,30.88,26.14,1
21/03/18 10:47,21.82,28.97,31.02,26.26,1
21/03/18 10:48,22.11,29.34,30.95,26.18,1
21/03/18 10:49,21.94,28.87,30.96,26.12,1
21/03/18 10:50,21.93,29.44,31.14,26.13,1
21/03/18 10:51,22.03,28.9,30.27,25.99,1
21/03/18 10:52,21.55,29,30.43,25.77,1
21/03/18 10:53,21.61,28.74,30.3,25.81,1
21/03/18 10:54,21.39,28.84,30.57,25.9,1
21/03/18 10:55,21.6,29.17,30.67,25.93,1
21/03/18 10:56,21.48,28.77,30.39,25.8,1
21/03/18 10:57,21.31,28.91,30.4,25.85,1
21/03/18 10:58,22.01,28.79,30.46,26.05,1
21/03/18 10:59,22.21,28.94,30.67,26.11,1
21/03/18 11:00,21.71,28.97,30.85,26.07,1
21/03/18 11:01,21.68,29.71,31.12,26.11,1
21/03/18 11:02,21.66,29.22,31.18,25.9,1
21/03/18 11:03,21.84,29.26,31.29,26.18,1
21/03/18 11:04,21.61,29.04,30.89,26.04,1
21/03/18 11:05,21.46,29.37,31.26,26.12,1
21/03/18 11:06,21.71,29.23,31.08,25.86,1
21/03/18 11:07,21.68,29.26,31.45,26.27,1
21/03/18 11:08,21.76,29.34,31.02,25.96,1
21/03/18 11:09,21.8,29.24,30.88,26.21,1
21/03/18 11:10,21.93,29.34,30.98,26.1,1
21/03/18 11:11,21.84,29.66,31.11,26.2,1
21/03/18 11:12,21.96,29.29,30.92,26.26,1
21/03/18 11:13,21.56,29.28,31.2,26.23,1
21/03/18 11:14,21.76,29.46,31.41,26.03,1
21/03/18 11:15,21.39,29.66,31.81,26.08,1
21/03/18 11:25,22.07,25.89,31.89,25.63,3
21/03/18 11:26,21.86,26.11,32.04,25.99,3
21/03/18 11:27,22.03,25.67,31.69,25.81,3
21/03/18 11:28,22.1,25.91,31.67,25.65,3
21/03/18 11:29,22.4,25.16,31.69,25.66,3
21/03/18 11:30,22.16,25.54,31.81,25.81,3
21/03/18 11:31,22.66,25.86,31.89,25.53,3
21/03/18 11:32,23.04,25.47,32.21,25.66,3
21/03/18 11:33,23.08,25.87,31.37,25.8,3
21/03/18 11:34,23.05,25.92,31.57,25.62,3
21/03/18 11:35,23.06,26.18,31.26,25.67,3
21/03/18 11:36,23.34,26.11,31.25,25.72,3
21/03/18 11:37,23.53,26.23,31.31,25.48,3
21/03/18 11:38,23.61,26.24,31.5,25.49,3
21/03/18 11:39,23.76,26.25,31.16,25.61,3
21/03/18 11:40,23.62,26.43,31.2,25.69,3
21/03/18 11:41,23.36,26.08,31.63,25.72,3
21/03/18 11:42,23.38,26.34,31.71,25.75,3
21/03/18 11:43,23.12,26.58,31.73,25.63,3
21/03/18 11:44,23.05,26.25,31.91,25.54,3
21/03/18 11:45,22.8,26.42,32.2,25.52,3
21/03/18 11:46,22.55,26.52,32.17,25.62,3
21/03/18 11:47,22.17,26.1,31.72,25.65,3
21/03/18 11:48,21.92,26.14,31.95,25.62,3
21/03/18 11:49,21.68,26.03,31.92,25.61,3
21/03/18 11:50,22.08,26.26,31.58,25.62,3
21/03/18 11:51,21.78,26.18,31.62,25.64,3
21/03/18 11:52,21.96,26.15,31.88,25.44,3
21/03/18 11:53,22.03,25.66,32,25.39,3
21/03/18 11:54,22.19,25.74,32.04,25.65,3
21/03/18 11:55,22.53,25.55,32.05,25.67,3
21/03/18 11:56,22.88,25.6,32.33,25.65,3
21/03/18 11:57,23.05,25.46,32.26,25.53,3
21/03/18 11:58,22.88,26.09,32.3,25.7,3
21/03/18 11:59,23.06,26.12,32.16,25.53,3
21/03/18 12:00,23.7,25.95,32.31,25.6,3
21/03/18 12:01,23.65,26.29,32.38,25.52,3
21/03/18 12:02,23.6,26.26,32.52,25.5,3
21/03/18 12:03,23.68,26.34,32.35,25.62,3
21/03/18 12:04,23.68,26.56,32.6,25.66,3
21/03/18 12:05,23.6,26.48,32.55,25.76,3
21/03/18 12:06,23.2,26.38,32.24,25.6,3
21/03/18 12:07,23.92,26.53,32.24,25.69,3
21/03/18 12:08,23.96,26.39,32.3,25.68,3
21/03/18 12:09,23.68,26.71,32.09,25.72,3
21/03/18 12:10,23.58,26.65,32,25.64,3
21/03/18 12:11,23.06,27.18,32.29,25.76,3
21/03/18 12:12,22.83,26.4,32.83,25.54,3
21/03/18 12:13,22.59,26.4,32.68,25.62,3
21/03/18 12:14,21.98,26.51,32.93,25.6,3
21/03/18 12:15,21.76,26.29,32.67,25.46,3
21/03/18 12:16,21.63,26.03,33.02,25.6,3
21/03/18 12:17,21.64,26.15,32.84,25.61,3
21/03/18 12:18,21.62,26.32,32.94,25.59,3
21/03/18 12:19,22.04,26.13,32.41,25.66,3
21/03/18 12:20,21.74,26.05,32.64,25.45,3
21/03/18 12:21,22.19,25.33,33.29,25.7,3
21/03/18 12:22,22.41,25.29,33.46,25.7,3
21/03/18 12:23,22.48,25.5,33.33,25.7,3
21/03/18 12:24,22.81,26,33.11,25.57,3
21/03/18 12:25,22.97,25.7,33.09,25.64,3
21/03/18 12:26,23.26,25.9,33.41,25.46,3
21/03/18 12:27,23.05,26.01,32.79,25.62,3
21/03/18 12:28,23.79,26.23,32.92,25.64,3
21/03/18 12:29,23.41,26.46,32.54,25.68,3
21/03/18 12:30,23.46,26.41,32.5,25.46,3
21/03/18 12:31,23.3,26.18,32.63,25.76,3
21/03/18 12:32,23.56,26.72,32.71,25.57,3
21/03/18 12:33,23.86,26.02,32.59,25.64,3
21/03/18 12:34,23.59,26.65,32.73,25.63,3
21/03/18 12:35,23.53,26.84,32.73,25.61,3
21/03/18 12:36,23.74,26.45,32.08,25.55,3
21/03/18 12:37,23.61,26.56,32.12,25.61,3
21/03/18 12:38,23.81,26.73,32.25,25.73,3
21/03/18 12:39,23.75,26.26,32.21,25.57,3
21/03/18 12:40,23.78,26.38,32.2,25.56,3
21/03/18 12:41,23.83,26.49,32.16,25.53,3
21/03/18 12:42,23.9,26.53,32.1,25.55,3
21/03/18 12:43,23.89,26.62,31.96,25.72,3
21/03/18 12:44,23.77,26.44,32.23,25.67,3
21/03/18 12:45,23.47,26.77,32.04,25.64,3
21/03/18 12:46,23.04,26.78,32.12,25.57,3
21/03/18 12:47,22.89,26.71,31.92,25.64,3
21/03/18 12:48,22.48,26.22,31.95,25.52,3
21/03/18 12:49,22.42,26.23,32.01,25.59,3
21/03/18 12:50,22.04,26.07,32.34,25.5,3
21/03/18 12:51,22.05,26.1,32.45,25.57,3
21/03/18 12:52,22.09,26.43,32.38,25.51,3
21/03/18 12:53,21.58,26.13,32.59,25.45,3
21/03/18 12:54,22.08,26.24,32.78,25.48,3
21/03/18 12:55,21.93,25.83,32.39,25.45,3
21/03/18 12:56,22.37,26.09,32.83,25.78,3
21/03/18 12:57,22.57,25.44,32.84,25.58,3
21/03/18 12:58,22.5,26.12,32.95,25.72,3
21/03/18 12:59,23.05,25.91,33.09,25.39,3
21/03/18 13:00,23.16,26.13,33.14,25.75,3
21/03/18 13:01,23.39,26.29,33.08,25.61,3
21/03/18 13:02,23.41,26.36,33.07,25.73,3
21/03/18 13:03,23.8,26.12,33.05,25.73,3
21/03/18 13:04,23.51,26.49,32.91,25.62,3
21/03/18 13:05,23.33,26.31,32.87,25.7,3
21/03/18 13:06,23.67,26.54,33.03,25.57,3
21/03/18 13:07,23.38,26.83,33.29,25.68,3
21/03/18 13:08,23.73,26.38,33.05,25.67,3
21/03/18 13:09,23.65,26.62,33.12,25.67,3
21/03/18 13:10,23.94,26.71,32.98,25.62,3
21/03/18 13:11,23.86,26.51,33.03,25.7,3
21/03/18 13:12,23.86,26.94,33.21,25.69,3
21/03/18 13:13,23.85,26.48,33.04,25.67,3
21/03/18 13:14,23.84,26.89,32.94,25.57,3
21/03/18 13:15,24.06,26.8,33.43,25.61,3
21/03/18 13:25,21.79,30.71,33.18,26.65,1
21/03/18 13:26,21.41,30.57,33.17,26.57,1
21/03/18 13:27,21.37,30.9,33.45,26.44,1
21/03/18 13:28,21.26,30.61,33.04,26.54,1
21/03/18 13:29,21.5,30.77,33.08,26.43,1
21/03/18 13:30,21.46,30.78,32.87,26.43,1
21/03/18 13:31,23.19,30.63,33.26,27.16,1
21/03/18 13:32,23.52,30.73,32.75,27.46,1
21/03/18 13:33,24.02,31.32,33.04,27.84,1
21/03/18 13:34,24.46,30.99,33.41,27.94,1
21/03/18 13:35,24.98,31.25,33.39,28.09,1
21/03/18 13:36,24.65,31.14,33.22,28.29,1
21/03/18 13:37,24.87,31.82,33.38,28.49,1
21/03/18 13:38,24.89,31.64,33,28.73,1
21/03/18 13:39,25.5,32.02,33.27,28.81,1
21/03/18 13:40,25.58,31.92,33.29,28.85,1
21/03/18 13:41,25.78,31.07,32.9,28.89,1
21/03/18 13:42,25.64,31.77,32.86,29.08,1
21/03/18 13:43,25.56,31.88,33.29,29.32,1
21/03/18 13:44,25.86,32.1,33.75,29.14,1
21/03/18 13:45,26.09,31.89,33.58,29.34,1
21/03/18 13:46,25.85,31.77,33.41,29.64,1
21/03/18 13:47,26.41,31.77,33.42,29.27,1
21/03/18 13:48,26.38,32.06,33.3,29.4,1
21/03/18 13:49,26.37,31.61,33.43,29.24,1
21/03/18 13:50,26.3,32.31,33.74,29.4,1
21/03/18 13:51,25.99,32.2,34.24,29.84,1
21/03/18 13:52,26.41,32.74,33.51,29.73,1
21/03/18 13:53,26.53,31.63,33.31,29.78,1
21/03/18 13:54,26.49,32.53,33.77,29.63,1
21/03/18 13:55,26.52,32.08,33.9,30.01,1
21/03/18 13:56,26.45,32.48,33.73,29.83,1
21/03/18 13:57,26.91,32.08,33.88,29.88,1
21/03/18 13:58,26.94,31.96,33.96,29.81,1
21/03/18 13:59,26.64,32.52,33.7,29.74,1
21/03/18 14:05,24.7,33.68,33.61,32.63,5
21/03/18 14:06,24.75,34.27,33.78,32.98,5
21/03/18 14:07,24.4,34.42,33.88,33.05,5
21/03/18 14:08,23.78,33.93,33.84,33.14,5
21/03/18 14:09,23.66,33.84,33.28,32.66,5
21/03/18 14:10,23.59,33.7,33.38,32.59,5
21/03/18 14:11,23.51,33.52,33.62,32.85,5
21/03/18 14:12,23.06,33.46,33.43,32.47,5
21/03/18 14:13,23.23,33.93,33.55,32.61,5
21/03/18 14:14,24.57,33.69,33.36,32.7,5
21/03/18 14:15,25.51,33.93,33.63,32.89,5
21/03/18 14:16,25.79,33.4,33.68,32.88,5
21/03/18 14:17,26.31,33.58,33.66,33.01,5
21/03/18 14:18,26.69,34.01,33.58,32.9,5
21/03/18 14:19,26.93,33.66,33.66,32.93,5
21/03/18 14:20,27.27,33.61,33.79,32.93,5
21/03/18 14:21,27.28,33.85,34.12,33.27,5
21/03/18 14:22,27.6,33.84,33.73,33.23,5
21/03/18 14:23,27.61,34.12,33.6,33.31,5
21/03/18 14:24,27.84,33.82,33.78,33.41,5
21/03/18 14:25,28.14,33.84,33.81,33.3,5
21/03/18 14:26,28.46,33.64,33.4,33.36,5
21/03/18 14:27,28.73,34.08,33.73,33.32,5
21/03/18 14:28,28.6,34.12,33.9,33.46,5
21/03/18 14:29,29.15,33.48,33.58,33.3,5
21/03/18 14:30,28.81,33.68,33.71,33.31,5
21/03/18 14:31,28.94,33.49,33.19,33.26,5
21/03/18 14:32,29.29,33.6,33.03,33.27,5
21/03/18 14:33,29.28,33.36,33.14,33.31,5
21/03/18 14:34,29.1,33.22,33.38,33.33,5
21/03/18 14:35,29.15,33.59,33.02,33.07,5
21/03/18 14:36,28.2,33.24,33.28,33.09,5
21/03/18 14:37,27.16,33.51,32.87,32.99,5
21/03/18 14:38,26.63,33.54,33.26,32.94,5
21/03/18 14:39,26.2,33.64,33.23,32.95,5
21/03/18 14:40,25.92,33.35,32.61,32.77,5
21/03/18 14:41,25.35,32.89,32.67,32.54,5
21/03/18 14:42,25.13,33.61,32.79,32.48,5
21/03/18 14:43,24.59,33.23,33.16,32.58,5
21/03/18 14:44,24.21,33.17,32.83,32.51,5
21/03/18 14:45,23.93,33.19,32.89,32.61,5
21/03/18 14:46,23.93,33.31,32.96,32.44,5
21/03/18 14:47,24.83,33.15,33.02,32.63,5
21/03/18 14:48,25.55,33.28,32.9,32.36,5
21/03/18 14:49,26.16,33.23,32.74,32.42,5
21/03/18 14:50,26.41,33.01,32.77,32.44,5
21/03/18 14:51,27.1,33.25,32.78,32.45,5
21/03/18 14:52,27.11,33.01,32.72,32.53,5
21/03/18 14:53,27.21,33.47,32.67,32.46,5
21/03/18 14:54,27.43,32.77,32.66,32.44,5
21/03/18 14:55,27.78,32.87,32.58,32.64,5
21/03/18 14:56,28.2,33.36,32.47,32.62,5
21/03/18 14:57,28.07,32.68,32.73,32.44,5
21/03/18 14:58,28.02,33.26,32.83,32.57,5
21/03/18 14:59,28.35,32.78,32.92,32.55,5
21/03/18 15:00,28.36,33.19,33.01,32.72,5
21/03/18 15:01,28.56,32.98,32.59,32.7,5
21/03/18 15:02,28.58,33.53,33.07,32.89,5
21/03/18 15:03,28.47,33.38,33.01,32.94,5
21/03/18 15:04,29.39,33.72,33.3,32.84,5
21/03/18 15:05,28.44,32.59,33.19,32.92,5
21/03/18 15:06,28.86,33.51,33.21,32.93,5
21/03/18 15:07,28.37,33.33,33.17,32.86,5
21/03/18 15:08,27.25,32.96,33.11,32.78,5
21/03/18 15:09,26.92,33.57,33.08,32.82,5
21/03/18 15:10,26.4,33.3,33.23,32.88,5
21/03/18 15:11,25.62,33.41,33.07,32.63,5
21/03/18 15:12,25.28,33.3,32.95,32.68,5
21/03/18 15:13,24.93,33.32,32.79,32.69,5
21/03/18 15:14,24.39,32.87,32.88,32.44,5
21/03/18 15:15,24.49,33.01,32.72,32.25,5
21/03/18 15:16,23.83,32.75,32.61,32.56,5
21/03/18 15:17,23.41,32.86,32.83,32.06,5
21/03/18 15:18,24.9,32.96,32.55,32.04,5
21/03/18 15:19,25.68,32.96,32.45,32.17,5
21/03/18 15:20,26.11,33.01,32.51,32.21,5
21/03/18 15:21,26.34,32.78,32.75,32.28,5
21/03/18 15:22,26.59,32.94,32.5,32.33,5
21/03/18 15:23,27,32.83,32.81,32.37,5
21/03/18 15:24,27.31,32.93,32.88,32.4,5
21/03/18 15:25,27.05,33,32.7,32.64,5
21/03/18 15:26,27.42,33.26,32.69,32.47,5
21/03/18 15:27,27.85,32.8,32.79,32.41,5
21/03/18 15:28,27.95,33.49,32.91,32.68,5
21/03/18 15:29,28.43,33.37,33.29,32.92,5
21/03/18 15:30,28.09,33.4,33.3,32.98,5
21/03/18 15:31,28.2,33.52,32.94,32.84,5
